snapshot_utc,best_marker,best_group,run_best_metric,status,stage,run_name,checkpoint_step,train_data_scope,evaluation_set,eval_limit,eval_count,eval_total,eval_fraction,eval_seed,eval_batch_size,eval_depth,ivon_posterior_scale,eval_method,train_seed,train_steps,global_batch_size,lr,lr_warmup_steps,schedule_kind,weight_decay,puzzle_emb_lr,puzzle_emb_weight_decay,beta1,ivon_ess,ivon_hess_init,ivon_beta2,ivon_weight_decay,ivon_clip_radius,ivon_hess_approx,ivon_noise_scale,ivon_update_transform,q_loss_weight,act_mode,loss_mode,delay_act_steps,carry_mode,ivon_rescale_lr,ivon_debias,ema,ema_rate,selected_exact_pct,pass_at_10_exact_pct,artifact_path
2026-07-14T11:34:41Z,BEST_SELECTED|BEST_PASS_AT_10,full_train__full_partial__d16__ivon_parameter_sampling,selected|pass_at_10,early_stopped_for_low_ptrm_probability,ivon_goal_peak_full_eval_260714,ess3e7_lr09_post12_r005,30000,full_train,full,,96448,422786,0.228124866954,0,128,16,1,ivon_parameter_sampling,0,50000,768,0.0009,600,post12000_ratio0.05,1,0.0001,1,0.9,30000000,1,0.99,0.0001,0.2,price,0.275,clip,0.35,delayed_fixed_depth,full,2500,persistent,false,true,true,0.999,93.535376576,93.6442435302,/data1/lsj9862/VR/ptrm_public_runs/ivon_goal_peak_full_eval_260714/ess3e7_lr09_post12_r005/step_30000_k10d16_full/early_stop_decision.json
2026-07-14T11:34:41Z,BEST_SELECTED,full_train__subset1000__d16__ivon_parameter_sampling,selected|pass_at_10,completed,ivon_goal_peak_preserve_260713,ess3e7_lr09_post12_r005,30000,full_train,subset,1000,1000,1000,,0,,16,1,ivon_parameter_sampling,0,50000,768,0.0009,600,post12000_ratio0.05,1,0.0001,1,0.9,30000000,1,0.99,0.0001,0.2,price,0.275,clip,0.35,delayed_fixed_depth,full,2500,persistent,false,true,true,0.999,90.4,90.7,/data1/lsj9862/VR/ptrm_public_runs/ivon_goal_peak_preserve_260713/evals/ess3e7_lr09_post12_r005/step_30000/eval.json
2026-07-14T11:34:41Z,BEST_SELECTED|BEST_PASS_AT_10,full_train__subset1000__d16__ivon_antithetic_parameter_sampling,selected|pass_at_10,completed,v10_batch128_mechanism_axis_260701,v10m_delayed_token_q035_n0275,50000,full_train,subset,1000,1000,1000,,0,128,16,1,ivon_antithetic_parameter_sampling,0,50000,128,0.0007,600,,1,0.0001,1,0.9,10000000,1,0.99,0.0001,0.2,price,0.275,,0.35,delayed_fixed_depth,delayed_token_only,2500,persistent,false,true,true,0.999,89.7,90.9,/data1/lsj9862/VR/trm_sudoku_ivon_hpsearch_260619/source_server_autonomous_hp_260630/v13_posterior_density_sampler_260702/v10_step50000_antithetic_k10d16_limit1000.json
2026-07-14T11:34:41Z,BEST_PASS_AT_10,full_train__subset1000__d16__ivon_parameter_sampling,pass_at_10,completed,source_server_v8_gpu5_9_controlled,v8b03_highpass_b128_q030_n025,45000,full_train,subset,1000,1000,1000,,0,128,16,1,ivon_parameter_sampling,0,50000,128,0.0007,600,,1,0.0001,1,0.9,10000000,1,0.99,0.0001,0.2,price,0.25,,0.3,delayed_fixed_depth,full,2500,persistent,false,true,true,0.999,88.8,91.6,/data1/lsj9862/VR/trm_sudoku_ivon_hpsearch_260619/source_server_v8_gpu5_9_260630/phase_b_eval_queue/v8b03_highpass_b128_q030_n025/raw_step_45000_k10d16_limit1000/output.json
2026-07-14T11:34:41Z,BEST_PASS_AT_10,full_train__subset1000__d16__ivon_parameter_sampling,pass_at_10,completed,v6_clean50k_pass10_lift_gen00,v6g00_001_r1_q030_n025_piece_v36v416_lr0p0007_q0p3_n0p25_clip0p2_delayed_fixed_depth_full,45000,full_train,subset,1000,1000,1000,,0,128,16,1,ivon_parameter_sampling,0,50000,128,0.0007,600,piece_v36v416,1,0.0001,1,0.9,10000000,1,0.99,0.0001,0.2,price,0.25,,0.3,delayed_fixed_depth,full,2500,persistent,false,true,true,0.999,88.8,91.6,/data1/lsj9862/VR/trm_sudoku_ivon_hpsearch_260619/v6_clean50k_pass10_lift_260628/gen00_clean50k/quick_eval_limit1000_k10_d16/v6q_006_raw_v6g00_001_r1_q030_n025_piece_v36v416_lr0p0007_q0p3_n0p25_clip0p2_delayed_fixed_depth_full_step45000/output.json
2026-07-14T11:34:41Z,BEST_SELECTED,full_train__subset1000__d32__ivon_compare_selection,selected|pass_at_10,completed,v4_6_formation_window,v4_6_006_resetboth_c02_puzzle05_q035_n02,36000,full_train,subset,1000,1000,1000,,0,128,32,1,ivon_compare_selection,0,37000,128,7e-05,600,cosine_min0p1,1,5e-06,1,0.9,10000000,1,0.99,0.0001,0.2,price,0.2,,0.35,delayed_fixed_depth,full,2500,persistent,false,true,true,0.9995,86.1,87.3,/data1/lsj9862/VR/trm_sudoku_ivon_hpsearch_260619/v4_7_sampling_selection_diagnostic_260626/v4_7_008_v46_best_raw_k10d32_cmp/output.json
2026-07-14T11:34:41Z,BEST_PASS_AT_10,full_train__subset1000__d32__ivon_compare_selection,selected|pass_at_10,completed,v4_5_peak_window_refinement,v4_5_010_q035_n020_h1_c02_cosine_min0p1_lr1_resetdense_h1_clip0p2_ema0p9995_full_noise0p2_ess1e07_q0p35,37000,full_train,subset,1000,1000,1000,,0,128,32,1,ivon_compare_selection,0,37000,128,3.85e-05,600,cosine_min0p1,1,5.5e-06,1,0.9,10000000,1,0.99,0.0001,0.2,price,0.2,,0.35,delayed_fixed_depth,full,2500,persistent,false,true,true,0.9995,85.9,87.5,/data1/lsj9862/VR/trm_sudoku_ivon_hpsearch_260619/v4_7_sampling_selection_diagnostic_260626/v4_7_003_v45_best_raw_k10d32_cmp/output.json
2026-07-14T11:34:41Z,BEST_SELECTED|BEST_PASS_AT_10,full_train__subset1000__d16__ivon_compare_selection,selected|pass_at_10,completed,v4_16_leader_continuation,v4_16_003_keepopt_cos_lr1e5_q035_n020,38500,full_train,subset,1000,1000,1000,,3,64,16,1,ivon_compare_selection,0,40000,128,1e-05,600,cosine_min0p1,1,1.4e-06,1,0.9,10000000,1,0.99,0.0001,0.2,price,0.2,,0.35,normal,full,2500,persistent,false,true,true,0.9995,85.1,86.5,/data1/lsj9862/VR/trm_sudoku_ivon_hpsearch_260619/v4_21_eval_batch_sampling_diagnostic_260627/eval_limit1000_k10_d16/v4_21_v4_16_best_raw_step38500_bs64_seed3/output.json
2026-07-14T11:34:41Z,BEST_PASS_AT_10,full_train__subset1000__d16__ivon_compare_selection,selected|pass_at_10,completed,v4_16_leader_continuation,v4_16_003_keepopt_cos_lr1e5_q035_n020,38500,full_train,subset,1000,1000,1000,,1,16,16,1,ivon_compare_selection,0,40000,128,1e-05,600,cosine_min0p1,1,1.4e-06,1,0.9,10000000,1,0.99,0.0001,0.2,price,0.2,,0.35,normal,full,2500,persistent,false,true,true,0.9995,84.9,86.5,/data1/lsj9862/VR/trm_sudoku_ivon_hpsearch_260619/v4_21_eval_batch_sampling_diagnostic_260627/eval_limit1000_k10_d16/v4_21_v4_16_best_raw_step38500_bs16_seed1/output.json
2026-07-14T11:34:41Z,BEST_SELECTED|BEST_PASS_AT_10,full_train__subset1000__d32__ivon_parameter_sampling,selected|pass_at_10,completed,v3_6_scheduler_tail_isolation,v3_6_002_tail_cosine_min0p1,30000,full_train,subset,1000,1000,1000,,0,128,32,1,ivon_parameter_sampling,0,30000,128,0.0007,600,tail_cosine_min0p1,1,0.0001,1,0.9,10000000,1,0.99,0.0001,0.3,price,0.3,,0.25,delayed_fixed_depth,full,2500,persistent,false,true,false,0.999,82,83.1,/data1/lsj9862/VR/trm_sudoku_ivon_hpsearch_260619/v3_6_kd_bottleneck_eval_260626/eval_limit1000_k10d32/output.json
2026-07-14T11:34:41Z,BEST_SELECTED|BEST_PASS_AT_10,subset_025__subset1000__d16__ivon_parameter_sampling,selected|pass_at_10,completed,v3_4b_act_qhead_isolation_subset025,v3_4b_007_delay_fixed_token2500_delayed_fixed_depth_delayed_token_only_q0p5_delay2500_noise0p3_norescale,4000,subset_025,subset,1000,1000,1000,,0,128,16,1,ivon_parameter_sampling,0,5000,128,0.0007,600,,1,0.0001,1,0.9,10000000,1,0.99,0.0001,0.3,price,0.3,,0.5,delayed_fixed_depth,delayed_token_only,2500,persistent,false,true,false,0.999,8.6,9.9,/data1/lsj9862/VR/trm_sudoku_ivon_hpsearch_260619/v3_4c_peak_grid_eval_260624/quick_eval_limit1000_k10_d16/v3_4c_q047_v3_4b_007_delay_fixed_token2500_delayed_fixed_depth_delayed_token_only_q0p5_delay2500_noise0p3_norescale_step4000/output.json
2026-07-14T11:34:41Z,BEST_SELECTED|BEST_PASS_AT_10,subset_train10p__subset1000__d16__ivon_parameter_sampling,selected|pass_at_10,completed,ivon_goal_proxy_gate_260713,p768_lr09_ess3e7_n025,8000,subset_train10p,subset,1000,1000,1000,,0,,16,1,ivon_parameter_sampling,0,8000,768,0.0009,600,proxy_cosine_0p1,1,0.0001,1,0.9,30000000,1,0.99,0.0001,0.2,price,0.25,clip,0.35,delayed_fixed_depth,full,500,persistent,false,true,true,0.999,79.5,79.7,/data1/lsj9862/VR/ptrm_public_runs/ivon_goal_proxy_gate_260713/evals/p768_lr09_ess3e7_n025/step_8000/eval.json
2026-07-14T11:34:41Z,,full_train__subset1000__d16__ivon_parameter_sampling,selected|pass_at_10,completed,ivon_goal_peak_preserve_260713,ess3e7_lr09_post12_r001,30000,full_train,subset,1000,1000,1000,,0,,16,1,ivon_parameter_sampling,0,50000,768,0.0009,600,post12000_ratio0.01,1,0.0001,1,0.9,30000000,1,0.99,0.0001,0.2,price,0.275,clip,0.35,delayed_fixed_depth,full,2500,persistent,false,true,true,0.999,90.3,90.7,/data1/lsj9862/VR/ptrm_public_runs/ivon_goal_peak_preserve_260713/evals/ess3e7_lr09_post12_r001/step_30000/eval.json
2026-07-14T11:34:41Z,,full_train__subset1000__d16__ivon_parameter_sampling,selected|pass_at_10,completed,v15_exact_lowlevel_hp_260702,v16_r3_v15_00_v10_control_to50k,50000,full_train,subset,1000,1000,1000,,0,128,16,1,ivon_parameter_sampling,0,50000,128,0.0007,600,,1,0.0001,1,0.9,10000000,1,0.99,0.0001,0.2,price,0.275,,0.35,delayed_fixed_depth,delayed_token_only,2500,persistent,false,true,true,0.999,90,90.6,/data1/lsj9862/VR/trm_sudoku_ivon_hpsearch_260619/source_server_autonomous_hp_260630/v17_best50k_k_scaling_260702/eval_queue/v17_v16_r3_v15_00_v10_control_to50k_k10_d16_limit1000/output.json
2026-07-14T11:34:41Z,,full_train__subset1000__d16__ivon_parameter_sampling,selected|pass_at_10,completed,v19_lowlevel_coarse_fill_260702,v19_02_dense_wd_low,50000,full_train,subset,1000,1000,1000,,0,128,16,1,ivon_parameter_sampling,0,50000,128,0.0007,600,,0.3,0.0001,1,0.9,10000000,1,0.99,0.0001,0.2,price,0.275,,0.35,delayed_fixed_depth,delayed_token_only,2500,persistent,false,true,true,0.999,90,90.6,/data1/lsj9862/VR/trm_sudoku_ivon_hpsearch_260619/source_server_autonomous_hp_260630/v19_lowlevel_coarse_fill_260702/eval_queue/v19_02_dense_wd_low/raw_step_50000_k10d16_limit1000/output.json
2026-07-14T11:34:41Z,,full_train__subset1000__d16__ivon_parameter_sampling,selected|pass_at_10,completed,v19_lowlevel_coarse_fill_260702,v19_03_dense_wd_high,50000,full_train,subset,1000,1000,1000,,0,128,16,1,ivon_parameter_sampling,0,50000,128,0.0007,600,,3,0.0001,1,0.9,10000000,1,0.99,0.0001,0.2,price,0.275,,0.35,delayed_fixed_depth,delayed_token_only,2500,persistent,false,true,true,0.999,90,90.6,/data1/lsj9862/VR/trm_sudoku_ivon_hpsearch_260619/source_server_autonomous_hp_260630/v19_lowlevel_coarse_fill_260702/eval_queue/v19_03_dense_wd_high/raw_step_50000_k10d16_limit1000/output.json
2026-07-14T11:34:41Z,,full_train__subset1000__d16__ivon_parameter_sampling,selected|pass_at_10,completed,ivon_goal_peak_preserve_260713,ess3e7_post12_r001,30000,full_train,subset,1000,1000,1000,,0,,16,1,ivon_parameter_sampling,0,50000,768,0.0007,600,post12000_ratio0.01,1,0.0001,1,0.9,30000000,1,0.99,0.0001,0.2,price,0.275,clip,0.35,delayed_fixed_depth,full,2500,persistent,false,true,true,0.999,90,90.2,/data1/lsj9862/VR/ptrm_public_runs/ivon_goal_peak_preserve_260713/evals/ess3e7_post12_r001/step_30000/eval.json
2026-07-14T11:34:41Z,,full_train__subset1000__d16__ivon_parameter_sampling,selected|pass_at_10,completed,source_server_v8_gpu5_9_controlled,v8b01_v6_replicate_b128_q035_n0275,45000,full_train,subset,1000,1000,1000,,0,128,16,1,ivon_parameter_sampling,0,50000,128,0.0007,600,,1,0.0001,1,0.9,10000000,1,0.99,0.0001,0.2,price,0.275,,0.35,delayed_fixed_depth,full,2500,persistent,false,true,true,0.999,89.9,90,/data1/lsj9862/VR/trm_sudoku_ivon_hpsearch_260619/source_server_v8_gpu5_9_260630/phase_b_eval_queue/v8b01_v6_replicate_b128_q035_n0275/raw_step_45000_k10d16_limit1000/output.json
2026-07-14T11:34:41Z,,full_train__subset1000__d16__ivon_parameter_sampling,selected|pass_at_10,completed,source_server_v8_gpu5_9_controlled,v8b01_v6_replicate_b128_q035_n0275,47500,full_train,subset,1000,1000,1000,,0,128,16,1,ivon_parameter_sampling,0,50000,128,0.0007,600,,1,0.0001,1,0.9,10000000,1,0.99,0.0001,0.2,price,0.275,,0.35,delayed_fixed_depth,full,2500,persistent,false,true,true,0.999,89.9,90,/data1/lsj9862/VR/trm_sudoku_ivon_hpsearch_260619/source_server_v8_gpu5_9_260630/phase_b_eval_queue/v8b01_v6_replicate_b128_q035_n0275/raw_step_47500_k10d16_limit1000/output.json
2026-07-14T11:34:41Z,,full_train__subset1000__d16__ivon_parameter_sampling,selected|pass_at_10,completed,v6_clean50k_pass10_lift_gen00,v6g00_004_r4_q035_n0275_piece_v36v416_lr0p0007_q0p35_n0p275_clip0p2_delayed_fixed_depth_full,45000,full_train,subset,1000,1000,1000,,0,128,16,1,ivon_parameter_sampling,0,50000,128,0.0007,600,piece_v36v416,1,0.0001,1,0.9,10000000,1,0.99,0.0001,0.2,price,0.275,,0.35,delayed_fixed_depth,full,2500,persistent,false,true,true,0.999,89.9,90,/data1/lsj9862/VR/trm_sudoku_ivon_hpsearch_260619/source_server_v8_gpu5_9_260630/phase_a_rebaseline/v6_step45000_raw_k10d16_limit1000/output.json
2026-07-14T11:34:41Z,,full_train__subset1000__d16__ivon_parameter_sampling,selected|pass_at_10,completed,ivon_goal_peak_preserve_260713,ess3e7_w1500_post12_r005,30000,full_train,subset,1000,1000,1000,,0,,16,1,ivon_parameter_sampling,0,50000,768,0.0007,1500,post12000_ratio0.05,1,0.0001,1,0.9,30000000,1,0.99,0.0001,0.2,price,0.275,clip,0.35,delayed_fixed_depth,full,2500,persistent,false,true,true,0.999,89.9,89.9,/data1/lsj9862/VR/ptrm_public_runs/ivon_goal_peak_preserve_260713/evals/ess3e7_w1500_post12_r005/step_30000/eval.json
2026-07-14T11:34:41Z,,full_train__subset1000__d16__ivon_parameter_sampling,selected|pass_at_10,completed,ivon_goal_peak_preserve_260713,ess3e7_w1500_post12_r001,30000,full_train,subset,1000,1000,1000,,0,,16,1,ivon_parameter_sampling,0,50000,768,0.0007,1500,post12000_ratio0.01,1,0.0001,1,0.9,30000000,1,0.99,0.0001,0.2,price,0.275,clip,0.35,delayed_fixed_depth,full,2500,persistent,false,true,true,0.999,89.8,89.9,/data1/lsj9862/VR/ptrm_public_runs/ivon_goal_peak_preserve_260713/evals/ess3e7_w1500_post12_r001/step_30000/eval.json
2026-07-14T11:34:41Z,,full_train__subset1000__d16__ivon_parameter_sampling,selected|pass_at_10,completed,ivon_goal_peak_preserve_260713,ess3e7_post12_r005,30000,full_train,subset,1000,1000,1000,,0,,16,1,ivon_parameter_sampling,0,50000,768,0.0007,600,post12000_ratio0.05,1,0.0001,1,0.9,30000000,1,0.99,0.0001,0.2,price,0.275,clip,0.35,delayed_fixed_depth,full,2500,persistent,false,true,true,0.999,89.6,89.9,/data1/lsj9862/VR/ptrm_public_runs/ivon_goal_peak_preserve_260713/evals/ess3e7_post12_r005/step_30000/eval.json
2026-07-14T11:34:41Z,,full_train__subset1000__d16__ivon_parameter_sampling,selected|pass_at_10,completed,v10_batch128_mechanism_axis_260701,v10m_slowtail_q035_n0275,47500,full_train,subset,1000,1000,1000,,0,128,16,1,ivon_parameter_sampling,0,50000,128,0.0007,600,,1,0.0001,1,0.9,10000000,1,0.99,0.0001,0.2,price,0.275,,0.35,delayed_fixed_depth,full,2500,persistent,false,true,true,0.999,89.6,89.8,/data1/lsj9862/VR/trm_sudoku_ivon_hpsearch_260619/source_server_autonomous_hp_260630/v10_batch128_mechanism_axis_260701/eval_queue/v10m_slowtail_q035_n0275/raw_step_47500_k10d16_limit1000/output.json
2026-07-14T11:34:41Z,,full_train__subset1000__d16__ivon_parameter_sampling,selected,completed,source_server_v8_gpu5_9_controlled,v8b03_highpass_b128_q030_n025,42500,full_train,subset,1000,1000,1000,,0,128,16,1,ivon_parameter_sampling,0,50000,128,0.0007,600,,1,0.0001,1,0.9,10000000,1,0.99,0.0001,0.2,price,0.25,,0.3,delayed_fixed_depth,full,2500,persistent,false,true,true,0.999,89.5,90.8,/data1/lsj9862/VR/trm_sudoku_ivon_hpsearch_260619/source_server_v8_gpu5_9_260630/phase_b_eval_queue/v8b03_highpass_b128_q030_n025/raw_step_42500_k10d16_limit1000/output.json
2026-07-14T11:34:41Z,,full_train__subset1000__d16__ivon_parameter_sampling,selected|pass_at_10,completed,v19_lowlevel_coarse_fill_260702,v19_13_decay_late,50000,full_train,subset,1000,1000,1000,,0,128,16,1,ivon_parameter_sampling,0,50000,128,0.0007,600,,1,0.0001,1,0.9,10000000,1,0.99,0.0001,0.2,price,0.275,,0.35,delayed_fixed_depth,delayed_token_only,2500,persistent,false,true,true,0.999,89.2,89.7,/data1/lsj9862/VR/trm_sudoku_ivon_hpsearch_260619/source_server_autonomous_hp_260630/v19_lowlevel_coarse_fill_260702/eval_queue/v19_13_decay_late/raw_step_50000_k10d16_limit1000/output.json
2026-07-14T11:34:41Z,,full_train__subset1000__d16__ivon_parameter_sampling,selected,completed,v6_clean50k_pass10_lift_gen00,v6g00_001_r1_q030_n025_piece_v36v416_lr0p0007_q0p3_n0p25_clip0p2_delayed_fixed_depth_full,40000,full_train,subset,1000,1000,1000,,0,128,16,1,ivon_parameter_sampling,0,50000,128,0.0007,600,piece_v36v416,1,0.0001,1,0.9,10000000,1,0.99,0.0001,0.2,price,0.25,,0.3,delayed_fixed_depth,full,2500,persistent,false,true,true,0.999,88.9,90.1,/data1/lsj9862/VR/trm_sudoku_ivon_hpsearch_260619/v6_clean50k_pass10_lift_260628/gen00_clean50k/quick_eval_limit1000_k10_d16/v6q_005_raw_v6g00_001_r1_q030_n025_piece_v36v416_lr0p0007_q0p3_n0p25_clip0p2_delayed_fixed_depth_full_step40000/output.json
2026-07-14T11:34:41Z,,full_train__subset1000__d16__ivon_parameter_sampling,selected|pass_at_10,completed,source_server_v8_gpu5_9_controlled,v8b04_qonly_b128_q030_n0275,45000,full_train,subset,1000,1000,1000,,0,128,16,1,ivon_parameter_sampling,0,50000,128,0.0007,600,,1,0.0001,1,0.9,10000000,1,0.99,0.0001,0.2,price,0.275,,0.3,delayed_fixed_depth,full,2500,persistent,false,true,true,0.999,88.8,89.2,/data1/lsj9862/VR/trm_sudoku_ivon_hpsearch_260619/source_server_v8_gpu5_9_260630/phase_b_eval_queue/v8b04_qonly_b128_q030_n0275/raw_step_45000_k10d16_limit1000/output.json
2026-07-14T11:34:41Z,,full_train__subset1000__d16__ivon_parameter_sampling,selected|pass_at_10,completed,v10_batch128_mechanism_axis_260701,v10m_delayed_token_q035_n0275,42500,full_train,subset,1000,1000,1000,,0,128,16,1,ivon_parameter_sampling,0,50000,128,0.0007,600,,1,0.0001,1,0.9,10000000,1,0.99,0.0001,0.2,price,0.275,,0.35,delayed_fixed_depth,delayed_token_only,2500,persistent,false,true,true,0.999,88.7,89.4,/data1/lsj9862/VR/trm_sudoku_ivon_hpsearch_260619/source_server_autonomous_hp_260630/v10_batch128_mechanism_axis_260701/eval_queue/v10m_delayed_token_q035_n0275/raw_step_42500_k10d16_limit1000/output.json
2026-07-14T11:34:41Z,,full_train__subset1000__d16__ivon_parameter_sampling,selected,completed,v9_highpass_calibration_axis_260630,v9h_q0325_n025_full,50000,full_train,subset,1000,1000,1000,,0,128,16,1,ivon_parameter_sampling,0,50000,128,0.0007,600,,1,0.0001,1,0.9,10000000,1,0.99,0.0001,0.2,price,0.25,,0.325,delayed_fixed_depth,full,2500,persistent,false,true,true,0.999,88.7,89.1,/data1/lsj9862/VR/trm_sudoku_ivon_hpsearch_260619/source_server_autonomous_hp_260630/v9_highpass_calibration_axis_260630/eval_queue/v9h_q0325_n025_full/raw_final_k10d16_limit1000/output.json
2026-07-14T11:34:41Z,,full_train__subset1000__d16__ivon_parameter_sampling,selected|pass_at_10,completed,v6_clean50k_pass10_lift_gen00,v6g00_003_r3_q035_n0225_piece_v36v416_lr0p0007_q0p35_n0p225_clip0p2_delayed_fixed_depth_full,50000,full_train,subset,1000,1000,1000,,0,128,16,1,ivon_parameter_sampling,0,50000,128,0.0007,600,piece_v36v416,1,0.0001,1,0.9,10000000,1,0.99,0.0001,0.2,price,0.225,,0.35,delayed_fixed_depth,full,2500,persistent,false,true,true,0.999,88.6,89.3,/data1/lsj9862/VR/trm_sudoku_ivon_hpsearch_260619/v6_clean50k_pass10_lift_260628/gen00_clean50k/quick_eval_limit1000_k10_d16/v6q_015_raw_v6g00_003_r3_q035_n0225_piece_v36v416_lr0p0007_q0p35_n0p225_clip0p2_delayed_fixed_depth_full_step50000/output.json
2026-07-14T11:34:41Z,,full_train__subset1000__d16__ivon_parameter_sampling,selected|pass_at_10,completed,v10_batch128_mechanism_axis_260701,v10m_delayed_token_q035_n0275,50000,full_train,subset,1000,1000,1000,,0,128,16,1.1,ivon_parameter_sampling,0,50000,128,0.0007,600,,1,0.0001,1,0.9,10000000,1,0.99,0.0001,0.2,price,0.275,,0.35,delayed_fixed_depth,delayed_token_only,2500,persistent,false,true,true,0.999,88.5,91.2,/data1/lsj9862/VR/trm_sudoku_ivon_hpsearch_260619/source_server_autonomous_hp_260630/v13_posterior_density_sampler_260702/v10_step50000_scale1p10_k10d16_limit1000.json
2026-07-14T11:34:41Z,,full_train__subset1000__d16__ivon_parameter_sampling,selected|pass_at_10,completed,v19_lowlevel_coarse_fill_260702,v19_10_tail_floor_low,50000,full_train,subset,1000,1000,1000,,0,128,16,1,ivon_parameter_sampling,0,50000,128,0.0007,600,,1,0.0001,1,0.9,10000000,1,0.99,0.0001,0.2,price,0.275,,0.35,delayed_fixed_depth,delayed_token_only,2500,persistent,false,true,true,0.999,88.5,89.2,/data1/lsj9862/VR/trm_sudoku_ivon_hpsearch_260619/source_server_autonomous_hp_260630/v19_lowlevel_coarse_fill_260702/eval_queue/v19_10_tail_floor_low/raw_step_50000_k10d16_limit1000/output.json
2026-07-14T11:34:41Z,,full_train__subset1000__d16__ivon_parameter_sampling,selected|pass_at_10,completed,v19_lowlevel_coarse_fill_260702,v19_11_tail_floor_high,50000,full_train,subset,1000,1000,1000,,0,128,16,1,ivon_parameter_sampling,0,50000,128,0.0007,600,,1,0.0001,1,0.9,10000000,1,0.99,0.0001,0.2,price,0.275,,0.35,delayed_fixed_depth,delayed_token_only,2500,persistent,false,true,true,0.999,88.4,89.2,/data1/lsj9862/VR/trm_sudoku_ivon_hpsearch_260619/source_server_autonomous_hp_260630/v19_lowlevel_coarse_fill_260702/eval_queue/v19_11_tail_floor_high/raw_step_50000_k10d16_limit1000/output.json
2026-07-14T11:34:41Z,,full_train__subset1000__d16__ivon_parameter_sampling,pass_at_10,completed,v9_highpass_calibration_axis_260630,v9h_q0325_n025_full,37500,full_train,subset,1000,1000,1000,,0,128,16,1,ivon_parameter_sampling,0,50000,128,0.0007,600,,1,0.0001,1,0.9,10000000,1,0.99,0.0001,0.2,price,0.25,,0.325,delayed_fixed_depth,full,2500,persistent,false,true,true,0.999,88.3,89.5,/data1/lsj9862/VR/trm_sudoku_ivon_hpsearch_260619/source_server_autonomous_hp_260630/v9_highpass_calibration_axis_260630/eval_queue/v9h_q0325_n025_full/raw_step_37500_k10d16_limit1000/output.json
2026-07-14T11:34:41Z,,full_train__subset1000__d16__ivon_parameter_sampling,selected|pass_at_10,completed,v19_lowlevel_coarse_fill_260702,v19_12_decay_early,50000,full_train,subset,1000,1000,1000,,0,128,16,1,ivon_parameter_sampling,0,50000,128,0.0007,600,,1,0.0001,1,0.9,10000000,1,0.99,0.0001,0.2,price,0.275,,0.35,delayed_fixed_depth,delayed_token_only,2500,persistent,false,true,true,0.999,88,88.6,/data1/lsj9862/VR/trm_sudoku_ivon_hpsearch_260619/source_server_autonomous_hp_260630/v19_lowlevel_coarse_fill_260702/eval_queue/v19_12_decay_early/raw_step_50000_k10d16_limit1000/output.json
2026-07-14T11:34:41Z,,full_train__subset1000__d16__ivon_parameter_sampling,selected|pass_at_10,completed,v12_sample_density_axis_260701,v12d_noise030_delayed_token,40000,full_train,subset,1000,1000,1000,,0,128,16,1,ivon_parameter_sampling,0,50000,128,0.0007,600,,1,0.0001,1,0.9,10000000,1,0.99,0.0001,0.2,price,0.3,,0.35,delayed_fixed_depth,delayed_token_only,2500,persistent,false,true,true,0.999,87.7,88.2,/data1/lsj9862/VR/trm_sudoku_ivon_hpsearch_260619/source_server_autonomous_hp_260630/v12_sample_density_axis_260701/eval_queue/v12d_noise030_delayed_token/raw_step_40000_k10d16_limit1000/output.json
2026-07-14T11:34:41Z,,full_train__subset1000__d16__ivon_parameter_sampling,selected|pass_at_10,completed,v6_clean50k_pass10_lift_gen00,v6g00_000_r0_v5best_q035_n025_piece_v36v416_lr0p0007_q0p35_n0p25_clip0p2_delayed_fixed_depth_full,50000,full_train,subset,1000,1000,1000,,0,128,16,1,ivon_parameter_sampling,0,50000,128,0.0007,600,piece_v36v416,1,0.0001,1,0.9,10000000,1,0.99,0.0001,0.2,price,0.25,,0.35,delayed_fixed_depth,full,2500,persistent,false,true,true,0.999,87.6,90.1,/data1/lsj9862/VR/trm_sudoku_ivon_hpsearch_260619/v6_clean50k_pass10_lift_260628/gen00_clean50k/quick_eval_limit1000_k10_d16/v6q_003_raw_v6g00_000_r0_v5best_q035_n025_piece_v36v416_lr0p0007_q0p35_n0p25_clip0p2_delayed_fixed_depth_full_step50000/output.json
2026-07-14T11:34:41Z,,full_train__subset1000__d16__ivon_parameter_sampling,selected|pass_at_10,completed,v9_highpass_calibration_axis_260630,v9h_q035_n025_full,50000,full_train,subset,1000,1000,1000,,0,128,16,1,ivon_parameter_sampling,0,50000,128,0.0007,600,,1,0.0001,1,0.9,10000000,1,0.99,0.0001,0.2,price,0.25,,0.35,delayed_fixed_depth,full,2500,persistent,false,true,true,0.999,87.6,90.1,/data1/lsj9862/VR/trm_sudoku_ivon_hpsearch_260619/source_server_autonomous_hp_260630/v9_highpass_calibration_axis_260630/eval_queue/v9h_q035_n025_full/raw_final_k10d16_limit1000/output.json
2026-07-14T11:34:41Z,,full_train__subset1000__d16__ivon_parameter_sampling,selected|pass_at_10,completed,v10_batch128_mechanism_axis_260701,v10m_normal_full_q035_n0275,45000,full_train,subset,1000,1000,1000,,0,128,16,1,ivon_parameter_sampling,0,50000,128,0.0007,600,,1,0.0001,1,0.9,10000000,1,0.99,0.0001,0.2,price,0.275,,0.35,normal,full,2500,persistent,false,true,true,0.999,87.6,88.3,/data1/lsj9862/VR/trm_sudoku_ivon_hpsearch_260619/source_server_autonomous_hp_260630/v10_batch128_mechanism_axis_260701/eval_queue/v10m_normal_full_q035_n0275/raw_step_45000_k10d16_limit1000/output.json
2026-07-14T11:34:41Z,,full_train__subset1000__d16__ivon_parameter_sampling,selected|pass_at_10,completed,v11_ivon_anchor_axis_260701,v11a_delayed_token_seed1,47500,full_train,subset,1000,1000,1000,,0,128,16,1,ivon_parameter_sampling,1,50000,128,0.0007,600,,1,0.0001,1,0.9,10000000,1,0.99,0.0001,0.2,price,0.275,,0.35,delayed_fixed_depth,delayed_token_only,2500,persistent,false,true,true,0.999,87.5,88.1,/data1/lsj9862/VR/trm_sudoku_ivon_hpsearch_260619/source_server_autonomous_hp_260630/v11_ivon_anchor_axis_260701/eval_queue/v11a_delayed_token_seed1/raw_step_47500_k10d16_limit1000/output.json
2026-07-14T11:34:41Z,,full_train__subset1000__d16__ivon_parameter_sampling,selected|pass_at_10,completed,v6_clean50k_pass10_lift_gen00,v6g00_007_r7_lr0008_late_piece_v36_late_lr0p0008_q0p35_n0p25_clip0p2_delayed_fixed_depth_full,50000,full_train,subset,1000,1000,1000,,0,128,16,1,ivon_parameter_sampling,0,50000,128,0.0008,600,piece_v36_late,1,0.0001,1,0.9,10000000,1,0.99,0.0001,0.2,price,0.25,,0.35,delayed_fixed_depth,full,2500,persistent,false,true,true,0.999,87.4,87.4,/data1/lsj9862/VR/trm_sudoku_ivon_hpsearch_260619/v6_clean50k_pass10_lift_260628/gen00_clean50k/quick_eval_limit1000_k10_d16/v6q_031_raw_v6g00_007_r7_lr0008_late_piece_v36_late_lr0p0008_q0p35_n0p25_clip0p2_delayed_fixed_depth_full_step50000/output.json
2026-07-14T11:34:41Z,,full_train__subset1000__d16__ivon_parameter_sampling,selected|pass_at_10,completed,v19_lowlevel_coarse_fill_260702,v19_15_low_noise_low_q,50000,full_train,subset,1000,1000,1000,,0,128,16,1,ivon_parameter_sampling,0,50000,128,0.0007,600,,1,0.0001,1,0.9,10000000,1,0.99,0.0001,0.2,price,0.225,,0.25,delayed_fixed_depth,delayed_token_only,2500,persistent,false,true,true,0.999,87.2,88.9,/data1/lsj9862/VR/trm_sudoku_ivon_hpsearch_260619/source_server_autonomous_hp_260630/v19_lowlevel_coarse_fill_260702/eval_queue/v19_15_low_noise_low_q/raw_step_50000_k10d16_limit1000/output.json
2026-07-14T11:34:41Z,,full_train__subset1000__d16__ivon_parameter_sampling,selected|pass_at_10,completed,debugged_ivon_scratch_hp_260705,a_warmup_1000,30000,full_train,subset,1000,1000,1000,,0,,16,1,ivon_parameter_sampling,0,50000,128,0.0007,1000,,1,0.0001,1,0.9,10000000,1,0.99,0.0001,0.2,price,0.275,clip,0.35,delayed_fixed_depth,delayed_token_only,2500,persistent,false,true,true,0.999,86.9,87.8,/data1/lsj9862/VR/ptrm_public_runs/debugged_ivon_scratch_hp_260705/evals/a_warmup_1000/step_30000/eval.json
2026-07-14T11:34:41Z,,full_train__subset1000__d16__ivon_parameter_sampling,selected|pass_at_10,completed,ivon_goal_batch128_revival_260713,b128_w1000_oldtail,30000,full_train,subset,1000,1000,1000,,0,,16,1,ivon_parameter_sampling,0,50000,128,0.0007,1000,old_piece_20_30_385,1,0.0001,1,0.9,10000000,1,0.99,0.0001,0.2,price,0.275,clip,0.35,delayed_fixed_depth,delayed_token_only,2500,persistent,false,true,true,0.999,86.9,87.8,/data1/lsj9862/VR/ptrm_public_runs/ivon_goal_batch128_revival_260713/evals/b128_w1000_oldtail/step_30000/eval.json
2026-07-14T11:34:41Z,,full_train__subset1000__d16__ivon_parameter_sampling,selected|pass_at_10,completed,v5_clean50k_gen00,v5g00_000_r0_v35v36_q025_n030_cos_cos50_min0p1_lr0p0007_q0p25_n0p3_clip0p3_delayed_fixed_depth_full,50000,full_train,subset,1000,1000,1000,,0,128,16,1,ivon_parameter_sampling,0,50000,128,0.0007,600,cos50_min0p1,1,0.0001,1,0.9,10000000,1,0.99,0.0001,0.3,price,0.3,,0.25,delayed_fixed_depth,full,2500,persistent,false,true,true,0.999,86.8,87.4,/data1/lsj9862/VR/trm_sudoku_ivon_hpsearch_260619/v5_clean50k_auto_260627/gen00_clean50k/quick_eval_limit1000_k10_d16/v5q_003_raw_v5g00_000_r0_v35v36_q025_n030_cos_cos50_min0p1_lr0p0007_q0p25_n0p3_clip0p3_delayed_fixed_depth_full_step50000/output.json
2026-07-14T11:34:41Z,,full_train__subset1000__d16__ivon_parameter_sampling,selected|pass_at_10,completed,v9_highpass_calibration_axis_260630,v9h_q030_n025_delayed_token,45000,full_train,subset,1000,1000,1000,,0,128,16,1,ivon_parameter_sampling,0,50000,128,0.0007,600,,1,0.0001,1,0.9,10000000,1,0.99,0.0001,0.2,price,0.25,,0.3,delayed_fixed_depth,delayed_token_only,2500,persistent,false,true,true,0.999,86.8,87.3,/data1/lsj9862/VR/trm_sudoku_ivon_hpsearch_260619/source_server_autonomous_hp_260630/v9_highpass_calibration_axis_260630/eval_queue/v9h_q030_n025_delayed_token/raw_step_45000_k10d16_limit1000/output.json
2026-07-14T11:34:41Z,,full_train__subset1000__d16__ivon_parameter_sampling,selected|pass_at_10,completed,v6_clean50k_pass10_lift_gen00,v6g00_006_r6_lr0006_piece_v36v416_lr0p0006_q0p35_n0p25_clip0p2_delayed_fixed_depth_full,45000,full_train,subset,1000,1000,1000,,0,128,16,1,ivon_parameter_sampling,0,50000,128,0.0006,600,piece_v36v416,1,0.0001,1,0.9,10000000,1,0.99,0.0001,0.2,price,0.25,,0.35,delayed_fixed_depth,full,2500,persistent,false,true,true,0.999,86.7,88.1,/data1/lsj9862/VR/trm_sudoku_ivon_hpsearch_260619/v6_clean50k_pass10_lift_260628/gen00_clean50k/quick_eval_limit1000_k10_d16/v6q_026_raw_v6g00_006_r6_lr0006_piece_v36v416_lr0p0006_q0p35_n0p25_clip0p2_delayed_fixed_depth_full_step45000/output.json
2026-07-14T11:34:41Z,,full_train__subset1000__d16__ivon_parameter_sampling,selected,completed,v11_ivon_anchor_axis_260701,v11a_delayed_token_beta2_0995,40000,full_train,subset,1000,1000,1000,,0,128,16,1,ivon_parameter_sampling,0,50000,128,0.0007,600,,1,0.0001,1,0.9,10000000,1,0.995,0.0001,0.2,price,0.275,,0.35,delayed_fixed_depth,delayed_token_only,2500,persistent,false,true,true,0.999,86.7,87.1,/data1/lsj9862/VR/trm_sudoku_ivon_hpsearch_260619/source_server_autonomous_hp_260630/v11_ivon_anchor_axis_260701/eval_queue/v11a_delayed_token_beta2_0995/raw_step_40000_k10d16_limit1000/output.json
2026-07-14T11:34:41Z,,full_train__subset1000__d16__ivon_parameter_sampling,selected|pass_at_10,completed,v15_exact_lowlevel_hp_260702,v16_r1_v15_01_lr5e4_to50k,50000,full_train,subset,1000,1000,1000,,0,128,16,1,ivon_parameter_sampling,0,50000,128,0.0005,600,,1,0.0001,1,0.9,10000000,1,0.99,0.0001,0.2,price,0.275,,0.35,delayed_fixed_depth,delayed_token_only,2500,persistent,false,true,true,0.999,86.5,87.7,/data1/lsj9862/VR/trm_sudoku_ivon_hpsearch_260619/source_server_autonomous_hp_260630/v16_exact_top3_50k_260702/eval_queue/v16_r1_v15_01_lr5e4_to50k/raw_step_50000_limit1000_k10d16/output.json
2026-07-14T11:34:41Z,,full_train__subset1000__d16__ivon_parameter_sampling,pass_at_10,completed,v11_ivon_anchor_axis_260701,v11a_delayed_token_beta2_0995,35000,full_train,subset,1000,1000,1000,,0,128,16,1,ivon_parameter_sampling,0,50000,128,0.0007,600,,1,0.0001,1,0.9,10000000,1,0.995,0.0001,0.2,price,0.275,,0.35,delayed_fixed_depth,delayed_token_only,2500,persistent,false,true,true,0.999,86.5,87.2,/data1/lsj9862/VR/trm_sudoku_ivon_hpsearch_260619/source_server_autonomous_hp_260630/v11_ivon_anchor_axis_260701/eval_queue/v11a_delayed_token_beta2_0995/raw_step_35000_k10d16_limit1000/output.json
2026-07-14T11:34:41Z,,full_train__subset1000__d16__ivon_parameter_sampling,selected|pass_at_10,completed,v19_lowlevel_coarse_fill_260702,v19_09_beta2_slow,50000,full_train,subset,1000,1000,1000,,0,128,16,1,ivon_parameter_sampling,0,50000,128,0.0007,600,,1,0.0001,1,0.9,10000000,1,0.995,0.0001,0.2,price,0.275,,0.35,delayed_fixed_depth,delayed_token_only,2500,persistent,false,true,true,0.999,86.5,87.1,/data1/lsj9862/VR/trm_sudoku_ivon_hpsearch_260619/source_server_autonomous_hp_260630/v19_lowlevel_coarse_fill_260702/eval_queue/v19_09_beta2_slow/raw_step_50000_k10d16_limit1000/output.json
2026-07-14T11:34:41Z,,full_train__subset1000__d16__ivon_parameter_sampling,selected|pass_at_10,completed,v10_batch128_mechanism_axis_260701,v10m_delayed_token_q035_n0275,50000,full_train,subset,1000,1000,1000,,0,128,16,0.9,ivon_parameter_sampling,0,50000,128,0.0007,600,,1,0.0001,1,0.9,10000000,1,0.99,0.0001,0.2,price,0.275,,0.35,delayed_fixed_depth,delayed_token_only,2500,persistent,false,true,true,0.999,86.5,87,/data1/lsj9862/VR/trm_sudoku_ivon_hpsearch_260619/source_server_autonomous_hp_260630/v13_posterior_density_sampler_260702/v10_step50000_scale0p90_k10d16_limit1000.json
2026-07-14T11:34:41Z,,full_train__subset1000__d16__ivon_parameter_sampling,selected|pass_at_10,completed,v12_sample_density_axis_260701,v12d_control_seed2_delayed_token,45000,full_train,subset,1000,1000,1000,,0,128,16,1,ivon_parameter_sampling,2,50000,128,0.0007,600,,1,0.0001,1,0.9,10000000,1,0.99,0.0001,0.2,price,0.275,,0.35,delayed_fixed_depth,delayed_token_only,2500,persistent,false,true,true,0.999,86.5,86.5,/data1/lsj9862/VR/trm_sudoku_ivon_hpsearch_260619/source_server_autonomous_hp_260630/v12_sample_density_axis_260701/eval_queue/v12d_control_seed2_delayed_token/raw_step_45000_k10d16_limit1000/output.json
2026-07-14T11:34:41Z,,full_train__subset1000__d16__ivon_parameter_sampling,selected|pass_at_10,completed,v6_clean50k_pass10_lift_gen00,v6g00_002_r2_q040_n025_piece_v36v416_lr0p0007_q0p4_n0p25_clip0p2_delayed_fixed_depth_full,50000,full_train,subset,1000,1000,1000,,0,128,16,1,ivon_parameter_sampling,0,50000,128,0.0007,600,piece_v36v416,1,0.0001,1,0.9,10000000,1,0.99,0.0001,0.2,price,0.25,,0.4,delayed_fixed_depth,full,2500,persistent,false,true,true,0.999,86.4,86.6,/data1/lsj9862/VR/trm_sudoku_ivon_hpsearch_260619/v6_clean50k_pass10_lift_260628/gen00_clean50k/quick_eval_limit1000_k10_d16/v6q_011_raw_v6g00_002_r2_q040_n025_piece_v36v416_lr0p0007_q0p4_n0p25_clip0p2_delayed_fixed_depth_full_step50000/output.json
2026-07-14T11:34:41Z,,full_train__subset1000__d16__ivon_parameter_sampling,selected|pass_at_10,completed,v5_clean50k_gen00,v5g00_002_r2_v4_q035_n020_piece_piece_v36v416_lr0p0007_q0p35_n0p2_clip0p2_delayed_fixed_depth_full,50000,full_train,subset,1000,1000,1000,,0,128,16,1,ivon_parameter_sampling,0,50000,128,0.0007,600,piece_v36v416,1,0.0001,1,0.9,10000000,1,0.99,0.0001,0.2,price,0.2,,0.35,delayed_fixed_depth,full,2500,persistent,false,true,true,0.999,86.3,87.9,/data1/lsj9862/VR/trm_sudoku_ivon_hpsearch_260619/v5_clean50k_auto_260627/gen00_clean50k/quick_eval_limit1000_k10_d16/v5q_011_raw_v5g00_002_r2_v4_q035_n020_piece_piece_v36v416_lr0p0007_q0p35_n0p2_clip0p2_delayed_fixed_depth_full_step50000/output.json
2026-07-14T11:34:41Z,,full_train__subset1000__d16__ivon_parameter_sampling,selected|pass_at_10,completed,ivon_goal_peak_preserve_260713,ess3e7_lr09_n025_post12_r001,30000,full_train,subset,1000,1000,1000,,0,,16,1,ivon_parameter_sampling,0,50000,768,0.0009,600,post12000_ratio0.01,1,0.0001,1,0.9,30000000,1,0.99,0.0001,0.2,price,0.25,clip,0.35,delayed_fixed_depth,full,2500,persistent,false,true,true,0.999,86.3,86.6,/data1/lsj9862/VR/ptrm_public_runs/ivon_goal_peak_preserve_260713/evals/ess3e7_lr09_n025_post12_r001/step_30000/eval.json
2026-07-14T11:34:41Z,,full_train__subset1000__d16__ivon_parameter_sampling,selected|pass_at_10,completed,v19_lowlevel_coarse_fill_260702,v19_04_ivon_wd_low,50000,full_train,subset,1000,1000,1000,,0,128,16,1,ivon_parameter_sampling,0,50000,128,0.0007,600,,1,0.0001,1,0.9,10000000,1,0.99,3e-05,0.2,price,0.275,,0.35,delayed_fixed_depth,delayed_token_only,2500,persistent,false,true,true,0.999,86.1,86.2,/data1/lsj9862/VR/trm_sudoku_ivon_hpsearch_260619/source_server_autonomous_hp_260630/v19_lowlevel_coarse_fill_260702/eval_queue/v19_04_ivon_wd_low/raw_step_50000_k10d16_limit1000/output.json
2026-07-14T11:34:41Z,,full_train__subset1000__d32__ivon_compare_selection,selected|pass_at_10,completed,v4_3_optimizer_reset,v4_3_009_reset_h1_c03_q035_n02_cosine_min0p1_lr1_resetdense_h1_clip0p3_ema0p9995_full_noise0p2_ess1e07_q0p35,36500,full_train,subset,1000,1000,1000,,0,128,32,1,ivon_compare_selection,0,38000,128,3.85e-05,600,cosine_min0p1,1,5.5e-06,1,0.9,10000000,1,0.99,0.0001,0.3,price,0.2,,0.35,delayed_fixed_depth,full,2500,persistent,false,true,true,0.9995,86,87.1,/data1/lsj9862/VR/trm_sudoku_ivon_hpsearch_260619/v4_7_sampling_selection_diagnostic_260626/v4_7_013_v43_best_raw_k10d32_cmp/output.json
2026-07-14T11:34:41Z,,full_train__subset1000__d16__ivon_parameter_sampling,selected|pass_at_10,completed,ivon_goal_batch128_revival_260713,b128_delay500_oldtail,40000,full_train,subset,1000,1000,1000,,0,,16,1,ivon_parameter_sampling,0,50000,128,0.0007,600,old_piece_20_30_385,1,0.0001,1,0.9,10000000,1,0.99,0.0001,0.2,price,0.275,clip,0.35,delayed_fixed_depth,delayed_token_only,500,persistent,false,true,true,0.999,85.9,86.1,/data1/lsj9862/VR/ptrm_public_runs/ivon_goal_batch128_revival_260713/evals/b128_delay500_oldtail/step_40000/eval.json
2026-07-14T11:34:41Z,,full_train__subset1000__d16__ivon_parameter_sampling,selected|pass_at_10,completed,v12_sample_density_axis_260701,v12d_q040_delayed_token,50000,full_train,subset,1000,1000,1000,,0,128,16,1,ivon_parameter_sampling,0,50000,128,0.0007,600,,1,0.0001,1,0.9,10000000,1,0.99,0.0001,0.2,price,0.275,,0.4,delayed_fixed_depth,delayed_token_only,2500,persistent,false,true,true,0.999,85.9,86.1,/data1/lsj9862/VR/trm_sudoku_ivon_hpsearch_260619/source_server_autonomous_hp_260630/v12_sample_density_axis_260701/eval_queue/v12d_q040_delayed_token/raw_final_k10d16_limit1000/output.json
2026-07-14T11:34:41Z,,full_train__subset1000__d16__ivon_parameter_sampling,selected|pass_at_10,completed,v19_lowlevel_coarse_fill_260702,v19_19_delay_late,50000,full_train,subset,1000,1000,1000,,0,128,16,1,ivon_parameter_sampling,0,50000,128,0.0007,600,,1,0.0001,1,0.9,10000000,1,0.99,0.0001,0.2,price,0.275,,0.35,delayed_fixed_depth,delayed_token_only,5000,persistent,false,true,true,0.999,85.8,86.9,/data1/lsj9862/VR/trm_sudoku_ivon_hpsearch_260619/source_server_autonomous_hp_260630/v19_lowlevel_coarse_fill_260702/eval_queue/v19_19_delay_late/raw_step_50000_k10d16_limit1000/output.json
2026-07-14T11:34:41Z,,full_train__subset1000__d16__ivon_parameter_sampling,selected|pass_at_10,completed,debugged_ivon_scratch_hp_260705,a_puzlr_1em05,50000,full_train,subset,1000,1000,1000,,0,,16,1,ivon_parameter_sampling,0,50000,128,0.0007,600,,1,1e-05,1,0.9,10000000,1,0.99,0.0001,0.2,price,0.275,clip,0.35,delayed_fixed_depth,delayed_token_only,2500,persistent,false,true,true,0.999,85.8,85.8,/data1/lsj9862/VR/ptrm_public_runs/debugged_ivon_scratch_hp_260705/evals/a_puzlr_1em05/step_50000/eval.json
2026-07-14T11:34:41Z,,full_train__subset1000__d16__ivon_parameter_sampling,selected|pass_at_10,completed,v10_batch128_mechanism_axis_260701,v10m_clip03_q035_n0275,50000,full_train,subset,1000,1000,1000,,0,128,16,1,ivon_parameter_sampling,0,50000,128,0.0007,600,,1,0.0001,1,0.9,10000000,1,0.99,0.0001,0.3,price,0.275,,0.35,delayed_fixed_depth,full,2500,persistent,false,true,true,0.999,85.7,85.7,/data1/lsj9862/VR/trm_sudoku_ivon_hpsearch_260619/source_server_autonomous_hp_260630/v10_batch128_mechanism_axis_260701/eval_queue/v10m_clip03_q035_n0275/raw_final_k10d16_limit1000/output.json
2026-07-14T11:34:41Z,,full_train__subset1000__d16__ivon_parameter_sampling,selected|pass_at_10,completed,v19_lowlevel_coarse_fill_260702,v19_17_high_noise_low_q,50000,full_train,subset,1000,1000,1000,,0,128,16,1,ivon_parameter_sampling,0,50000,128,0.0007,600,,1,0.0001,1,0.9,10000000,1,0.99,0.0001,0.2,price,0.325,,0.25,delayed_fixed_depth,delayed_token_only,2500,persistent,false,true,true,0.999,85.6,86.7,/data1/lsj9862/VR/trm_sudoku_ivon_hpsearch_260619/source_server_autonomous_hp_260630/v19_lowlevel_coarse_fill_260702/eval_queue/v19_17_high_noise_low_q/raw_step_50000_k10d16_limit1000/output.json
2026-07-14T11:34:41Z,,full_train__subset1000__d16__ivon_parameter_sampling,selected|pass_at_10,completed,v5_clean50k_gen00,v5g00_006_r6_delay_token_q025_n030_piece_piece_v36v416_lr0p0007_q0p25_n0p3_clip0p3_delayed_fixed_depth_delayed_token_only,50000,full_train,subset,1000,1000,1000,,0,128,16,1,ivon_parameter_sampling,0,50000,128,0.0007,600,piece_v36v416,1,0.0001,1,0.9,10000000,1,0.99,0.0001,0.3,price,0.3,,0.25,delayed_fixed_depth,delayed_token_only,2500,persistent,false,true,true,0.999,85.6,86.4,/data1/lsj9862/VR/trm_sudoku_ivon_hpsearch_260619/v5_clean50k_auto_260627/gen00_clean50k/quick_eval_limit1000_k10_d16/v5q_027_raw_v5g00_006_r6_delay_token_q025_n030_piece_piece_v36v416_lr0p0007_q0p25_n0p3_clip0p3_delayed_fixed_depth_delayed_token_only_step50000/output.json
2026-07-14T11:34:41Z,,full_train__subset1000__d16__ivon_parameter_sampling,selected|pass_at_10,completed,ivon_goal_peak_preserve_260713,ess3e7_lr09_n025_post12_r005,30000,full_train,subset,1000,1000,1000,,0,,16,1,ivon_parameter_sampling,0,50000,768,0.0009,600,post12000_ratio0.05,1,0.0001,1,0.9,30000000,1,0.99,0.0001,0.2,price,0.25,clip,0.35,delayed_fixed_depth,full,2500,persistent,false,true,true,0.999,85.4,85.7,/data1/lsj9862/VR/ptrm_public_runs/ivon_goal_peak_preserve_260713/evals/ess3e7_lr09_n025_post12_r005/step_30000/eval.json
2026-07-14T11:34:41Z,,full_train__subset1000__d16__ivon_parameter_sampling,selected|pass_at_10,completed,v19_lowlevel_coarse_fill_260702,v19_00_prior_low_all,50000,full_train,subset,1000,1000,1000,,0,128,16,1,ivon_parameter_sampling,0,50000,128,0.0007,600,,0.3,0.0001,0.3,0.9,10000000,1,0.99,3e-05,0.2,price,0.275,,0.35,delayed_fixed_depth,delayed_token_only,2500,persistent,false,true,true,0.999,85.2,85.3,/data1/lsj9862/VR/trm_sudoku_ivon_hpsearch_260619/source_server_autonomous_hp_260630/v19_lowlevel_coarse_fill_260702/eval_queue/v19_00_prior_low_all/raw_step_50000_k10d16_limit1000/output.json
2026-07-14T11:34:41Z,,full_train__subset1000__d16__ivon_parameter_sampling,selected,completed,debugged_ivon_scratch_hp_260705,a_delay_500,50000,full_train,subset,1000,1000,1000,,0,,16,1,ivon_parameter_sampling,0,50000,128,0.0007,600,,1,0.0001,1,0.9,10000000,1,0.99,0.0001,0.2,price,0.275,clip,0.35,delayed_fixed_depth,delayed_token_only,500,persistent,false,true,true,0.999,84.9,85.4,/data1/lsj9862/VR/ptrm_public_runs/debugged_ivon_scratch_hp_260705/evals/a_delay_500/step_50000/eval.json
2026-07-14T11:34:41Z,,full_train__subset1000__d16__ivon_parameter_sampling,selected|pass_at_10,completed,v4_16_leader_continuation,v4_16_003_keepopt_cos_lr1e5_q035_n020,38500,full_train,subset,1000,1000,1000,,0,128,16,1,ivon_parameter_sampling,0,40000,128,1e-05,600,cosine_min0p1,1,1.4e-06,1,0.9,10000000,1,0.99,0.0001,0.2,price,0.2,,0.35,normal,full,2500,persistent,false,true,true,0.9995,84.7,85.9,/data1/lsj9862/VR/trm_sudoku_ivon_hpsearch_260619/v4_16_leader_continuation_260626/quick_eval_limit1000_k10_d16/v4_16q_040_raw_v4_16_003_keepopt_cos_lr1e5_q035_n020_step38500/output.json
2026-07-14T11:34:41Z,,full_train__subset1000__d16__ivon_compare_selection,selected|pass_at_10,completed,v4_16_leader_continuation,v4_16_003_keepopt_cos_lr1e5_q035_n020,38500,full_train,subset,1000,1000,1000,,0,128,16,1,ivon_compare_selection,0,40000,128,1e-05,600,cosine_min0p1,1,1.4e-06,1,0.9,10000000,1,0.99,0.0001,0.2,price,0.2,,0.35,normal,full,2500,persistent,false,true,true,0.9995,84.7,85.9,/data1/lsj9862/VR/trm_sudoku_ivon_hpsearch_260619/v4_21_eval_batch_sampling_diagnostic_260627/eval_limit1000_k10_d16/v4_21_v4_16_best_raw_step38500_bs128_seed0/output.json
2026-07-14T11:34:41Z,,full_train__subset1000__d16__ivon_parameter_sampling,selected|pass_at_10,completed,v4_17_peak_window_refinement,v4_17_007_cos_lr7p5e6_min0p1_q035_n022,39250,full_train,subset,1000,1000,1000,,0,128,16,1,ivon_parameter_sampling,0,39500,128,7.5e-06,600,cosine_min0p1,1,1.05e-06,1,0.9,10000000,1,0.99,0.0001,0.2,price,0.22,,0.35,normal,full,2500,persistent,false,true,true,0.9995,84.6,85.7,/data1/lsj9862/VR/trm_sudoku_ivon_hpsearch_260619/v4_17_peak_window_refinement_260626/quick_eval_limit1000_k10_d16/v4_17q_061_ema_v4_17_007_cos_lr7p5e6_min0p1_q035_n022_step39250/output.json
2026-07-14T11:34:41Z,,full_train__subset1000__d16__ivon_compare_selection,selected|pass_at_10,completed,v4_17_peak_window_refinement,v4_17_007_cos_lr7p5e6_min0p1_q035_n022,39250,full_train,subset,1000,1000,1000,,0,128,16,1,ivon_compare_selection,0,39500,128,7.5e-06,600,cosine_min0p1,1,1.05e-06,1,0.9,10000000,1,0.99,0.0001,0.2,price,0.22,,0.35,normal,full,2500,persistent,false,true,true,0.9995,84.6,85.7,/data1/lsj9862/VR/trm_sudoku_ivon_hpsearch_260619/v4_21_eval_batch_sampling_diagnostic_260627/eval_limit1000_k10_d16/v4_21_v4_17_best_ema_step39250_bs128_seed0/output.json
2026-07-14T11:34:41Z,,full_train__subset1000__d16__ivon_parameter_sampling,selected|pass_at_10,completed,v9_highpass_calibration_axis_260630,v9h_q030_n025_clip03,45000,full_train,subset,1000,1000,1000,,0,128,16,1,ivon_parameter_sampling,0,50000,128,0.0007,600,,1,0.0001,1,0.9,10000000,1,0.99,0.0001,0.3,price,0.25,,0.3,delayed_fixed_depth,full,2500,persistent,false,true,true,0.999,84.5,85.1,/data1/lsj9862/VR/trm_sudoku_ivon_hpsearch_260619/source_server_autonomous_hp_260630/v9_highpass_calibration_axis_260630/eval_queue/v9h_q030_n025_clip03/raw_step_45000_k10d16_limit1000/output.json
2026-07-14T11:34:41Z,,full_train__subset1000__d16__ivon_parameter_sampling,selected|pass_at_10,completed,v4_16_leader_continuation,v4_16_007_resetdense_const_lr1e5_q035_n020,39000,full_train,subset,1000,1000,1000,,0,128,16,1,ivon_parameter_sampling,0,40000,128,1e-05,600,constant,1,1.4e-06,1,0.9,10000000,1,0.99,0.0001,0.2,price,0.2,,0.35,normal,full,2500,persistent,false,true,true,0.9995,84.3,85.5,/data1/lsj9862/VR/trm_sudoku_ivon_hpsearch_260619/v4_16_leader_continuation_260626/quick_eval_limit1000_k10_d16/v4_16q_091_ema_v4_16_007_resetdense_const_lr1e5_q035_n020_step39000/output.json
2026-07-14T11:34:41Z,,full_train__subset1000__d16__ivon_parameter_sampling,selected|pass_at_10,completed,v5_clean50k_gen00,v5g00_007_r7_normal_control_q035_n020_piece_piece_v36v416_lr0p0007_q0p35_n0p2_clip0p2_normal_full,50000,full_train,subset,1000,1000,1000,,0,128,16,1,ivon_parameter_sampling,0,50000,128,0.0007,600,piece_v36v416,1,0.0001,1,0.9,10000000,1,0.99,0.0001,0.2,price,0.2,,0.35,normal,full,0,persistent,false,true,true,0.999,84.2,86.5,/data1/lsj9862/VR/trm_sudoku_ivon_hpsearch_260619/v5_clean50k_auto_260627/gen00_clean50k/quick_eval_limit1000_k10_d16/v5q_031_raw_v5g00_007_r7_normal_control_q035_n020_piece_piece_v36v416_lr0p0007_q0p35_n0p2_clip0p2_normal_full_step50000/output.json
2026-07-14T11:34:41Z,,full_train__subset1000__d16__ivon_parameter_sampling,selected,completed,v5_clean50k_gen00,v5g00_007_r7_normal_control_q035_n020_piece_piece_v36v416_lr0p0007_q0p35_n0p2_clip0p2_normal_full,40000,full_train,subset,1000,1000,1000,,0,128,16,1,ivon_parameter_sampling,0,50000,128,0.0007,600,piece_v36v416,1,0.0001,1,0.9,10000000,1,0.99,0.0001,0.2,price,0.2,,0.35,normal,full,0,persistent,false,true,true,0.999,84.2,86.3,/data1/lsj9862/VR/trm_sudoku_ivon_hpsearch_260619/v5_clean50k_auto_260627/gen00_clean50k/quick_eval_limit1000_k10_d16/v5q_030_raw_v5g00_007_r7_normal_control_q035_n020_piece_piece_v36v416_lr0p0007_q0p35_n0p2_clip0p2_normal_full_step40000/output.json
2026-07-14T11:34:41Z,,full_train__subset1000__d16__ivon_parameter_sampling,selected|pass_at_10,completed,v4_10_persistent_mc_objective,v4_10_000_mc1_persist_pz1_n020,37000,full_train,subset,1000,1000,1000,,0,128,16,1,ivon_parameter_sampling,0,37000,128,3.85e-05,600,cosine_min0p1,1,5.5e-06,1,0.9,10000000,1,0.99,0.0001,0.2,price,0.2,,0.35,delayed_fixed_depth,full,2500,persistent,false,true,true,0.9995,84.2,85.7,/data1/lsj9862/VR/trm_sudoku_ivon_hpsearch_260619/v4_10_persistent_mc_objective_260626/quick_eval_limit1000_k10_d16/v4_10q_004_raw_v4_10_000_mc1_persist_pz1_n020_step37000/output.json
2026-07-14T11:34:41Z,,full_train__subset1000__d16__ivon_compare_selection,selected|pass_at_10,completed,v4_10_persistent_mc_objective,v4_10_000_mc1_persist_pz1_n020,37000,full_train,subset,1000,1000,1000,,0,128,16,1,ivon_compare_selection,0,37000,128,3.85e-05,600,cosine_min0p1,1,5.5e-06,1,0.9,10000000,1,0.99,0.0001,0.2,price,0.2,,0.35,delayed_fixed_depth,full,2500,persistent,false,true,true,0.9995,84.2,85.7,/data1/lsj9862/VR/trm_sudoku_ivon_hpsearch_260619/v4_15_eval_posterior_temperature_260626/quick_eval_limit1000_k10_d16_scaled/v4_15_v4_10_leader_raw_step37000_scale1/output.json
2026-07-14T11:34:41Z,,full_train__subset1000__d16__ivon_parameter_sampling,pass_at_10,completed,v9_highpass_calibration_axis_260630,v9h_q030_n025_clip03,42500,full_train,subset,1000,1000,1000,,0,128,16,1,ivon_parameter_sampling,0,50000,128,0.0007,600,,1,0.0001,1,0.9,10000000,1,0.99,0.0001,0.3,price,0.25,,0.3,delayed_fixed_depth,full,2500,persistent,false,true,true,0.999,84.2,85.1,/data1/lsj9862/VR/trm_sudoku_ivon_hpsearch_260619/source_server_autonomous_hp_260630/v9_highpass_calibration_axis_260630/eval_queue/v9h_q030_n025_clip03/raw_step_42500_k10d16_limit1000/output.json
2026-07-14T11:34:41Z,,full_train__subset1000__d16__ivon_parameter_sampling,selected,completed,v4_16_leader_continuation,v4_16_005_keepopt_const_lr1e5_q045_n020,37500,full_train,subset,1000,1000,1000,,0,128,16,1,ivon_parameter_sampling,0,40000,128,1e-05,600,constant,1,1.4e-06,1,0.9,10000000,1,0.99,0.0001,0.2,price,0.2,,0.45,normal,full,2500,persistent,false,true,true,0.9995,84.2,84.6,/data1/lsj9862/VR/trm_sudoku_ivon_hpsearch_260619/v4_16_leader_continuation_260626/quick_eval_limit1000_k10_d16/v4_16q_061_ema_v4_16_005_keepopt_const_lr1e5_q045_n020_step37500/output.json
2026-07-14T11:34:41Z,,full_train__subset1000__d16__ivon_compare_selection,selected|pass_at_10,completed,v4_6_formation_window,v4_6_006_resetboth_c02_puzzle05_q035_n02,36000,full_train,subset,1000,1000,1000,,0,128,16,1,ivon_compare_selection,0,37000,128,7e-05,600,cosine_min0p1,1,5e-06,1,0.9,10000000,1,0.99,0.0001,0.2,price,0.2,,0.35,delayed_fixed_depth,full,2500,persistent,false,true,true,0.9995,84.1,85.2,/data1/lsj9862/VR/trm_sudoku_ivon_hpsearch_260619/v4_15_eval_posterior_temperature_260626/quick_eval_limit1000_k10_d16_scaled/v4_15_v4_6_nearleader_raw_step36000_scale1/output.json
2026-07-14T11:34:41Z,,full_train__subset1000__d16__ivon_parameter_sampling,selected|pass_at_10,completed,v4_6_formation_window,v4_6_006_resetboth_c02_puzzle05_q035_n02,36000,full_train,subset,1000,1000,1000,,0,128,16,1,ivon_parameter_sampling,0,37000,128,7e-05,600,cosine_min0p1,1,5e-06,1,0.9,10000000,1,0.99,0.0001,0.2,price,0.2,,0.35,delayed_fixed_depth,full,2500,persistent,false,true,true,0.9995,84.1,85.2,/data1/lsj9862/VR/trm_sudoku_ivon_hpsearch_260619/v4_6_formation_window_260626/quick_eval_limit1000_k10_d16/v4_6q_092_raw_v4_6_006_resetboth_c02_puzzle05_q035_n02_step36000/output.json
2026-07-14T11:34:41Z,,full_train__subset1000__d16__ivon_compare_selection,selected|pass_at_10,completed,v4_3_optimizer_reset,v4_3_009_reset_h1_c03_q035_n02_cosine_min0p1_lr1_resetdense_h1_clip0p3_ema0p9995_full_noise0p2_ess1e07_q0p35,36500,full_train,subset,1000,1000,1000,,0,128,16,1,ivon_compare_selection,0,38000,128,3.85e-05,600,cosine_min0p1,1,5.5e-06,1,0.9,10000000,1,0.99,0.0001,0.3,price,0.2,,0.35,delayed_fixed_depth,full,2500,persistent,false,true,true,0.9995,84.1,85,/data1/lsj9862/VR/trm_sudoku_ivon_hpsearch_260619/v4_7_sampling_selection_diagnostic_260626/v4_7_010_v43_best_raw_k10d16_cmp/output.json
2026-07-14T11:34:41Z,,full_train__subset1000__d16__ivon_parameter_sampling,selected,completed,v4_3_optimizer_reset,v4_3_009_reset_h1_c03_q035_n02_cosine_min0p1_lr1_resetdense_h1_clip0p3_ema0p9995_full_noise0p2_ess1e07_q0p35,36500,full_train,subset,1000,1000,1000,,0,128,16,1,ivon_parameter_sampling,0,38000,128,3.85e-05,600,cosine_min0p1,1,5.5e-06,1,0.9,10000000,1,0.99,0.0001,0.3,price,0.2,,0.35,delayed_fixed_depth,full,2500,persistent,false,true,true,0.9995,84.1,85,/data1/lsj9862/VR/trm_sudoku_ivon_hpsearch_260619/v4_3_optimizer_reset_260626/quick_eval_limit1000_k10_d16/v4_3q_106_raw_v4_3_009_reset_h1_c03_q035_n02_cosine_min0p1_lr1_resetdense_h1_clip0p3_ema0p9995_full_noise0p2_ess1e07_q0p35_step36500/output.json
2026-07-14T11:34:41Z,,full_train__subset1000__d16__ivon_parameter_sampling,selected|pass_at_10,completed,v4_5_peak_window_refinement,v4_5_009_q035_n020_h15_c03_cosine_min0p1_lr1_resetdense_h1p5_clip0p3_ema0p9995_full_noise0p2_ess1e07_q0p35,36750,full_train,subset,1000,1000,1000,,0,128,16,1,ivon_parameter_sampling,0,37000,128,3.85e-05,600,cosine_min0p1,1,5.5e-06,1,0.9,10000000,1.5,0.99,0.0001,0.3,price,0.2,,0.35,delayed_fixed_depth,full,2500,persistent,false,true,true,0.9995,84.1,84.9,/data1/lsj9862/VR/trm_sudoku_ivon_hpsearch_260619/v4_5_peak_window_refinement_260626/quick_eval_limit1000_k10_d16/v4_5q_097_ema_v4_5_009_q035_n020_h15_c03_cosine_min0p1_lr1_resetdense_h1p5_clip0p3_ema0p9995_full_noise0p2_ess1e07_q0p35_step36750/output.json
2026-07-14T11:34:41Z,,full_train__subset1000__d16__ivon_compare_selection,selected|pass_at_10,completed,v4_11_peak_preservation,v4_11_004_delay35k_pz05_drop36_x025,36000,full_train,subset,1000,1000,1000,,0,32,16,1,ivon_compare_selection,0,38000,128,7e-05,600,piecewise_36000_x025,1,5e-06,1,0.9,10000000,1,0.99,0.0001,0.2,price,0.2,,0.35,delayed_fixed_depth,full,35000,persistent,false,true,true,0.9995,84,85.8,/data1/lsj9862/VR/trm_sudoku_ivon_hpsearch_260619/v4_21_eval_batch_sampling_diagnostic_260627/eval_limit1000_k10_d16/v4_21_v4_11_highpass_raw_step36000_bs32_seed0/output.json
2026-07-14T11:34:41Z,,full_train__subset1000__d16__ivon_parameter_sampling,selected|pass_at_10,completed,v4_5_peak_window_refinement,v4_5_012_q035_n020_h1_c03_lr075_cosine_min0p1_lr0p75_resetdense_h1_clip0p3_ema0p9995_full_noise0p2_ess1e07_q0p35,36750,full_train,subset,1000,1000,1000,,0,128,16,1,ivon_parameter_sampling,0,37000,128,2.8875e-05,600,cosine_min0p1,1,4.125e-06,1,0.9,10000000,1,0.99,0.0001,0.3,price,0.2,,0.35,delayed_fixed_depth,full,2500,persistent,false,true,true,0.9995,84,85.1,/data1/lsj9862/VR/trm_sudoku_ivon_hpsearch_260619/v4_5_peak_window_refinement_260626/quick_eval_limit1000_k10_d16/v4_5q_127_ema_v4_5_012_q035_n020_h1_c03_lr075_cosine_min0p1_lr0p75_resetdense_h1_clip0p3_ema0p9995_full_noise0p2_ess1e07_q0p35_step36750/output.json
2026-07-14T11:34:41Z,,full_train__subset1000__d16__ivon_parameter_sampling,selected|pass_at_10,completed,v4_17_peak_window_refinement,v4_17_004_cos_lr7p5e6_min0p1_q035_n020,38750,full_train,subset,1000,1000,1000,,0,128,16,1,ivon_parameter_sampling,0,39500,128,7.5e-06,600,cosine_min0p1,1,1.05e-06,1,0.9,10000000,1,0.99,0.0001,0.2,price,0.2,,0.35,normal,full,2500,persistent,false,true,true,0.9995,84,84.9,/data1/lsj9862/VR/trm_sudoku_ivon_hpsearch_260619/v4_17_peak_window_refinement_260626/quick_eval_limit1000_k10_d16/v4_17q_032_raw_v4_17_004_cos_lr7p5e6_min0p1_q035_n020_step38750/output.json
2026-07-14T11:34:41Z,,full_train__subset1000__d16__ivon_compare_selection,selected|pass_at_10,completed,v4_16_leader_continuation,v4_16_003_keepopt_cos_lr1e5_q035_n020,38500,full_train,subset,1000,1000,1000,,3,32,16,1,ivon_compare_selection,0,40000,128,1e-05,600,cosine_min0p1,1,1.4e-06,1,0.9,10000000,1,0.99,0.0001,0.2,price,0.2,,0.35,normal,full,2500,persistent,false,true,true,0.9995,84,84.8,/data1/lsj9862/VR/trm_sudoku_ivon_hpsearch_260619/v4_21_eval_batch_sampling_diagnostic_260627/eval_limit1000_k10_d16/v4_21_v4_16_best_raw_step38500_bs32_seed3/output.json
2026-07-14T11:34:41Z,,full_train__subset1000__d16__ivon_parameter_sampling,selected|pass_at_10,completed,v4_17_peak_window_refinement,v4_17_003_cos_lr5e6_min0p1_q035_n020,39250,full_train,subset,1000,1000,1000,,0,128,16,1,ivon_parameter_sampling,0,39500,128,5e-06,600,cosine_min0p1,1,7e-07,1,0.9,10000000,1,0.99,0.0001,0.2,price,0.2,,0.35,normal,full,2500,persistent,false,true,true,0.9995,83.9,85.2,/data1/lsj9862/VR/trm_sudoku_ivon_hpsearch_260619/v4_17_peak_window_refinement_260626/quick_eval_limit1000_k10_d16/v4_17q_028_raw_v4_17_003_cos_lr5e6_min0p1_q035_n020_step39250/output.json
2026-07-14T11:34:41Z,,full_train__subset1000__d16__ivon_parameter_sampling,selected|pass_at_10,completed,v4_11_peak_preservation,v4_11_000_control_v46_best_pz05_cos01,36250,full_train,subset,1000,1000,1000,,0,128,16,1,ivon_parameter_sampling,0,38000,128,7e-05,600,cosine_min0p1,1,5e-06,1,0.9,10000000,1,0.99,0.0001,0.2,price,0.2,,0.35,delayed_fixed_depth,full,2500,persistent,false,true,true,0.9995,83.9,85.1,/data1/lsj9862/VR/trm_sudoku_ivon_hpsearch_260619/v4_11_peak_preservation_260626/quick_eval_limit1000_k10_d16/v4_11q_011_ema_v4_11_000_control_v46_best_pz05_cos01_step36250/output.json
2026-07-14T11:34:41Z,,full_train__subset1000__d16__ivon_compare_selection,selected|pass_at_10,completed,v4_11_peak_preservation,v4_11_000_control_v46_best_pz05_cos01,36250,full_train,subset,1000,1000,1000,,0,128,16,1,ivon_compare_selection,0,38000,128,7e-05,600,cosine_min0p1,1,5e-06,1,0.9,10000000,1,0.99,0.0001,0.2,price,0.2,,0.35,delayed_fixed_depth,full,2500,persistent,false,true,true,0.9995,83.9,85.1,/data1/lsj9862/VR/trm_sudoku_ivon_hpsearch_260619/v4_15_eval_posterior_temperature_260626/quick_eval_limit1000_k10_d16_scaled/v4_15_v4_11_best_selected_ema_step36250_scale1/output.json
2026-07-14T11:34:41Z,,full_train__subset1000__d16__ivon_parameter_sampling,selected|pass_at_10,completed,v4_17_peak_window_refinement,v4_17_005_cos_lr1e5_min0p05_q035_n020,39500,full_train,subset,1000,1000,1000,,0,128,16,1,ivon_parameter_sampling,0,39500,128,1e-05,600,cosine_min0p05,1,1.4e-06,1,0.9,10000000,1,0.99,0.0001,0.2,price,0.2,,0.35,normal,full,2500,persistent,false,true,true,0.9995,83.9,85,/data1/lsj9862/VR/trm_sudoku_ivon_hpsearch_260619/v4_17_peak_window_refinement_260626/quick_eval_limit1000_k10_d16/v4_17q_046_raw_v4_17_005_cos_lr1e5_min0p05_q035_n020_step39500/output.json
2026-07-14T11:34:41Z,,full_train__subset1000__d16__ivon_parameter_sampling,pass_at_10,completed,v4_16_leader_continuation,v4_16_005_keepopt_const_lr1e5_q045_n020,40000,full_train,subset,1000,1000,1000,,0,128,16,1,ivon_parameter_sampling,0,40000,128,1e-05,600,constant,1,1.4e-06,1,0.9,10000000,1,0.99,0.0001,0.2,price,0.2,,0.45,normal,full,2500,persistent,false,true,true,0.9995,83.9,84.8,/data1/lsj9862/VR/trm_sudoku_ivon_hpsearch_260619/v4_16_leader_continuation_260626/quick_eval_limit1000_k10_d16/v4_16q_070_raw_v4_16_005_keepopt_const_lr1e5_q045_n020_step40000/output.json
2026-07-14T11:34:41Z,,full_train__subset1000__d16__ivon_compare_selection,selected|pass_at_10,completed,v4_11_peak_preservation,v4_11_004_delay35k_pz05_drop36_x025,36000,full_train,subset,1000,1000,1000,,0,64,16,1,ivon_compare_selection,0,38000,128,7e-05,600,piecewise_36000_x025,1,5e-06,1,0.9,10000000,1,0.99,0.0001,0.2,price,0.2,,0.35,delayed_fixed_depth,full,35000,persistent,false,true,true,0.9995,83.8,85.6,/data1/lsj9862/VR/trm_sudoku_ivon_hpsearch_260619/v4_21_eval_batch_sampling_diagnostic_260627/eval_limit1000_k10_d16/v4_21_v4_11_highpass_raw_step36000_bs64_seed0/output.json
2026-07-14T11:34:41Z,,full_train__subset1000__d16__ivon_compare_selection,selected|pass_at_10,completed,v4_11_peak_preservation,v4_11_004_delay35k_pz05_drop36_x025,36000,full_train,subset,1000,1000,1000,,1,32,16,1,ivon_compare_selection,0,38000,128,7e-05,600,piecewise_36000_x025,1,5e-06,1,0.9,10000000,1,0.99,0.0001,0.2,price,0.2,,0.35,delayed_fixed_depth,full,35000,persistent,false,true,true,0.9995,83.8,85.2,/data1/lsj9862/VR/trm_sudoku_ivon_hpsearch_260619/v4_21_eval_batch_sampling_diagnostic_260627/eval_limit1000_k10_d16/v4_21_v4_11_highpass_raw_step36000_bs32_seed1/output.json
2026-07-14T11:34:41Z,,full_train__subset1000__d16__ivon_parameter_sampling,selected|pass_at_10,completed,v4_8_posterior_optimizer_axis,v4_8_000_control_v45_axis,36750,full_train,subset,1000,1000,1000,,0,128,16,1,ivon_parameter_sampling,0,37000,128,3.85e-05,600,cosine_min0p1,1,5.5e-06,1,0.9,10000000,1,0.99,0.0001,0.2,price,0.2,,0.35,delayed_fixed_depth,full,2500,persistent,false,true,true,0.9995,83.8,85,/data1/lsj9862/VR/trm_sudoku_ivon_hpsearch_260619/v4_8_posterior_optimizer_axis_260626/quick_eval_limit1000_k10_d16/v4_8q_003_ema_v4_8_000_control_v45_axis_step36750/output.json
2026-07-14T11:34:41Z,,full_train__subset1000__d16__ivon_parameter_sampling,selected|pass_at_10,completed,v3_7_posterior_concentration,v3_7_001_lr_cos01_control_cosine_min0p1_noise0p3_ess1e07_q0p25,35000,full_train,subset,1000,1000,1000,,0,128,16,1,ivon_parameter_sampling,0,40000,128,7e-05,600,cosine_min0p1,1,1e-05,1,0.9,10000000,1,0.99,0.0001,0.3,price,0.3,,0.25,delayed_fixed_depth,full,2500,persistent,false,true,false,0.999,83.8,84.7,/data1/lsj9862/VR/trm_sudoku_ivon_hpsearch_260619/v3_7_posterior_concentration_260626/quick_eval_limit1000_k10_d16/v3_7q_002_v3_7_001_lr_cos01_control_cosine_min0p1_noise0p3_ess1e07_q0p25_step35000/output.json
2026-07-14T11:34:41Z,,full_train__subset1000__d16__ivon_parameter_sampling,selected|pass_at_10,completed,v4_5_peak_window_refinement,v4_5_003_q045_n020_h1_c03_cosine_min0p1_lr1_resetdense_h1_clip0p3_ema0p9995_full_noise0p2_ess1e07_q0p45,36500,full_train,subset,1000,1000,1000,,0,128,16,1,ivon_parameter_sampling,0,37000,128,3.85e-05,600,cosine_min0p1,1,5.5e-06,1,0.9,10000000,1,0.99,0.0001,0.3,price,0.2,,0.45,delayed_fixed_depth,full,2500,persistent,false,true,true,0.9995,83.8,84.7,/data1/lsj9862/VR/trm_sudoku_ivon_hpsearch_260619/v4_5_peak_window_refinement_260626/quick_eval_limit1000_k10_d16/v4_5q_035_ema_v4_5_003_q045_n020_h1_c03_cosine_min0p1_lr1_resetdense_h1_clip0p3_ema0p9995_full_noise0p2_ess1e07_q0p45_step36500/output.json
2026-07-14T11:34:41Z,,full_train__subset1000__d16__ivon_parameter_sampling,pass_at_10,completed,v4_16_leader_continuation,v4_16_007_resetdense_const_lr1e5_q035_n020,39000,full_train,subset,1000,1000,1000,,0,128,16,1,ivon_parameter_sampling,0,40000,128,1e-05,600,constant,1,1.4e-06,1,0.9,10000000,1,0.99,0.0001,0.2,price,0.2,,0.35,normal,full,2500,persistent,false,true,true,0.9995,83.7,85.5,/data1/lsj9862/VR/trm_sudoku_ivon_hpsearch_260619/v4_16_leader_continuation_260626/quick_eval_limit1000_k10_d16/v4_16q_090_raw_v4_16_007_resetdense_const_lr1e5_q035_n020_step39000/output.json
2026-07-14T11:34:41Z,,full_train__subset1000__d16__ivon_compare_selection,selected|pass_at_10,completed,v4_19_peak_mc_calibration,v4_19_000_mc1_control_lr2e6_n020,39000,full_train,subset,1000,1000,1000,,0,128,16,1,ivon_compare_selection,0,39000,128,2e-06,600,,1,2.8e-07,1,0.9,10000000,1,0.99,0.0001,0.2,price,0.2,,0.35,normal,full,2500,persistent,false,true,true,0.9995,83.7,85.1,/data1/lsj9862/VR/trm_sudoku_ivon_hpsearch_260619/v4_19_peak_mc_calibration_260626/eval_limit1000_k10_d16/v4_19q_003_ema_v4_19_000_mc1_control_lr2e6_n020_step39000/output.json
2026-07-14T11:34:41Z,,full_train__subset1000__d16__ivon_parameter_sampling,selected|pass_at_10,completed,v4_16_leader_continuation,v4_16_000_keepopt_const_lr4e6_q035_n020,37500,full_train,subset,1000,1000,1000,,0,128,16,1,ivon_parameter_sampling,0,40000,128,4e-06,600,constant,1,5.6e-07,1,0.9,10000000,1,0.99,0.0001,0.2,price,0.2,,0.35,normal,full,2500,persistent,false,true,true,0.9995,83.7,84.8,/data1/lsj9862/VR/trm_sudoku_ivon_hpsearch_260619/v4_16_leader_continuation_260626/quick_eval_limit1000_k10_d16/v4_16q_000_raw_v4_16_000_keepopt_const_lr4e6_q035_n020_step37500/output.json
2026-07-14T11:34:41Z,,full_train__subset1000__d16__ivon_parameter_sampling,pass_at_10,completed,debugged_ivon_scratch_hp_260705,a_delay_500,30000,full_train,subset,1000,1000,1000,,0,,16,1,ivon_parameter_sampling,0,50000,128,0.0007,600,,1,0.0001,1,0.9,10000000,1,0.99,0.0001,0.2,price,0.275,clip,0.35,delayed_fixed_depth,delayed_token_only,500,persistent,false,true,true,0.999,83.6,86.1,/data1/lsj9862/VR/ptrm_public_runs/debugged_ivon_scratch_hp_260705/evals/a_delay_500/step_30000/eval.json
2026-07-14T11:34:41Z,,full_train__subset1000__d16__ivon_parameter_sampling,pass_at_10,completed,ivon_goal_batch128_revival_260713,b128_delay500_oldtail,30000,full_train,subset,1000,1000,1000,,0,,16,1,ivon_parameter_sampling,0,50000,128,0.0007,600,old_piece_20_30_385,1,0.0001,1,0.9,10000000,1,0.99,0.0001,0.2,price,0.275,clip,0.35,delayed_fixed_depth,delayed_token_only,500,persistent,false,true,true,0.999,83.6,86.1,/data1/lsj9862/VR/ptrm_public_runs/ivon_goal_batch128_revival_260713/evals/b128_delay500_oldtail/step_30000/eval.json
2026-07-14T11:34:41Z,,full_train__subset1000__d16__ivon_parameter_sampling,selected|pass_at_10,completed,v4_9_mc_sampling_objective,v4_9_005_mc2_n025_pz0,37000,full_train,subset,1000,1000,1000,,0,128,16,1,ivon_parameter_sampling,0,37000,128,3.85e-05,600,cosine_min0p1,1,0,1,0.9,10000000,1,0.99,0.0001,0.2,price,0.25,,0.35,delayed_fixed_depth,full,2500,reset_every_step,false,true,true,0.9995,83.6,85.4,/data1/lsj9862/VR/trm_sudoku_ivon_hpsearch_260619/v4_9_mc_sampling_objective_260626/quick_eval_limit1000_k10_d16/v4_9q_035_ema_v4_9_005_mc2_n025_pz0_step37000/output.json
2026-07-14T11:34:41Z,,full_train__subset1000__d16__ivon_parameter_sampling,pass_at_10,completed,v4_11_peak_preservation,v4_11_000_control_v46_best_pz05_cos01,36500,full_train,subset,1000,1000,1000,,0,128,16,1,ivon_parameter_sampling,0,38000,128,7e-05,600,cosine_min0p1,1,5e-06,1,0.9,10000000,1,0.99,0.0001,0.2,price,0.2,,0.35,delayed_fixed_depth,full,2500,persistent,false,true,true,0.9995,83.6,85.1,/data1/lsj9862/VR/trm_sudoku_ivon_hpsearch_260619/v4_11_peak_preservation_260626/quick_eval_limit1000_k10_d16/v4_11q_012_raw_v4_11_000_control_v46_best_pz05_cos01_step36500/output.json
2026-07-14T11:34:41Z,,full_train__subset1000__d16__ivon_parameter_sampling,selected,completed,v4_17_peak_window_refinement,v4_17_000_const_lr2e6_q035_n020,39000,full_train,subset,1000,1000,1000,,0,128,16,1,ivon_parameter_sampling,0,39500,128,2e-06,600,constant,1,2.8e-07,1,0.9,10000000,1,0.99,0.0001,0.2,price,0.2,,0.35,normal,full,2500,persistent,false,true,true,0.9995,83.6,84.9,/data1/lsj9862/VR/trm_sudoku_ivon_hpsearch_260619/v4_17_peak_window_refinement_260626/quick_eval_limit1000_k10_d16/v4_17q_003_ema_v4_17_000_const_lr2e6_q035_n020_step39000/output.json
2026-07-14T11:34:41Z,,full_train__subset1000__d16__ivon_parameter_sampling,pass_at_10,completed,v4_17_peak_window_refinement,v4_17_004_cos_lr7p5e6_min0p1_q035_n020,39250,full_train,subset,1000,1000,1000,,0,128,16,1,ivon_parameter_sampling,0,39500,128,7.5e-06,600,cosine_min0p1,1,1.05e-06,1,0.9,10000000,1,0.99,0.0001,0.2,price,0.2,,0.35,normal,full,2500,persistent,false,true,true,0.9995,83.6,84.9,/data1/lsj9862/VR/trm_sudoku_ivon_hpsearch_260619/v4_17_peak_window_refinement_260626/quick_eval_limit1000_k10_d16/v4_17q_037_ema_v4_17_004_cos_lr7p5e6_min0p1_q035_n020_step39250/output.json
2026-07-14T11:34:41Z,,full_train__subset1000__d16__ivon_parameter_sampling,selected,completed,v4_5_peak_window_refinement,v4_5_000_control_v43_best_cosine_min0p1_lr1_resetdense_h1_clip0p3_ema0p9995_full_noise0p2_ess1e07_q0p35,36500,full_train,subset,1000,1000,1000,,0,128,16,1,ivon_parameter_sampling,0,37000,128,3.85e-05,600,cosine_min0p1,1,5.5e-06,1,0.9,10000000,1,0.99,0.0001,0.3,price,0.2,,0.35,delayed_fixed_depth,full,2500,persistent,false,true,true,0.9995,83.6,84.5,/data1/lsj9862/VR/trm_sudoku_ivon_hpsearch_260619/v4_5_peak_window_refinement_260626/quick_eval_limit1000_k10_d16/v4_5q_005_ema_v4_5_000_control_v43_best_cosine_min0p1_lr1_resetdense_h1_clip0p3_ema0p9995_full_noise0p2_ess1e07_q0p35_step36500/output.json
2026-07-14T11:34:41Z,,full_train__subset1000__d16__ivon_parameter_sampling,selected,completed,v4_9_mc_sampling_objective,v4_9_005_mc2_n025_pz0,36000,full_train,subset,1000,1000,1000,,0,128,16,1,ivon_parameter_sampling,0,37000,128,3.85e-05,600,cosine_min0p1,1,0,1,0.9,10000000,1,0.99,0.0001,0.2,price,0.25,,0.35,delayed_fixed_depth,full,2500,reset_every_step,false,true,true,0.9995,83.6,84.3,/data1/lsj9862/VR/trm_sudoku_ivon_hpsearch_260619/v4_9_mc_sampling_objective_260626/quick_eval_limit1000_k10_d16/v4_9q_031_ema_v4_9_005_mc2_n025_pz0_step36000/output.json
2026-07-14T11:34:41Z,,full_train__subset1000__d16__ivon_parameter_sampling,selected|pass_at_10,completed,v19_lowlevel_coarse_fill_260702,v19_16_low_noise_high_q,50000,full_train,subset,1000,1000,1000,,0,128,16,1,ivon_parameter_sampling,0,50000,128,0.0007,600,,1,0.0001,1,0.9,10000000,1,0.99,0.0001,0.2,price,0.225,,0.45,delayed_fixed_depth,delayed_token_only,2500,persistent,false,true,true,0.999,83.6,83.9,/data1/lsj9862/VR/trm_sudoku_ivon_hpsearch_260619/source_server_autonomous_hp_260630/v19_lowlevel_coarse_fill_260702/eval_queue/v19_16_low_noise_high_q/raw_step_50000_k10d16_limit1000/output.json
2026-07-14T11:34:41Z,,full_train__subset1000__d16__ivon_parameter_sampling,selected|pass_at_10,completed,v3_7_posterior_concentration,v3_7_006_noise02_q035_cos01_cosine_min0p1_noise0p2_ess1e07_q0p35,35000,full_train,subset,1000,1000,1000,,0,128,16,1,ivon_parameter_sampling,0,40000,128,7e-05,600,cosine_min0p1,1,1e-05,1,0.9,10000000,1,0.99,0.0001,0.3,price,0.2,,0.35,delayed_fixed_depth,full,2500,persistent,false,true,false,0.999,83.5,85.5,/data1/lsj9862/VR/trm_sudoku_ivon_hpsearch_260619/v3_7_posterior_concentration_260626/quick_eval_limit1000_k10_d16/v3_7q_012_v3_7_006_noise02_q035_cos01_cosine_min0p1_noise0p2_ess1e07_q0p35_step35000/output.json
2026-07-14T11:34:41Z,,full_train__subset1000__d16__ivon_parameter_sampling,selected|pass_at_10,completed,v4_16_leader_continuation,v4_16_001_keepopt_const_lr1e5_q035_n020,40000,full_train,subset,1000,1000,1000,,0,128,16,1,ivon_parameter_sampling,0,40000,128,1e-05,600,constant,1,1.4e-06,1,0.9,10000000,1,0.99,0.0001,0.2,price,0.2,,0.35,normal,full,2500,persistent,false,true,true,0.9995,83.5,85.1,/data1/lsj9862/VR/trm_sudoku_ivon_hpsearch_260619/v4_16_leader_continuation_260626/quick_eval_limit1000_k10_d16/v4_16q_022_raw_v4_16_001_keepopt_const_lr1e5_q035_n020_step40000/output.json
2026-07-14T11:34:41Z,,full_train__subset1000__d16__ivon_parameter_sampling,selected|pass_at_10,completed,v4_8_posterior_optimizer_axis,v4_8_005_nodebias,36750,full_train,subset,1000,1000,1000,,0,128,16,1,ivon_parameter_sampling,0,37000,128,3.85e-05,600,cosine_min0p1,1,5.5e-06,1,0.9,10000000,1,0.99,0.0001,0.2,price,0.2,,0.35,delayed_fixed_depth,full,2500,persistent,false,false,true,0.9995,83.5,85.1,/data1/lsj9862/VR/trm_sudoku_ivon_hpsearch_260619/v4_8_posterior_optimizer_axis_260626/quick_eval_limit1000_k10_d16/v4_8q_032_raw_v4_8_005_nodebias_step36750/output.json
2026-07-14T11:34:41Z,,full_train__subset1000__d16__ivon_parameter_sampling,pass_at_10,completed,v4_5_peak_window_refinement,v4_5_000_control_v43_best_cosine_min0p1_lr1_resetdense_h1_clip0p3_ema0p9995_full_noise0p2_ess1e07_q0p35,36750,full_train,subset,1000,1000,1000,,0,128,16,1,ivon_parameter_sampling,0,37000,128,3.85e-05,600,cosine_min0p1,1,5.5e-06,1,0.9,10000000,1,0.99,0.0001,0.3,price,0.2,,0.35,delayed_fixed_depth,full,2500,persistent,false,true,true,0.9995,83.5,85,/data1/lsj9862/VR/trm_sudoku_ivon_hpsearch_260619/v4_5_peak_window_refinement_260626/quick_eval_limit1000_k10_d16/v4_5q_007_ema_v4_5_000_control_v43_best_cosine_min0p1_lr1_resetdense_h1_clip0p3_ema0p9995_full_noise0p2_ess1e07_q0p35_step36750/output.json
2026-07-14T11:34:41Z,,full_train__subset1000__d16__ivon_parameter_sampling,selected,completed,v4_16_leader_continuation,v4_16_002_keepopt_const_lr2e5_q035_n020,40000,full_train,subset,1000,1000,1000,,0,128,16,1,ivon_parameter_sampling,0,40000,128,2e-05,600,constant,1,2.8e-06,1,0.9,10000000,1,0.99,0.0001,0.2,price,0.2,,0.35,normal,full,2500,persistent,false,true,true,0.9995,83.5,84.9,/data1/lsj9862/VR/trm_sudoku_ivon_hpsearch_260619/v4_16_leader_continuation_260626/quick_eval_limit1000_k10_d16/v4_16q_034_raw_v4_16_002_keepopt_const_lr2e5_q035_n020_step40000/output.json
2026-07-14T11:34:41Z,,full_train__subset1000__d16__ivon_parameter_sampling,selected|pass_at_10,completed,v12_sample_density_axis_260701,v12d_delay10000_delayed_token,50000,full_train,subset,1000,1000,1000,,0,128,16,1,ivon_parameter_sampling,0,50000,128,0.0007,600,,1,0.0001,1,0.9,10000000,1,0.99,0.0001,0.2,price,0.275,,0.35,delayed_fixed_depth,delayed_token_only,10000,persistent,false,true,true,0.999,83.5,84.7,/data1/lsj9862/VR/trm_sudoku_ivon_hpsearch_260619/source_server_autonomous_hp_260630/v12_sample_density_axis_260701/eval_queue/v12d_delay10000_delayed_token/raw_final_k10d16_limit1000/output.json
2026-07-14T11:34:41Z,,full_train__subset1000__d16__ivon_compare_selection,selected|pass_at_10,completed,v4_17_peak_window_refinement,v4_17_007_cos_lr7p5e6_min0p1_q035_n022,39250,full_train,subset,1000,1000,1000,,3,128,16,1,ivon_compare_selection,0,39500,128,7.5e-06,600,cosine_min0p1,1,1.05e-06,1,0.9,10000000,1,0.99,0.0001,0.2,price,0.22,,0.35,normal,full,2500,persistent,false,true,true,0.9995,83.5,84.4,/data1/lsj9862/VR/trm_sudoku_ivon_hpsearch_260619/v4_21_eval_batch_sampling_diagnostic_260627/eval_limit1000_k10_d16/v4_21_v4_17_best_ema_step39250_bs128_seed3/output.json
2026-07-14T11:34:41Z,,full_train__subset1000__d16__ivon_compare_selection,selected|pass_at_10,completed,v4_17_peak_window_refinement,v4_17_007_cos_lr7p5e6_min0p1_q035_n022,39250,full_train,subset,1000,1000,1000,,3,64,16,1,ivon_compare_selection,0,39500,128,7.5e-06,600,cosine_min0p1,1,1.05e-06,1,0.9,10000000,1,0.99,0.0001,0.2,price,0.22,,0.35,normal,full,2500,persistent,false,true,true,0.9995,83.5,84.3,/data1/lsj9862/VR/trm_sudoku_ivon_hpsearch_260619/v4_21_eval_batch_sampling_diagnostic_260627/eval_limit1000_k10_d16/v4_21_v4_17_best_ema_step39250_bs64_seed3/output.json
2026-07-14T11:34:41Z,,full_train__subset1000__d16__ivon_parameter_sampling,selected|pass_at_10,completed,v4_3_optimizer_reset,v4_3_003_reset_h10_c03_q025_cosine_min0p1_lr1_resetdense_h10_clip0p3_ema0p9995_full_noise0p3_ess1e07_q0p25,38000,full_train,subset,1000,1000,1000,,0,128,16,1,ivon_parameter_sampling,0,38000,128,3.85e-05,600,cosine_min0p1,1,5.5e-06,1,0.9,10000000,10,0.99,0.0001,0.3,price,0.3,,0.25,delayed_fixed_depth,full,2500,persistent,false,true,true,0.9995,83.5,84.3,/data1/lsj9862/VR/trm_sudoku_ivon_hpsearch_260619/v4_3_optimizer_reset_260626/quick_eval_limit1000_k10_d16/v4_3q_040_raw_v4_3_003_reset_h10_c03_q025_cosine_min0p1_lr1_resetdense_h10_clip0p3_ema0p9995_full_noise0p3_ess1e07_q0p25_step38000/output.json
2026-07-14T11:34:41Z,,full_train__subset1000__d16__ivon_compare_selection,selected|pass_at_10,completed,v4_11_peak_preservation,v4_11_004_delay35k_pz05_drop36_x025,36000,full_train,subset,1000,1000,1000,,0,16,16,1,ivon_compare_selection,0,38000,128,7e-05,600,piecewise_36000_x025,1,5e-06,1,0.9,10000000,1,0.99,0.0001,0.2,price,0.2,,0.35,delayed_fixed_depth,full,35000,persistent,false,true,true,0.9995,83.4,85.6,/data1/lsj9862/VR/trm_sudoku_ivon_hpsearch_260619/v4_21_eval_batch_sampling_diagnostic_260627/eval_limit1000_k10_d16/v4_21_v4_11_highpass_raw_step36000_bs16_seed0/output.json
2026-07-14T11:34:41Z,,full_train__subset1000__d16__ivon_parameter_sampling,selected|pass_at_10,completed,v4_3_optimizer_reset,v4_3_008_reset_h3_c03_q035_n02_cosine_min0p1_lr1_resetdense_h3_clip0p3_ema0p9995_full_noise0p2_ess1e07_q0p35,36500,full_train,subset,1000,1000,1000,,0,128,16,1,ivon_parameter_sampling,0,38000,128,3.85e-05,600,cosine_min0p1,1,5.5e-06,1,0.9,10000000,3,0.99,0.0001,0.3,price,0.2,,0.35,delayed_fixed_depth,full,2500,persistent,false,true,true,0.9995,83.4,84.9,/data1/lsj9862/VR/trm_sudoku_ivon_hpsearch_260619/v4_3_optimizer_reset_260626/quick_eval_limit1000_k10_d16/v4_3q_095_ema_v4_3_008_reset_h3_c03_q035_n02_cosine_min0p1_lr1_resetdense_h3_clip0p3_ema0p9995_full_noise0p2_ess1e07_q0p35_step36500/output.json
2026-07-14T11:34:41Z,,full_train__subset1000__d16__ivon_parameter_sampling,selected,completed,v4_5_peak_window_refinement,v4_5_013_q035_n020_h1_c03_lr050_cosine_min0p1_lr0p5_resetdense_h1_clip0p3_ema0p9995_full_noise0p2_ess1e07_q0p35,36500,full_train,subset,1000,1000,1000,,0,128,16,1,ivon_parameter_sampling,0,37000,128,1.925e-05,600,cosine_min0p1,1,2.75e-06,1,0.9,10000000,1,0.99,0.0001,0.3,price,0.2,,0.35,delayed_fixed_depth,full,2500,persistent,false,true,true,0.9995,83.4,84.9,/data1/lsj9862/VR/trm_sudoku_ivon_hpsearch_260619/v4_5_peak_window_refinement_260626/quick_eval_limit1000_k10_d16/v4_5q_135_ema_v4_5_013_q035_n020_h1_c03_lr050_cosine_min0p1_lr0p5_resetdense_h1_clip0p3_ema0p9995_full_noise0p2_ess1e07_q0p35_step36500/output.json
2026-07-14T11:34:41Z,,full_train__subset1000__d16__ivon_parameter_sampling,selected|pass_at_10,completed,v4_5_peak_window_refinement,v4_5_008_q035_n020_h05_c03_cosine_min0p1_lr1_resetdense_h0p5_clip0p3_ema0p9995_full_noise0p2_ess1e07_q0p35,36500,full_train,subset,1000,1000,1000,,0,128,16,1,ivon_parameter_sampling,0,37000,128,3.85e-05,600,cosine_min0p1,1,5.5e-06,1,0.9,10000000,0.5,0.99,0.0001,0.3,price,0.2,,0.35,delayed_fixed_depth,full,2500,persistent,false,true,true,0.9995,83.4,84.8,/data1/lsj9862/VR/trm_sudoku_ivon_hpsearch_260619/v4_5_peak_window_refinement_260626/quick_eval_limit1000_k10_d16/v4_5q_085_ema_v4_5_008_q035_n020_h05_c03_cosine_min0p1_lr1_resetdense_h0p5_clip0p3_ema0p9995_full_noise0p2_ess1e07_q0p35_step36500/output.json
2026-07-14T11:34:41Z,,full_train__subset1000__d16__ivon_parameter_sampling,selected|pass_at_10,completed,v4_10_persistent_mc_objective,v4_10_004_mc2_persist_pz0_n030,36500,full_train,subset,1000,1000,1000,,0,128,16,1,ivon_parameter_sampling,0,37000,128,3.85e-05,600,cosine_min0p1,1,0,1,0.9,10000000,1,0.99,0.0001,0.2,price,0.3,,0.35,delayed_fixed_depth,full,2500,persistent,false,true,true,0.9995,83.4,84.6,/data1/lsj9862/VR/trm_sudoku_ivon_hpsearch_260619/v4_10_persistent_mc_objective_260626/quick_eval_limit1000_k10_d16/v4_10q_027_ema_v4_10_004_mc2_persist_pz0_n030_step36500/output.json
2026-07-14T11:34:41Z,,full_train__subset1000__d16__ivon_compare_selection,selected|pass_at_10,completed,v4_16_leader_continuation,v4_16_003_keepopt_cos_lr1e5_q035_n020,38500,full_train,subset,1000,1000,1000,,3,16,16,1,ivon_compare_selection,0,40000,128,1e-05,600,cosine_min0p1,1,1.4e-06,1,0.9,10000000,1,0.99,0.0001,0.2,price,0.2,,0.35,normal,full,2500,persistent,false,true,true,0.9995,83.4,84.5,/data1/lsj9862/VR/trm_sudoku_ivon_hpsearch_260619/v4_21_eval_batch_sampling_diagnostic_260627/eval_limit1000_k10_d16/v4_21_v4_16_best_raw_step38500_bs16_seed3/output.json
2026-07-14T11:34:41Z,,full_train__subset1000__d16__ivon_compare_selection,selected|pass_at_10,completed,v4_17_peak_window_refinement,v4_17_007_cos_lr7p5e6_min0p1_q035_n022,39250,full_train,subset,1000,1000,1000,,1,128,16,1,ivon_compare_selection,0,39500,128,7.5e-06,600,cosine_min0p1,1,1.05e-06,1,0.9,10000000,1,0.99,0.0001,0.2,price,0.22,,0.35,normal,full,2500,persistent,false,true,true,0.9995,83.4,84.3,/data1/lsj9862/VR/trm_sudoku_ivon_hpsearch_260619/v4_21_eval_batch_sampling_diagnostic_260627/eval_limit1000_k10_d16/v4_21_v4_17_best_ema_step39250_bs128_seed1/output.json
2026-07-14T11:34:41Z,,full_train__subset1000__d16__ivon_parameter_sampling,selected|pass_at_10,completed,v4_10_persistent_mc_objective,v4_10_005_mc2_persist_pz0_n025_lr075,37000,full_train,subset,1000,1000,1000,,0,128,16,1,ivon_parameter_sampling,0,37000,128,2.8875e-05,600,cosine_min0p1,1,0,1,0.9,10000000,1,0.99,0.0001,0.2,price,0.25,,0.35,delayed_fixed_depth,full,2500,persistent,false,true,true,0.9995,83.3,85.5,/data1/lsj9862/VR/trm_sudoku_ivon_hpsearch_260619/v4_10_persistent_mc_objective_260626/quick_eval_limit1000_k10_d16/v4_10q_035_ema_v4_10_005_mc2_persist_pz0_n025_lr075_step37000/output.json
2026-07-14T11:34:41Z,,full_train__subset1000__d16__ivon_compare_selection,selected|pass_at_10,completed,v4_11_peak_preservation,v4_11_004_delay35k_pz05_drop36_x025,36000,full_train,subset,1000,1000,1000,,2,64,16,1,ivon_compare_selection,0,38000,128,7e-05,600,piecewise_36000_x025,1,5e-06,1,0.9,10000000,1,0.99,0.0001,0.2,price,0.2,,0.35,delayed_fixed_depth,full,35000,persistent,false,true,true,0.9995,83.2,85.7,/data1/lsj9862/VR/trm_sudoku_ivon_hpsearch_260619/v4_21_eval_batch_sampling_diagnostic_260627/eval_limit1000_k10_d16/v4_21_v4_11_highpass_raw_step36000_bs64_seed2/output.json
2026-07-14T11:34:41Z,,full_train__subset1000__d16__ivon_parameter_sampling,pass_at_10,completed,v4_5_peak_window_refinement,v4_5_013_q035_n020_h1_c03_lr050_cosine_min0p1_lr0p5_resetdense_h1_clip0p3_ema0p9995_full_noise0p2_ess1e07_q0p35,36500,full_train,subset,1000,1000,1000,,0,128,16,1,ivon_parameter_sampling,0,37000,128,1.925e-05,600,cosine_min0p1,1,2.75e-06,1,0.9,10000000,1,0.99,0.0001,0.3,price,0.2,,0.35,delayed_fixed_depth,full,2500,persistent,false,true,true,0.9995,83.2,85.1,/data1/lsj9862/VR/trm_sudoku_ivon_hpsearch_260619/v4_5_peak_window_refinement_260626/quick_eval_limit1000_k10_d16/v4_5q_134_raw_v4_5_013_q035_n020_h1_c03_lr050_cosine_min0p1_lr0p5_resetdense_h1_clip0p3_ema0p9995_full_noise0p2_ess1e07_q0p35_step36500/output.json
2026-07-14T11:34:41Z,,full_train__subset1000__d16__ivon_parameter_sampling,selected|pass_at_10,completed,v4_17_peak_window_refinement,v4_17_002_const_lr7p5e6_q035_n020,39500,full_train,subset,1000,1000,1000,,0,128,16,1,ivon_parameter_sampling,0,39500,128,7.5e-06,600,constant,1,1.05e-06,1,0.9,10000000,1,0.99,0.0001,0.2,price,0.2,,0.35,normal,full,2500,persistent,false,true,true,0.9995,83.2,84.4,/data1/lsj9862/VR/trm_sudoku_ivon_hpsearch_260619/v4_17_peak_window_refinement_260626/quick_eval_limit1000_k10_d16/v4_17q_023_ema_v4_17_002_const_lr7p5e6_q035_n020_step39500/output.json
2026-07-14T11:34:41Z,,full_train__subset1000__d16__ivon_parameter_sampling,selected|pass_at_10,completed,v4_11_peak_preservation,v4_11_004_delay35k_pz05_drop36_x025,36000,full_train,subset,1000,1000,1000,,0,128,16,1,ivon_parameter_sampling,0,38000,128,7e-05,600,piecewise_36000_x025,1,5e-06,1,0.9,10000000,1,0.99,0.0001,0.2,price,0.2,,0.35,delayed_fixed_depth,full,35000,persistent,false,true,true,0.9995,83.1,86.2,/data1/lsj9862/VR/trm_sudoku_ivon_hpsearch_260619/v4_11_peak_preservation_260626/quick_eval_limit1000_k10_d16/v4_11q_096_raw_v4_11_004_delay35k_pz05_drop36_x025_step36000/output.json
2026-07-14T11:34:41Z,,full_train__subset1000__d16__ivon_compare_selection,selected|pass_at_10,completed,v4_11_peak_preservation,v4_11_004_delay35k_pz05_drop36_x025,36000,full_train,subset,1000,1000,1000,,0,128,16,1,ivon_compare_selection,0,38000,128,7e-05,600,piecewise_36000_x025,1,5e-06,1,0.9,10000000,1,0.99,0.0001,0.2,price,0.2,,0.35,delayed_fixed_depth,full,35000,persistent,false,true,true,0.9995,83.1,86.2,/data1/lsj9862/VR/trm_sudoku_ivon_hpsearch_260619/v4_21_eval_batch_sampling_diagnostic_260627/eval_limit1000_k10_d16/v4_21_v4_11_highpass_raw_step36000_bs128_seed0/output.json
2026-07-14T11:34:41Z,,full_train__subset1000__d16__ivon_parameter_sampling,selected|pass_at_10,completed,v4_11_peak_preservation,v4_11_005_delay35k_pz05_drop36_x010,36000,full_train,subset,1000,1000,1000,,0,128,16,1,ivon_parameter_sampling,0,38000,128,7e-05,600,piecewise_36000_x010,1,5e-06,1,0.9,10000000,1,0.99,0.0001,0.2,price,0.2,,0.35,delayed_fixed_depth,full,35000,persistent,false,true,true,0.9995,83.1,86.2,/data1/lsj9862/VR/trm_sudoku_ivon_hpsearch_260619/v4_11_peak_preservation_260626/quick_eval_limit1000_k10_d16/v4_11q_118_raw_v4_11_005_delay35k_pz05_drop36_x010_step36000/output.json
2026-07-14T11:34:41Z,,full_train__subset1000__d16__ivon_parameter_sampling,selected|pass_at_10,completed,v4_11_peak_preservation,v4_11_001_delay34k_pz05_cos01,37500,full_train,subset,1000,1000,1000,,0,128,16,1,ivon_parameter_sampling,0,38000,128,7e-05,600,cosine_min0p1,1,5e-06,1,0.9,10000000,1,0.99,0.0001,0.2,price,0.2,,0.35,delayed_fixed_depth,full,34000,persistent,false,true,true,0.9995,83.1,85.3,/data1/lsj9862/VR/trm_sudoku_ivon_hpsearch_260619/v4_11_peak_preservation_260626/quick_eval_limit1000_k10_d16/v4_11q_040_raw_v4_11_001_delay34k_pz05_cos01_step37500/output.json
2026-07-14T11:34:41Z,,full_train__subset1000__d16__ivon_compare_selection,selected|pass_at_10,completed,v4_11_peak_preservation,v4_11_004_delay35k_pz05_drop36_x025,36000,full_train,subset,1000,1000,1000,,2,32,16,1,ivon_compare_selection,0,38000,128,7e-05,600,piecewise_36000_x025,1,5e-06,1,0.9,10000000,1,0.99,0.0001,0.2,price,0.2,,0.35,delayed_fixed_depth,full,35000,persistent,false,true,true,0.9995,83.1,85.3,/data1/lsj9862/VR/trm_sudoku_ivon_hpsearch_260619/v4_21_eval_batch_sampling_diagnostic_260627/eval_limit1000_k10_d16/v4_21_v4_11_highpass_raw_step36000_bs32_seed2/output.json
2026-07-14T11:34:41Z,,full_train__subset1000__d16__ivon_parameter_sampling,pass_at_10,completed,v4_17_peak_window_refinement,v4_17_000_const_lr2e6_q035_n020,38750,full_train,subset,1000,1000,1000,,0,128,16,1,ivon_parameter_sampling,0,39500,128,2e-06,600,constant,1,2.8e-07,1,0.9,10000000,1,0.99,0.0001,0.2,price,0.2,,0.35,normal,full,2500,persistent,false,true,true,0.9995,83.1,85.1,/data1/lsj9862/VR/trm_sudoku_ivon_hpsearch_260619/v4_17_peak_window_refinement_260626/quick_eval_limit1000_k10_d16/v4_17q_000_raw_v4_17_000_const_lr2e6_q035_n020_step38750/output.json
2026-07-14T11:34:41Z,,full_train__subset1000__d16__ivon_parameter_sampling,selected|pass_at_10,completed,v4_6_formation_window,v4_6_007_resetboth_c02_puzzle2_q035_n02,34000,full_train,subset,1000,1000,1000,,0,128,16,1,ivon_parameter_sampling,0,37000,128,7e-05,600,cosine_min0p1,1,2e-05,1,0.9,10000000,1,0.99,0.0001,0.2,price,0.2,,0.35,delayed_fixed_depth,full,2500,persistent,false,true,true,0.9995,83.1,84.7,/data1/lsj9862/VR/trm_sudoku_ivon_hpsearch_260619/v4_6_formation_window_260626/quick_eval_limit1000_k10_d16/v4_6q_098_raw_v4_6_007_resetboth_c02_puzzle2_q035_n02_step34000/output.json
2026-07-14T11:34:41Z,,full_train__subset1000__d16__ivon_parameter_sampling,selected|pass_at_10,completed,v4_10_persistent_mc_objective,v4_10_003_mc2_persist_pz0_n025,36500,full_train,subset,1000,1000,1000,,0,128,16,1,ivon_parameter_sampling,0,37000,128,3.85e-05,600,cosine_min0p1,1,0,1,0.9,10000000,1,0.99,0.0001,0.2,price,0.25,,0.35,delayed_fixed_depth,full,2500,persistent,false,true,true,0.9995,83.1,84.6,/data1/lsj9862/VR/trm_sudoku_ivon_hpsearch_260619/v4_10_persistent_mc_objective_260626/quick_eval_limit1000_k10_d16/v4_10q_021_ema_v4_10_003_mc2_persist_pz0_n025_step36500/output.json
2026-07-14T11:34:41Z,,full_train__subset1000__d16__ivon_parameter_sampling,selected,completed,v4_11_peak_preservation,v4_11_005_delay35k_pz05_drop36_x010,36750,full_train,subset,1000,1000,1000,,0,128,16,1,ivon_parameter_sampling,0,38000,128,7e-05,600,piecewise_36000_x010,1,5e-06,1,0.9,10000000,1,0.99,0.0001,0.2,price,0.2,,0.35,delayed_fixed_depth,full,35000,persistent,false,true,true,0.9995,83.1,84.3,/data1/lsj9862/VR/trm_sudoku_ivon_hpsearch_260619/v4_11_peak_preservation_260626/quick_eval_limit1000_k10_d16/v4_11q_125_ema_v4_11_005_delay35k_pz05_drop36_x010_step36750/output.json
2026-07-14T11:34:41Z,,full_train__subset1000__d16__ivon_parameter_sampling,selected,completed,v4_3_optimizer_reset,v4_3_004_reset_h1_c10_q025_cosine_min0p1_lr1_resetdense_h1_clip1_ema0p9995_full_noise0p3_ess1e07_q0p25,37000,full_train,subset,1000,1000,1000,,0,128,16,1,ivon_parameter_sampling,0,38000,128,3.85e-05,600,cosine_min0p1,1,5.5e-06,1,0.9,10000000,1,0.99,0.0001,1,price,0.3,,0.25,delayed_fixed_depth,full,2500,persistent,false,true,true,0.9995,83.1,84.3,/data1/lsj9862/VR/trm_sudoku_ivon_hpsearch_260619/v4_3_optimizer_reset_260626/quick_eval_limit1000_k10_d16/v4_3q_048_raw_v4_3_004_reset_h1_c10_q025_cosine_min0p1_lr1_resetdense_h1_clip1_ema0p9995_full_noise0p3_ess1e07_q0p25_step37000/output.json
2026-07-14T11:34:41Z,,full_train__subset1000__d16__ivon_compare_selection,selected|pass_at_10,completed,v4_16_leader_continuation,v4_16_003_keepopt_cos_lr1e5_q035_n020,38500,full_train,subset,1000,1000,1000,,3,128,16,1,ivon_compare_selection,0,40000,128,1e-05,600,cosine_min0p1,1,1.4e-06,1,0.9,10000000,1,0.99,0.0001,0.2,price,0.2,,0.35,normal,full,2500,persistent,false,true,true,0.9995,83.1,84.1,/data1/lsj9862/VR/trm_sudoku_ivon_hpsearch_260619/v4_21_eval_batch_sampling_diagnostic_260627/eval_limit1000_k10_d16/v4_21_v4_16_best_raw_step38500_bs128_seed3/output.json
2026-07-14T11:34:41Z,,full_train__subset1000__d16__ivon_parameter_sampling,selected|pass_at_10,completed,v6_clean50k_pass10_lift_gen00,v6g00_005_r5_clip030_piece_v36v416_lr0p0007_q0p35_n0p25_clip0p3_delayed_fixed_depth_full,50000,full_train,subset,1000,1000,1000,,0,128,16,1,ivon_parameter_sampling,0,50000,128,0.0007,600,piece_v36v416,1,0.0001,1,0.9,10000000,1,0.99,0.0001,0.3,price,0.25,,0.35,delayed_fixed_depth,full,2500,persistent,false,true,true,0.999,83.1,83.9,/data1/lsj9862/VR/trm_sudoku_ivon_hpsearch_260619/v6_clean50k_pass10_lift_260628/gen00_clean50k/quick_eval_limit1000_k10_d16/v6q_023_raw_v6g00_005_r5_clip030_piece_v36v416_lr0p0007_q0p35_n0p25_clip0p3_delayed_fixed_depth_full_step50000/output.json
2026-07-14T11:34:41Z,,full_train__subset1000__d16__ivon_parameter_sampling,pass_at_10,completed,v4_3_optimizer_reset,v4_3_009_reset_h1_c03_q035_n02_cosine_min0p1_lr1_resetdense_h1_clip0p3_ema0p9995_full_noise0p2_ess1e07_q0p35,37000,full_train,subset,1000,1000,1000,,0,128,16,1,ivon_parameter_sampling,0,38000,128,3.85e-05,600,cosine_min0p1,1,5.5e-06,1,0.9,10000000,1,0.99,0.0001,0.3,price,0.2,,0.35,delayed_fixed_depth,full,2500,persistent,false,true,true,0.9995,83,85.2,/data1/lsj9862/VR/trm_sudoku_ivon_hpsearch_260619/v4_3_optimizer_reset_260626/quick_eval_limit1000_k10_d16/v4_3q_109_ema_v4_3_009_reset_h1_c03_q035_n02_cosine_min0p1_lr1_resetdense_h1_clip0p3_ema0p9995_full_noise0p2_ess1e07_q0p35_step37000/output.json
2026-07-14T11:34:41Z,,full_train__subset1000__d16__ivon_parameter_sampling,pass_at_10,completed,v4_16_leader_continuation,v4_16_002_keepopt_const_lr2e5_q035_n020,38000,full_train,subset,1000,1000,1000,,0,128,16,1,ivon_parameter_sampling,0,40000,128,2e-05,600,constant,1,2.8e-06,1,0.9,10000000,1,0.99,0.0001,0.2,price,0.2,,0.35,normal,full,2500,persistent,false,true,true,0.9995,83,85.1,/data1/lsj9862/VR/trm_sudoku_ivon_hpsearch_260619/v4_16_leader_continuation_260626/quick_eval_limit1000_k10_d16/v4_16q_026_raw_v4_16_002_keepopt_const_lr2e5_q035_n020_step38000/output.json
2026-07-14T11:34:41Z,,full_train__subset1000__d16__ivon_parameter_sampling,pass_at_10,completed,v4_3_optimizer_reset,v4_3_004_reset_h1_c10_q025_cosine_min0p1_lr1_resetdense_h1_clip1_ema0p9995_full_noise0p3_ess1e07_q0p25,37000,full_train,subset,1000,1000,1000,,0,128,16,1,ivon_parameter_sampling,0,38000,128,3.85e-05,600,cosine_min0p1,1,5.5e-06,1,0.9,10000000,1,0.99,0.0001,1,price,0.3,,0.25,delayed_fixed_depth,full,2500,persistent,false,true,true,0.9995,83,84.7,/data1/lsj9862/VR/trm_sudoku_ivon_hpsearch_260619/v4_3_optimizer_reset_260626/quick_eval_limit1000_k10_d16/v4_3q_049_ema_v4_3_004_reset_h1_c10_q025_cosine_min0p1_lr1_resetdense_h1_clip1_ema0p9995_full_noise0p3_ess1e07_q0p25_step37000/output.json
2026-07-14T11:34:41Z,,full_train__subset1000__d16__ivon_parameter_sampling,selected,completed,v4_6_formation_window,v4_6_005_resetdense_c02_lr075_q035_n02,36000,full_train,subset,1000,1000,1000,,0,128,16,1,ivon_parameter_sampling,0,37000,128,5.25e-05,600,cosine_min0p1,1,7.5e-06,1,0.9,10000000,1,0.99,0.0001,0.2,price,0.2,,0.35,delayed_fixed_depth,full,2500,persistent,false,true,true,0.9995,83,84.5,/data1/lsj9862/VR/trm_sudoku_ivon_hpsearch_260619/v4_6_formation_window_260626/quick_eval_limit1000_k10_d16/v4_6q_078_raw_v4_6_005_resetdense_c02_lr075_q035_n02_step36000/output.json
2026-07-14T11:34:41Z,,full_train__subset1000__d16__ivon_parameter_sampling,selected|pass_at_10,completed,v4_17_peak_window_refinement,v4_17_006_cos_lr7p5e6_min0p1_q040_n020,39500,full_train,subset,1000,1000,1000,,0,128,16,1,ivon_parameter_sampling,0,39500,128,7.5e-06,600,cosine_min0p1,1,1.05e-06,1,0.9,10000000,1,0.99,0.0001,0.2,price,0.2,,0.4,normal,full,2500,persistent,false,true,true,0.9995,83,84.4,/data1/lsj9862/VR/trm_sudoku_ivon_hpsearch_260619/v4_17_peak_window_refinement_260626/quick_eval_limit1000_k10_d16/v4_17q_055_ema_v4_17_006_cos_lr7p5e6_min0p1_q040_n020_step39500/output.json
2026-07-14T11:34:41Z,,full_train__subset1000__d16__ivon_compare_selection,selected|pass_at_10,completed,v4_11_peak_preservation,v4_11_004_delay35k_pz05_drop36_x025,36000,full_train,subset,1000,1000,1000,,1,64,16,1,ivon_compare_selection,0,38000,128,7e-05,600,piecewise_36000_x025,1,5e-06,1,0.9,10000000,1,0.99,0.0001,0.2,price,0.2,,0.35,delayed_fixed_depth,full,35000,persistent,false,true,true,0.9995,83,84.3,/data1/lsj9862/VR/trm_sudoku_ivon_hpsearch_260619/v4_21_eval_batch_sampling_diagnostic_260627/eval_limit1000_k10_d16/v4_21_v4_11_highpass_raw_step36000_bs64_seed1/output.json
2026-07-14T11:34:41Z,,full_train__subset1000__d16__ivon_compare_selection,selected|pass_at_10,completed,v4_16_leader_continuation,v4_16_003_keepopt_cos_lr1e5_q035_n020,38500,full_train,subset,1000,1000,1000,,0,64,16,1,ivon_compare_selection,0,40000,128,1e-05,600,cosine_min0p1,1,1.4e-06,1,0.9,10000000,1,0.99,0.0001,0.2,price,0.2,,0.35,normal,full,2500,persistent,false,true,true,0.9995,83,84,/data1/lsj9862/VR/trm_sudoku_ivon_hpsearch_260619/v4_21_eval_batch_sampling_diagnostic_260627/eval_limit1000_k10_d16/v4_21_v4_16_best_raw_step38500_bs64_seed0/output.json
2026-07-14T11:34:41Z,,full_train__subset1000__d16__ivon_parameter_sampling,selected,completed,v4_6_formation_window,v4_6_003_resetboth_c02_q035_n02,35000,full_train,subset,1000,1000,1000,,0,128,16,1,ivon_parameter_sampling,0,37000,128,7e-05,600,cosine_min0p1,1,1e-05,1,0.9,10000000,1,0.99,0.0001,0.2,price,0.2,,0.35,delayed_fixed_depth,full,2500,persistent,false,true,true,0.9995,83,84,/data1/lsj9862/VR/trm_sudoku_ivon_hpsearch_260619/v4_6_formation_window_260626/quick_eval_limit1000_k10_d16/v4_6q_046_raw_v4_6_003_resetboth_c02_q035_n02_step35000/output.json
2026-07-14T11:34:41Z,,full_train__subset1000__d16__ivon_parameter_sampling,selected|pass_at_10,completed,v4_1_ema_qtail,v4_1_001_ema0999_q025_cosine_min0p1_ema0p999_full_noise0p3_ess1e07_q0p25,36000,full_train,subset,1000,1000,1000,,0,128,16,1,ivon_parameter_sampling,0,40000,128,3.85e-05,600,cosine_min0p1,1,5.5e-06,1,0.9,10000000,1,0.99,0.0001,0.3,price,0.3,,0.25,delayed_fixed_depth,full,2500,persistent,false,true,true,0.999,83,83.8,/data1/lsj9862/VR/trm_sudoku_ivon_hpsearch_260619/v4_1_ema_qtail_260626/quick_eval_limit1000_k10_d16/v4_1q_006_ema_v4_1_001_ema0999_q025_cosine_min0p1_ema0p999_full_noise0p3_ess1e07_q0p25_step36000/output.json
2026-07-14T11:34:41Z,,full_train__subset1000__d16__ivon_parameter_sampling,selected|pass_at_10,completed,v4_1_ema_qtail,v4_1_002_ema09995_q025_cosine_min0p1_ema0p9995_full_noise0p3_ess1e07_q0p25,36000,full_train,subset,1000,1000,1000,,0,128,16,1,ivon_parameter_sampling,0,40000,128,3.85e-05,600,cosine_min0p1,1,5.5e-06,1,0.9,10000000,1,0.99,0.0001,0.3,price,0.3,,0.25,delayed_fixed_depth,full,2500,persistent,false,true,true,0.9995,83,83.7,/data1/lsj9862/VR/trm_sudoku_ivon_hpsearch_260619/v4_1_ema_qtail_260626/quick_eval_limit1000_k10_d16/v4_1q_016_ema_v4_1_002_ema09995_q025_cosine_min0p1_ema0p9995_full_noise0p3_ess1e07_q0p25_step36000/output.json
2026-07-14T11:34:41Z,,full_train__subset1000__d16__ivon_parameter_sampling,selected|pass_at_10,completed,v19_lowlevel_coarse_fill_260702,v19_08_beta2_fast,50000,full_train,subset,1000,1000,1000,,0,128,16,1,ivon_parameter_sampling,0,50000,128,0.0007,600,,1,0.0001,1,0.9,10000000,1,0.97,0.0001,0.2,price,0.275,,0.35,delayed_fixed_depth,delayed_token_only,2500,persistent,false,true,true,0.999,83,83.6,/data1/lsj9862/VR/trm_sudoku_ivon_hpsearch_260619/source_server_autonomous_hp_260630/v19_lowlevel_coarse_fill_260702/eval_queue/v19_08_beta2_fast/raw_step_50000_k10d16_limit1000/output.json
2026-07-14T11:34:41Z,,full_train__subset1000__d16__ivon_compare_selection,selected|pass_at_10,completed,v4_11_peak_preservation,v4_11_004_delay35k_pz05_drop36_x025,36000,full_train,subset,1000,1000,1000,,1,16,16,1,ivon_compare_selection,0,38000,128,7e-05,600,piecewise_36000_x025,1,5e-06,1,0.9,10000000,1,0.99,0.0001,0.2,price,0.2,,0.35,delayed_fixed_depth,full,35000,persistent,false,true,true,0.9995,82.9,85.3,/data1/lsj9862/VR/trm_sudoku_ivon_hpsearch_260619/v4_21_eval_batch_sampling_diagnostic_260627/eval_limit1000_k10_d16/v4_21_v4_11_highpass_raw_step36000_bs16_seed1/output.json
2026-07-14T11:34:41Z,,full_train__subset1000__d16__ivon_parameter_sampling,selected,completed,v4_11_peak_preservation,v4_11_003_delay36k_pz05_cos01,36750,full_train,subset,1000,1000,1000,,0,128,16,1,ivon_parameter_sampling,0,38000,128,7e-05,600,cosine_min0p1,1,5e-06,1,0.9,10000000,1,0.99,0.0001,0.2,price,0.2,,0.35,delayed_fixed_depth,full,36000,persistent,false,true,true,0.9995,82.9,85.2,/data1/lsj9862/VR/trm_sudoku_ivon_hpsearch_260619/v4_11_peak_preservation_260626/quick_eval_limit1000_k10_d16/v4_11q_080_raw_v4_11_003_delay36k_pz05_cos01_step36750/output.json
2026-07-14T11:34:41Z,,full_train__subset1000__d16__ivon_parameter_sampling,selected|pass_at_10,completed,v4_11_peak_preservation,v4_11_002_delay35k_pz05_cos01,37000,full_train,subset,1000,1000,1000,,0,128,16,1,ivon_parameter_sampling,0,38000,128,7e-05,600,cosine_min0p1,1,5e-06,1,0.9,10000000,1,0.99,0.0001,0.2,price,0.2,,0.35,delayed_fixed_depth,full,35000,persistent,false,true,true,0.9995,82.9,85.1,/data1/lsj9862/VR/trm_sudoku_ivon_hpsearch_260619/v4_11_peak_preservation_260626/quick_eval_limit1000_k10_d16/v4_11q_060_raw_v4_11_002_delay35k_pz05_cos01_step37000/output.json
2026-07-14T11:34:41Z,,full_train__subset1000__d16__ivon_compare_selection,selected|pass_at_10,completed,v4_16_leader_continuation,v4_16_003_keepopt_cos_lr1e5_q035_n020,38500,full_train,subset,1000,1000,1000,,1,32,16,1,ivon_compare_selection,0,40000,128,1e-05,600,cosine_min0p1,1,1.4e-06,1,0.9,10000000,1,0.99,0.0001,0.2,price,0.2,,0.35,normal,full,2500,persistent,false,true,true,0.9995,82.9,84.9,/data1/lsj9862/VR/trm_sudoku_ivon_hpsearch_260619/v4_21_eval_batch_sampling_diagnostic_260627/eval_limit1000_k10_d16/v4_21_v4_16_best_raw_step38500_bs32_seed1/output.json
2026-07-14T11:34:41Z,,full_train__subset1000__d16__ivon_parameter_sampling,selected|pass_at_10,completed,v4_6_formation_window,v4_6_004_resetdense_c02_h15_q035_n02,35000,full_train,subset,1000,1000,1000,,0,128,16,1,ivon_parameter_sampling,0,37000,128,7e-05,600,cosine_min0p1,1,1e-05,1,0.9,10000000,1.5,0.99,0.0001,0.2,price,0.2,,0.35,delayed_fixed_depth,full,2500,persistent,false,true,true,0.9995,82.9,84.9,/data1/lsj9862/VR/trm_sudoku_ivon_hpsearch_260619/v4_6_formation_window_260626/quick_eval_limit1000_k10_d16/v4_6q_060_raw_v4_6_004_resetdense_c02_h15_q035_n02_step35000/output.json
2026-07-14T11:34:41Z,,full_train__subset1000__d16__ivon_compare_selection,selected|pass_at_10,completed,v4_17_peak_window_refinement,v4_17_007_cos_lr7p5e6_min0p1_q035_n022,39250,full_train,subset,1000,1000,1000,,0,64,16,1,ivon_compare_selection,0,39500,128,7.5e-06,600,cosine_min0p1,1,1.05e-06,1,0.9,10000000,1,0.99,0.0001,0.2,price,0.22,,0.35,normal,full,2500,persistent,false,true,true,0.9995,82.9,84.4,/data1/lsj9862/VR/trm_sudoku_ivon_hpsearch_260619/v4_21_eval_batch_sampling_diagnostic_260627/eval_limit1000_k10_d16/v4_21_v4_17_best_ema_step39250_bs64_seed0/output.json
2026-07-14T11:34:41Z,,full_train__subset1000__d16__ivon_parameter_sampling,selected|pass_at_10,completed,v3_7_posterior_concentration,v3_7_002_lr_cos005_control_cosine_min0p05_noise0p3_ess1e07_q0p25,40000,full_train,subset,1000,1000,1000,,0,128,16,1,ivon_parameter_sampling,0,40000,128,7e-05,600,cosine_min0p05,1,1e-05,1,0.9,10000000,1,0.99,0.0001,0.3,price,0.3,,0.25,delayed_fixed_depth,full,2500,persistent,false,true,false,0.999,82.9,83.9,/data1/lsj9862/VR/trm_sudoku_ivon_hpsearch_260619/v3_7_posterior_concentration_260626/quick_eval_limit1000_k10_d16/v3_7q_005_v3_7_002_lr_cos005_control_cosine_min0p05_noise0p3_ess1e07_q0p25_step40000/output.json
2026-07-14T11:34:41Z,,full_train__subset1000__d16__ivon_parameter_sampling,selected,completed,v4_5_peak_window_refinement,v4_5_002_q040_n020_h1_c03_cosine_min0p1_lr1_resetdense_h1_clip0p3_ema0p9995_full_noise0p2_ess1e07_q0p4,37000,full_train,subset,1000,1000,1000,,0,128,16,1,ivon_parameter_sampling,0,37000,128,3.85e-05,600,cosine_min0p1,1,5.5e-06,1,0.9,10000000,1,0.99,0.0001,0.3,price,0.2,,0.4,delayed_fixed_depth,full,2500,persistent,false,true,true,0.9995,82.9,83.8,/data1/lsj9862/VR/trm_sudoku_ivon_hpsearch_260619/v4_5_peak_window_refinement_260626/quick_eval_limit1000_k10_d16/v4_5q_029_ema_v4_5_002_q040_n020_h1_c03_cosine_min0p1_lr1_resetdense_h1_clip0p3_ema0p9995_full_noise0p2_ess1e07_q0p4_step37000/output.json
2026-07-14T11:34:41Z,,full_train__subset1000__d16__ivon_parameter_sampling,selected|pass_at_10,completed,v4_3_optimizer_reset,v4_3_001_reset_h1_c03_q025_cosine_min0p1_lr1_resetdense_h1_clip0p3_ema0p9995_full_noise0p3_ess1e07_q0p25,37000,full_train,subset,1000,1000,1000,,0,128,16,1,ivon_parameter_sampling,0,38000,128,3.85e-05,600,cosine_min0p1,1,5.5e-06,1,0.9,10000000,1,0.99,0.0001,0.3,price,0.3,,0.25,delayed_fixed_depth,full,2500,persistent,false,true,true,0.9995,82.9,83.3,/data1/lsj9862/VR/trm_sudoku_ivon_hpsearch_260619/v4_3_optimizer_reset_260626/quick_eval_limit1000_k10_d16/v4_3q_012_raw_v4_3_001_reset_h1_c03_q025_cosine_min0p1_lr1_resetdense_h1_clip0p3_ema0p9995_full_noise0p3_ess1e07_q0p25_step37000/output.json
2026-07-14T11:34:41Z,,full_train__subset1000__d16__ivon_parameter_sampling,selected,completed,v4_5_peak_window_refinement,v4_5_005_q035_n025_h1_c03_cosine_min0p1_lr1_resetdense_h1_clip0p3_ema0p9995_full_noise0p25_ess1e07_q0p35,36750,full_train,subset,1000,1000,1000,,0,128,16,1,ivon_parameter_sampling,0,37000,128,3.85e-05,600,cosine_min0p1,1,5.5e-06,1,0.9,10000000,1,0.99,0.0001,0.3,price,0.25,,0.35,delayed_fixed_depth,full,2500,persistent,false,true,true,0.9995,82.9,83.3,/data1/lsj9862/VR/trm_sudoku_ivon_hpsearch_260619/v4_5_peak_window_refinement_260626/quick_eval_limit1000_k10_d16/v4_5q_057_ema_v4_5_005_q035_n025_h1_c03_cosine_min0p1_lr1_resetdense_h1_clip0p3_ema0p9995_full_noise0p25_ess1e07_q0p35_step36750/output.json
2026-07-14T11:34:41Z,,full_train__subset1000__d16__ivon_compare_selection,selected|pass_at_10,completed,v4_11_peak_preservation,v4_11_004_delay35k_pz05_drop36_x025,36000,full_train,subset,1000,1000,1000,,3,64,16,1,ivon_compare_selection,0,38000,128,7e-05,600,piecewise_36000_x025,1,5e-06,1,0.9,10000000,1,0.99,0.0001,0.2,price,0.2,,0.35,delayed_fixed_depth,full,35000,persistent,false,true,true,0.9995,82.8,85.8,/data1/lsj9862/VR/trm_sudoku_ivon_hpsearch_260619/v4_21_eval_batch_sampling_diagnostic_260627/eval_limit1000_k10_d16/v4_21_v4_11_highpass_raw_step36000_bs64_seed3/output.json
2026-07-14T11:34:41Z,,full_train__subset1000__d16__ivon_parameter_sampling,selected|pass_at_10,completed,v4_11_peak_preservation,v4_11_007_delay35k_pz025_drop36_x025,37500,full_train,subset,1000,1000,1000,,0,128,16,1,ivon_parameter_sampling,0,38000,128,7e-05,600,piecewise_36000_x025,1,2.5e-06,1,0.9,10000000,1,0.99,0.0001,0.2,price,0.2,,0.35,delayed_fixed_depth,full,35000,persistent,false,true,true,0.9995,82.8,84.6,/data1/lsj9862/VR/trm_sudoku_ivon_hpsearch_260619/v4_11_peak_preservation_260626/quick_eval_limit1000_k10_d16/v4_11q_172_raw_v4_11_007_delay35k_pz025_drop36_x025_step37500/output.json
2026-07-14T11:34:41Z,,full_train__subset1000__d16__ivon_parameter_sampling,selected,completed,v4_5_peak_window_refinement,v4_5_011_q035_n020_h1_c05_cosine_min0p1_lr1_resetdense_h1_clip0p5_ema0p9995_full_noise0p2_ess1e07_q0p35,36250,full_train,subset,1000,1000,1000,,0,128,16,1,ivon_parameter_sampling,0,37000,128,3.85e-05,600,cosine_min0p1,1,5.5e-06,1,0.9,10000000,1,0.99,0.0001,0.5,price,0.2,,0.35,delayed_fixed_depth,full,2500,persistent,false,true,true,0.9995,82.8,84,/data1/lsj9862/VR/trm_sudoku_ivon_hpsearch_260619/v4_5_peak_window_refinement_260626/quick_eval_limit1000_k10_d16/v4_5q_113_ema_v4_5_011_q035_n020_h1_c05_cosine_min0p1_lr1_resetdense_h1_clip0p5_ema0p9995_full_noise0p2_ess1e07_q0p35_step36250/output.json
2026-07-14T11:34:41Z,,full_train__subset1000__d16__ivon_parameter_sampling,selected|pass_at_10,completed,v4_8_posterior_optimizer_axis,v4_8_006_rescale_lr025,36750,full_train,subset,1000,1000,1000,,0,128,16,1,ivon_parameter_sampling,0,37000,128,9.625e-06,600,cosine_min0p1,1,1.375e-06,1,0.9,10000000,1,0.99,0.0001,0.2,price,0.2,,0.35,delayed_fixed_depth,full,2500,persistent,true,true,true,0.9995,82.8,84,/data1/lsj9862/VR/trm_sudoku_ivon_hpsearch_260619/v4_8_posterior_optimizer_axis_260626/quick_eval_limit1000_k10_d16/v4_8q_039_ema_v4_8_006_rescale_lr025_step36750/output.json
2026-07-14T11:34:41Z,,full_train__subset1000__d16__ivon_parameter_sampling,selected|pass_at_10,completed,v4_5_peak_window_refinement,v4_5_010_q035_n020_h1_c02_cosine_min0p1_lr1_resetdense_h1_clip0p2_ema0p9995_full_noise0p2_ess1e07_q0p35,36250,full_train,subset,1000,1000,1000,,0,128,16,1,ivon_parameter_sampling,0,37000,128,3.85e-05,600,cosine_min0p1,1,5.5e-06,1,0.9,10000000,1,0.99,0.0001,0.2,price,0.2,,0.35,delayed_fixed_depth,full,2500,persistent,false,true,true,0.9995,82.8,83.7,/data1/lsj9862/VR/trm_sudoku_ivon_hpsearch_260619/v4_5_peak_window_refinement_260626/quick_eval_limit1000_k10_d16/v4_5q_103_ema_v4_5_010_q035_n020_h1_c02_cosine_min0p1_lr1_resetdense_h1_clip0p2_ema0p9995_full_noise0p2_ess1e07_q0p35_step36250/output.json
2026-07-14T11:34:41Z,,full_train__subset1000__d16__ivon_parameter_sampling,selected|pass_at_10,completed,v4_6_formation_window,v4_6_001_resetdense_c03_q035_n02,37000,full_train,subset,1000,1000,1000,,0,128,16,1,ivon_parameter_sampling,0,37000,128,7e-05,600,cosine_min0p1,1,1e-05,1,0.9,10000000,1,0.99,0.0001,0.3,price,0.2,,0.35,delayed_fixed_depth,full,2500,persistent,false,true,true,0.9995,82.7,85.1,/data1/lsj9862/VR/trm_sudoku_ivon_hpsearch_260619/v4_6_formation_window_260626/quick_eval_limit1000_k10_d16/v4_6q_026_raw_v4_6_001_resetdense_c03_q035_n02_step37000/output.json
2026-07-14T11:34:41Z,,full_train__subset1000__d16__ivon_compare_selection,selected|pass_at_10,completed,v4_16_leader_continuation,v4_16_003_keepopt_cos_lr1e5_q035_n020,38500,full_train,subset,1000,1000,1000,,0,32,16,1,ivon_compare_selection,0,40000,128,1e-05,600,cosine_min0p1,1,1.4e-06,1,0.9,10000000,1,0.99,0.0001,0.2,price,0.2,,0.35,normal,full,2500,persistent,false,true,true,0.9995,82.7,84.9,/data1/lsj9862/VR/trm_sudoku_ivon_hpsearch_260619/v4_21_eval_batch_sampling_diagnostic_260627/eval_limit1000_k10_d16/v4_21_v4_16_best_raw_step38500_bs32_seed0/output.json
2026-07-14T11:34:41Z,,full_train__subset1000__d16__ivon_compare_selection,selected|pass_at_10,completed,v4_19_peak_mc_calibration,v4_19_002_mc2_lr2e6_n025,38750,full_train,subset,1000,1000,1000,,0,128,16,1,ivon_compare_selection,0,39000,128,2e-06,600,,1,2.8e-07,1,0.9,10000000,1,0.99,0.0001,0.2,price,0.25,,0.35,normal,full,2500,persistent,false,true,true,0.9995,82.7,84.4,/data1/lsj9862/VR/trm_sudoku_ivon_hpsearch_260619/v4_19_peak_mc_calibration_260626/eval_limit1000_k10_d16/v4_19q_009_ema_v4_19_002_mc2_lr2e6_n025_step38750/output.json
2026-07-14T11:34:41Z,,full_train__subset1000__d16__ivon_compare_selection,selected|pass_at_10,completed,v4_16_leader_continuation,v4_16_003_keepopt_cos_lr1e5_q035_n020,38500,full_train,subset,1000,1000,1000,,1,64,16,1,ivon_compare_selection,0,40000,128,1e-05,600,cosine_min0p1,1,1.4e-06,1,0.9,10000000,1,0.99,0.0001,0.2,price,0.2,,0.35,normal,full,2500,persistent,false,true,true,0.9995,82.7,84.1,/data1/lsj9862/VR/trm_sudoku_ivon_hpsearch_260619/v4_21_eval_batch_sampling_diagnostic_260627/eval_limit1000_k10_d16/v4_21_v4_16_best_raw_step38500_bs64_seed1/output.json
2026-07-14T11:34:41Z,,full_train__subset1000__d16__ivon_parameter_sampling,selected|pass_at_10,completed,v4_3_optimizer_reset,v4_3_000_keep_control_q025_cosine_min0p1_lr1_keepdense_h1_clip0p3_emaoff_full_noise0p3_ess1e07_q0p25,36500,full_train,subset,1000,1000,1000,,0,128,16,1,ivon_parameter_sampling,0,38000,128,3.85e-05,600,cosine_min0p1,1,5.5e-06,1,0.9,10000000,1,0.99,0.0001,0.3,price,0.3,,0.25,delayed_fixed_depth,full,2500,persistent,false,true,false,0.9995,82.7,83.9,/data1/lsj9862/VR/trm_sudoku_ivon_hpsearch_260619/v4_3_optimizer_reset_260626/quick_eval_limit1000_k10_d16/v4_3q_002_raw_v4_3_000_keep_control_q025_cosine_min0p1_lr1_keepdense_h1_clip0p3_emaoff_full_noise0p3_ess1e07_q0p25_step36500/output.json
2026-07-14T11:34:41Z,,full_train__subset1000__d16__ivon_parameter_sampling,selected|pass_at_10,completed,v4_3_optimizer_reset,v4_3_011_reset_h3_c03_q025_lr025_cosine_min0p1_lr0p25_resetdense_h3_clip0p3_ema0p9995_full_noise0p3_ess1e07_q0p25,37500,full_train,subset,1000,1000,1000,,0,128,16,1,ivon_parameter_sampling,0,38000,128,9.625e-06,600,cosine_min0p1,1,1.375e-06,1,0.9,10000000,3,0.99,0.0001,0.3,price,0.3,,0.25,delayed_fixed_depth,full,2500,persistent,false,true,true,0.9995,82.7,83.7,/data1/lsj9862/VR/trm_sudoku_ivon_hpsearch_260619/v4_3_optimizer_reset_260626/quick_eval_limit1000_k10_d16/v4_3q_135_ema_v4_3_011_reset_h3_c03_q025_lr025_cosine_min0p1_lr0p25_resetdense_h3_clip0p3_ema0p9995_full_noise0p3_ess1e07_q0p25_step37500/output.json
2026-07-14T11:34:41Z,,full_train__subset1000__d16__ivon_parameter_sampling,selected|pass_at_10,completed,v4_3_optimizer_reset,v4_3_006_reset_h10_c10_q025_cosine_min0p1_lr1_resetdense_h10_clip1_ema0p9995_full_noise0p3_ess1e07_q0p25,37500,full_train,subset,1000,1000,1000,,0,128,16,1,ivon_parameter_sampling,0,38000,128,3.85e-05,600,cosine_min0p1,1,5.5e-06,1,0.9,10000000,10,0.99,0.0001,1,price,0.3,,0.25,delayed_fixed_depth,full,2500,persistent,false,true,true,0.9995,82.7,83.6,/data1/lsj9862/VR/trm_sudoku_ivon_hpsearch_260619/v4_3_optimizer_reset_260626/quick_eval_limit1000_k10_d16/v4_3q_074_raw_v4_3_006_reset_h10_c10_q025_cosine_min0p1_lr1_resetdense_h10_clip1_ema0p9995_full_noise0p3_ess1e07_q0p25_step37500/output.json
2026-07-14T11:34:41Z,,full_train__subset1000__d16__ivon_compare_selection,selected|pass_at_10,completed,v4_16_leader_continuation,v4_16_003_keepopt_cos_lr1e5_q035_n020,38500,full_train,subset,1000,1000,1000,,0,16,16,1,ivon_compare_selection,0,40000,128,1e-05,600,cosine_min0p1,1,1.4e-06,1,0.9,10000000,1,0.99,0.0001,0.2,price,0.2,,0.35,normal,full,2500,persistent,false,true,true,0.9995,82.7,83.4,/data1/lsj9862/VR/trm_sudoku_ivon_hpsearch_260619/v4_21_eval_batch_sampling_diagnostic_260627/eval_limit1000_k10_d16/v4_21_v4_16_best_raw_step38500_bs16_seed0/output.json
2026-07-14T11:34:41Z,,full_train__subset1000__d16__ivon_parameter_sampling,selected|pass_at_10,completed,v4_3_optimizer_reset,v4_3_007_reset_h3_c01_q025_cosine_min0p1_lr1_resetdense_h3_clip0p1_ema0p9995_full_noise0p3_ess1e07_q0p25,38000,full_train,subset,1000,1000,1000,,0,128,16,1,ivon_parameter_sampling,0,38000,128,3.85e-05,600,cosine_min0p1,1,5.5e-06,1,0.9,10000000,3,0.99,0.0001,0.1,price,0.3,,0.25,delayed_fixed_depth,full,2500,persistent,false,true,true,0.9995,82.7,83.4,/data1/lsj9862/VR/trm_sudoku_ivon_hpsearch_260619/v4_3_optimizer_reset_260626/quick_eval_limit1000_k10_d16/v4_3q_088_raw_v4_3_007_reset_h3_c01_q025_cosine_min0p1_lr1_resetdense_h3_clip0p1_ema0p9995_full_noise0p3_ess1e07_q0p25_step38000/output.json
2026-07-14T11:34:41Z,,full_train__subset1000__d16__ivon_parameter_sampling,selected,completed,v4_9_mc_sampling_objective,v4_9_000_mc1_reset_pz1,37000,full_train,subset,1000,1000,1000,,0,128,16,1,ivon_parameter_sampling,0,37000,128,3.85e-05,600,cosine_min0p1,1,5.5e-06,1,0.9,10000000,1,0.99,0.0001,0.2,price,0.2,,0.35,delayed_fixed_depth,full,2500,reset_every_step,false,true,true,0.9995,82.7,83.4,/data1/lsj9862/VR/trm_sudoku_ivon_hpsearch_260619/v4_9_mc_sampling_objective_260626/quick_eval_limit1000_k10_d16/v4_9q_005_ema_v4_9_000_mc1_reset_pz1_step37000/output.json
2026-07-14T11:34:41Z,,full_train__subset1000__d16__ivon_parameter_sampling,selected|pass_at_10,completed,ivon_goal_search_260712,ess3e7_late_lr09,12000,full_train,subset,1000,1000,1000,,0,,16,1,ivon_parameter_sampling,0,50000,768,0.0009,600,late_decay_09_07_05,1,0.0001,1,0.9,30000000,1,0.99,0.0001,0.2,price,0.25,clip,0.35,delayed_fixed_depth,full,2500,persistent,false,true,true,0.999,82.7,83.1,/data1/lsj9862/VR/ptrm_public_runs/ivon_goal_sidecar_interactions_260712/evals/ess3e7_late_lr09/step_12000/eval.json
2026-07-14T11:34:41Z,,full_train__subset1000__d16__ivon_parameter_sampling,selected|pass_at_10,completed,ivon_goal_search_260712,ess3e7_lr09_clip02,12000,full_train,subset,1000,1000,1000,,0,,16,1,ivon_parameter_sampling,0,50000,768,0.0009,600,piece_v36v416,1,0.0001,1,0.9,30000000,1,0.99,0.0001,0.2,price,0.25,clip,0.35,delayed_fixed_depth,full,2500,persistent,false,true,true,0.999,82.7,83.1,/data1/lsj9862/VR/ptrm_public_runs/ivon_goal_sidecar_interactions_260712/evals/ess3e7_lr09_clip02/step_12000/eval.json
2026-07-14T11:34:41Z,,full_train__subset1000__d16__ivon_parameter_sampling,selected|pass_at_10,completed,ivon_goal_search_260712,ess3e7_warmup1500,12000,full_train,subset,1000,1000,1000,,0,,16,1,ivon_parameter_sampling,0,50000,768,0.0007,1500,piece_v36v416,1,0.0001,1,0.9,30000000,1,0.99,0.0001,0.2,price,0.25,clip,0.35,delayed_fixed_depth,full,2500,persistent,false,true,true,0.999,82.7,82.8,/data1/lsj9862/VR/ptrm_public_runs/ivon_goal_sidecar_interactions_260712/evals/ess3e7_warmup1500/step_12000/eval.json
2026-07-14T11:34:41Z,,full_train__subset1000__d16__ivon_parameter_sampling,selected|pass_at_10,completed,v4_5_peak_window_refinement,v4_5_001_q030_n020_h1_c03_cosine_min0p1_lr1_resetdense_h1_clip0p3_ema0p9995_full_noise0p2_ess1e07_q0p3,37000,full_train,subset,1000,1000,1000,,0,128,16,1,ivon_parameter_sampling,0,37000,128,3.85e-05,600,cosine_min0p1,1,5.5e-06,1,0.9,10000000,1,0.99,0.0001,0.3,price,0.2,,0.3,delayed_fixed_depth,full,2500,persistent,false,true,true,0.9995,82.6,86,/data1/lsj9862/VR/trm_sudoku_ivon_hpsearch_260619/v4_5_peak_window_refinement_260626/quick_eval_limit1000_k10_d16/v4_5q_018_raw_v4_5_001_q030_n020_h1_c03_cosine_min0p1_lr1_resetdense_h1_clip0p3_ema0p9995_full_noise0p2_ess1e07_q0p3_step37000/output.json
2026-07-14T11:34:41Z,,full_train__subset1000__d16__ivon_parameter_sampling,pass_at_10,completed,v4_6_formation_window,v4_6_005_resetdense_c02_lr075_q035_n02,35500,full_train,subset,1000,1000,1000,,0,128,16,1,ivon_parameter_sampling,0,37000,128,5.25e-05,600,cosine_min0p1,1,7.5e-06,1,0.9,10000000,1,0.99,0.0001,0.2,price,0.2,,0.35,delayed_fixed_depth,full,2500,persistent,false,true,true,0.9995,82.6,84.8,/data1/lsj9862/VR/trm_sudoku_ivon_hpsearch_260619/v4_6_formation_window_260626/quick_eval_limit1000_k10_d16/v4_6q_076_raw_v4_6_005_resetdense_c02_lr075_q035_n02_step35500/output.json
2026-07-14T11:34:41Z,,full_train__subset1000__d16__ivon_parameter_sampling,selected|pass_at_10,completed,v4_10_persistent_mc_objective,v4_10_001_mc1_persist_pz0_n020,36500,full_train,subset,1000,1000,1000,,0,128,16,1,ivon_parameter_sampling,0,37000,128,3.85e-05,600,cosine_min0p1,1,0,1,0.9,10000000,1,0.99,0.0001,0.2,price,0.2,,0.35,delayed_fixed_depth,full,2500,persistent,false,true,true,0.9995,82.6,84.3,/data1/lsj9862/VR/trm_sudoku_ivon_hpsearch_260619/v4_10_persistent_mc_objective_260626/quick_eval_limit1000_k10_d16/v4_10q_009_ema_v4_10_001_mc1_persist_pz0_n020_step36500/output.json
2026-07-14T11:34:41Z,,full_train__subset1000__d16__ivon_parameter_sampling,selected,completed,v4_5_peak_window_refinement,v4_5_001_q030_n020_h1_c03_cosine_min0p1_lr1_resetdense_h1_clip0p3_ema0p9995_full_noise0p2_ess1e07_q0p3,36500,full_train,subset,1000,1000,1000,,0,128,16,1,ivon_parameter_sampling,0,37000,128,3.85e-05,600,cosine_min0p1,1,5.5e-06,1,0.9,10000000,1,0.99,0.0001,0.3,price,0.2,,0.3,delayed_fixed_depth,full,2500,persistent,false,true,true,0.9995,82.6,84.3,/data1/lsj9862/VR/trm_sudoku_ivon_hpsearch_260619/v4_5_peak_window_refinement_260626/quick_eval_limit1000_k10_d16/v4_5q_014_raw_v4_5_001_q030_n020_h1_c03_cosine_min0p1_lr1_resetdense_h1_clip0p3_ema0p9995_full_noise0p2_ess1e07_q0p3_step36500/output.json
2026-07-14T11:34:41Z,,full_train__subset1000__d16__ivon_parameter_sampling,pass_at_10,completed,v4_5_peak_window_refinement,v4_5_011_q035_n020_h1_c05_cosine_min0p1_lr1_resetdense_h1_clip0p5_ema0p9995_full_noise0p2_ess1e07_q0p35,36500,full_train,subset,1000,1000,1000,,0,128,16,1,ivon_parameter_sampling,0,37000,128,3.85e-05,600,cosine_min0p1,1,5.5e-06,1,0.9,10000000,1,0.99,0.0001,0.5,price,0.2,,0.35,delayed_fixed_depth,full,2500,persistent,false,true,true,0.9995,82.6,84.2,/data1/lsj9862/VR/trm_sudoku_ivon_hpsearch_260619/v4_5_peak_window_refinement_260626/quick_eval_limit1000_k10_d16/v4_5q_115_ema_v4_5_011_q035_n020_h1_c05_cosine_min0p1_lr1_resetdense_h1_clip0p5_ema0p9995_full_noise0p2_ess1e07_q0p35_step36500/output.json
2026-07-14T11:34:41Z,,full_train__subset1000__d16__ivon_parameter_sampling,pass_at_10,completed,v4_9_mc_sampling_objective,v4_9_000_mc1_reset_pz1,36500,full_train,subset,1000,1000,1000,,0,128,16,1,ivon_parameter_sampling,0,37000,128,3.85e-05,600,cosine_min0p1,1,5.5e-06,1,0.9,10000000,1,0.99,0.0001,0.2,price,0.2,,0.35,delayed_fixed_depth,full,2500,reset_every_step,false,true,true,0.9995,82.6,84.1,/data1/lsj9862/VR/trm_sudoku_ivon_hpsearch_260619/v4_9_mc_sampling_objective_260626/quick_eval_limit1000_k10_d16/v4_9q_003_ema_v4_9_000_mc1_reset_pz1_step36500/output.json
2026-07-14T11:34:41Z,,full_train__subset1000__d16__ivon_parameter_sampling,pass_at_10,completed,v4_3_optimizer_reset,v4_3_000_keep_control_q025_cosine_min0p1_lr1_keepdense_h1_clip0p3_emaoff_full_noise0p3_ess1e07_q0p25,36000,full_train,subset,1000,1000,1000,,0,128,16,1,ivon_parameter_sampling,0,38000,128,3.85e-05,600,cosine_min0p1,1,5.5e-06,1,0.9,10000000,1,0.99,0.0001,0.3,price,0.3,,0.25,delayed_fixed_depth,full,2500,persistent,false,true,false,0.9995,82.6,83.9,/data1/lsj9862/VR/trm_sudoku_ivon_hpsearch_260619/v4_3_optimizer_reset_260626/quick_eval_limit1000_k10_d16/v4_3q_001_raw_v4_3_000_keep_control_q025_cosine_min0p1_lr1_keepdense_h1_clip0p3_emaoff_full_noise0p3_ess1e07_q0p25_step36000/output.json
2026-07-14T11:34:41Z,,full_train__subset1000__d16__ivon_parameter_sampling,selected,completed,v4_5_peak_window_refinement,v4_5_006_q040_n015_h1_c03_cosine_min0p1_lr1_resetdense_h1_clip0p3_ema0p9995_full_noise0p15_ess1e07_q0p4,36000,full_train,subset,1000,1000,1000,,0,128,16,1,ivon_parameter_sampling,0,37000,128,3.85e-05,600,cosine_min0p1,1,5.5e-06,1,0.9,10000000,1,0.99,0.0001,0.3,price,0.15,,0.4,delayed_fixed_depth,full,2500,persistent,false,true,true,0.9995,82.6,83.9,/data1/lsj9862/VR/trm_sudoku_ivon_hpsearch_260619/v4_5_peak_window_refinement_260626/quick_eval_limit1000_k10_d16/v4_5q_061_ema_v4_5_006_q040_n015_h1_c03_cosine_min0p1_lr1_resetdense_h1_clip0p3_ema0p9995_full_noise0p15_ess1e07_q0p4_step36000/output.json
2026-07-14T11:34:41Z,,full_train__subset1000__d16__ivon_parameter_sampling,pass_at_10,completed,v4_5_peak_window_refinement,v4_5_005_q035_n025_h1_c03_cosine_min0p1_lr1_resetdense_h1_clip0p3_ema0p9995_full_noise0p25_ess1e07_q0p35,36500,full_train,subset,1000,1000,1000,,0,128,16,1,ivon_parameter_sampling,0,37000,128,3.85e-05,600,cosine_min0p1,1,5.5e-06,1,0.9,10000000,1,0.99,0.0001,0.3,price,0.25,,0.35,delayed_fixed_depth,full,2500,persistent,false,true,true,0.9995,82.6,83.7,/data1/lsj9862/VR/trm_sudoku_ivon_hpsearch_260619/v4_5_peak_window_refinement_260626/quick_eval_limit1000_k10_d16/v4_5q_054_raw_v4_5_005_q035_n025_h1_c03_cosine_min0p1_lr1_resetdense_h1_clip0p3_ema0p9995_full_noise0p25_ess1e07_q0p35_step36500/output.json
2026-07-14T11:34:41Z,,full_train__subset1000__d16__ivon_parameter_sampling,selected|pass_at_10,completed,v4_3_optimizer_reset,v4_3_005_reset_h3_c10_q025_cosine_min0p1_lr1_resetdense_h3_clip1_ema0p9995_full_noise0p3_ess1e07_q0p25,37500,full_train,subset,1000,1000,1000,,0,128,16,1,ivon_parameter_sampling,0,38000,128,3.85e-05,600,cosine_min0p1,1,5.5e-06,1,0.9,10000000,3,0.99,0.0001,1,price,0.3,,0.25,delayed_fixed_depth,full,2500,persistent,false,true,true,0.9995,82.6,83.5,/data1/lsj9862/VR/trm_sudoku_ivon_hpsearch_260619/v4_3_optimizer_reset_260626/quick_eval_limit1000_k10_d16/v4_3q_063_ema_v4_3_005_reset_h3_c10_q025_cosine_min0p1_lr1_resetdense_h3_clip1_ema0p9995_full_noise0p3_ess1e07_q0p25_step37500/output.json
2026-07-14T11:34:41Z,,full_train__subset1000__d16__ivon_parameter_sampling,selected|pass_at_10,completed,v4_3_optimizer_reset,v4_3_010_reset_h3_c03_q025_lr05_cosine_min0p1_lr0p5_resetdense_h3_clip0p3_ema0p9995_full_noise0p3_ess1e07_q0p25,37500,full_train,subset,1000,1000,1000,,0,128,16,1,ivon_parameter_sampling,0,38000,128,1.925e-05,600,cosine_min0p1,1,2.75e-06,1,0.9,10000000,3,0.99,0.0001,0.3,price,0.3,,0.25,delayed_fixed_depth,full,2500,persistent,false,true,true,0.9995,82.6,83.5,/data1/lsj9862/VR/trm_sudoku_ivon_hpsearch_260619/v4_3_optimizer_reset_260626/quick_eval_limit1000_k10_d16/v4_3q_123_ema_v4_3_010_reset_h3_c03_q025_lr05_cosine_min0p1_lr0p5_resetdense_h3_clip0p3_ema0p9995_full_noise0p3_ess1e07_q0p25_step37500/output.json
2026-07-14T11:34:41Z,,full_train__subset1000__d16__ivon_parameter_sampling,selected|pass_at_10,completed,v15_exact_lowlevel_hp_260702,v16_r2_v15_02_lr1e3_to50k,50000,full_train,subset,1000,1000,1000,,0,128,16,1,ivon_parameter_sampling,0,50000,128,0.001,600,,1,0.0001,1,0.9,10000000,1,0.99,0.0001,0.2,price,0.275,,0.35,delayed_fixed_depth,delayed_token_only,2500,persistent,false,true,true,0.999,82.6,82.8,/data1/lsj9862/VR/trm_sudoku_ivon_hpsearch_260619/source_server_autonomous_hp_260630/v16_exact_top3_50k_260702/eval_queue/v16_r2_v15_02_lr1e3_to50k/raw_step_50000_limit1000_k10d16/output.json
2026-07-14T11:34:41Z,,full_train__subset1000__d16__ivon_parameter_sampling,selected|pass_at_10,completed,v4_10_persistent_mc_objective,v4_10_006_mc2_persist_pz0_n025_c015,37000,full_train,subset,1000,1000,1000,,0,128,16,1,ivon_parameter_sampling,0,37000,128,3.85e-05,600,cosine_min0p1,1,0,1,0.9,10000000,1,0.99,0.0001,0.15,price,0.25,,0.35,delayed_fixed_depth,full,2500,persistent,false,true,true,0.9995,82.5,84.9,/data1/lsj9862/VR/trm_sudoku_ivon_hpsearch_260619/v4_10_persistent_mc_objective_260626/quick_eval_limit1000_k10_d16/v4_10q_041_ema_v4_10_006_mc2_persist_pz0_n025_c015_step37000/output.json
2026-07-14T11:34:41Z,,full_train__subset1000__d16__ivon_parameter_sampling,selected,completed,v4_10_persistent_mc_objective,v4_10_006_mc2_persist_pz0_n025_c015,36500,full_train,subset,1000,1000,1000,,0,128,16,1,ivon_parameter_sampling,0,37000,128,3.85e-05,600,cosine_min0p1,1,0,1,0.9,10000000,1,0.99,0.0001,0.15,price,0.25,,0.35,delayed_fixed_depth,full,2500,persistent,false,true,true,0.9995,82.5,84.4,/data1/lsj9862/VR/trm_sudoku_ivon_hpsearch_260619/v4_10_persistent_mc_objective_260626/quick_eval_limit1000_k10_d16/v4_10q_038_raw_v4_10_006_mc2_persist_pz0_n025_c015_step36500/output.json
2026-07-14T11:34:41Z,,full_train__subset1000__d16__ivon_parameter_sampling,selected,completed,v4_11_peak_preservation,v4_11_006_delay36k_pz05_drop365_x025,37000,full_train,subset,1000,1000,1000,,0,128,16,1,ivon_parameter_sampling,0,38000,128,7e-05,600,piecewise_36500_x025,1,5e-06,1,0.9,10000000,1,0.99,0.0001,0.2,price,0.2,,0.35,delayed_fixed_depth,full,36000,persistent,false,true,true,0.9995,82.4,84.4,/data1/lsj9862/VR/trm_sudoku_ivon_hpsearch_260619/v4_11_peak_preservation_260626/quick_eval_limit1000_k10_d16/v4_11q_148_raw_v4_11_006_delay36k_pz05_drop365_x025_step37000/output.json
2026-07-14T11:34:41Z,,full_train__subset1000__d16__ivon_parameter_sampling,selected|pass_at_10,completed,v4_17_peak_window_refinement,v4_17_001_const_lr4e6_q035_n020,38750,full_train,subset,1000,1000,1000,,0,128,16,1,ivon_parameter_sampling,0,39500,128,4e-06,600,constant,1,5.6e-07,1,0.9,10000000,1,0.99,0.0001,0.2,price,0.2,,0.35,normal,full,2500,persistent,false,true,true,0.9995,82.4,84.3,/data1/lsj9862/VR/trm_sudoku_ivon_hpsearch_260619/v4_17_peak_window_refinement_260626/quick_eval_limit1000_k10_d16/v4_17q_009_ema_v4_17_001_const_lr4e6_q035_n020_step38750/output.json
2026-07-14T11:34:41Z,,full_train__subset1000__d16__ivon_compare_selection,selected|pass_at_10,completed,v4_11_peak_preservation,v4_11_004_delay35k_pz05_drop36_x025,36000,full_train,subset,1000,1000,1000,,3,32,16,1,ivon_compare_selection,0,38000,128,7e-05,600,piecewise_36000_x025,1,5e-06,1,0.9,10000000,1,0.99,0.0001,0.2,price,0.2,,0.35,delayed_fixed_depth,full,35000,persistent,false,true,true,0.9995,82.4,84.2,/data1/lsj9862/VR/trm_sudoku_ivon_hpsearch_260619/v4_21_eval_batch_sampling_diagnostic_260627/eval_limit1000_k10_d16/v4_21_v4_11_highpass_raw_step36000_bs32_seed3/output.json
2026-07-14T11:34:41Z,,full_train__subset1000__d16__ivon_compare_selection,selected|pass_at_10,completed,v4_11_peak_preservation,v4_11_004_delay35k_pz05_drop36_x025,36000,full_train,subset,1000,1000,1000,,3,128,16,1,ivon_compare_selection,0,38000,128,7e-05,600,piecewise_36000_x025,1,5e-06,1,0.9,10000000,1,0.99,0.0001,0.2,price,0.2,,0.35,delayed_fixed_depth,full,35000,persistent,false,true,true,0.9995,82.4,84.1,/data1/lsj9862/VR/trm_sudoku_ivon_hpsearch_260619/v4_21_eval_batch_sampling_diagnostic_260627/eval_limit1000_k10_d16/v4_21_v4_11_highpass_raw_step36000_bs128_seed3/output.json
2026-07-14T11:34:41Z,,full_train__subset1000__d16__ivon_compare_selection,selected|pass_at_10,completed,v4_16_leader_continuation,v4_16_003_keepopt_cos_lr1e5_q035_n020,38500,full_train,subset,1000,1000,1000,,2,32,16,1,ivon_compare_selection,0,40000,128,1e-05,600,cosine_min0p1,1,1.4e-06,1,0.9,10000000,1,0.99,0.0001,0.2,price,0.2,,0.35,normal,full,2500,persistent,false,true,true,0.9995,82.4,84.1,/data1/lsj9862/VR/trm_sudoku_ivon_hpsearch_260619/v4_21_eval_batch_sampling_diagnostic_260627/eval_limit1000_k10_d16/v4_21_v4_16_best_raw_step38500_bs32_seed2/output.json
2026-07-14T11:34:41Z,,full_train__subset1000__d16__ivon_compare_selection,selected|pass_at_10,completed,v4_17_peak_window_refinement,v4_17_007_cos_lr7p5e6_min0p1_q035_n022,39250,full_train,subset,1000,1000,1000,,1,32,16,1,ivon_compare_selection,0,39500,128,7.5e-06,600,cosine_min0p1,1,1.05e-06,1,0.9,10000000,1,0.99,0.0001,0.2,price,0.22,,0.35,normal,full,2500,persistent,false,true,true,0.9995,82.4,84,/data1/lsj9862/VR/trm_sudoku_ivon_hpsearch_260619/v4_21_eval_batch_sampling_diagnostic_260627/eval_limit1000_k10_d16/v4_21_v4_17_best_ema_step39250_bs32_seed1/output.json
2026-07-14T11:34:41Z,,full_train__subset1000__d16__ivon_compare_selection,selected|pass_at_10,completed,v4_16_leader_continuation,v4_16_003_keepopt_cos_lr1e5_q035_n020,38500,full_train,subset,1000,1000,1000,,2,128,16,1,ivon_compare_selection,0,40000,128,1e-05,600,cosine_min0p1,1,1.4e-06,1,0.9,10000000,1,0.99,0.0001,0.2,price,0.2,,0.35,normal,full,2500,persistent,false,true,true,0.9995,82.4,83.8,/data1/lsj9862/VR/trm_sudoku_ivon_hpsearch_260619/v4_21_eval_batch_sampling_diagnostic_260627/eval_limit1000_k10_d16/v4_21_v4_16_best_raw_step38500_bs128_seed2/output.json
2026-07-14T11:34:41Z,,full_train__subset1000__d16__ivon_compare_selection,selected|pass_at_10,completed,v4_17_peak_window_refinement,v4_17_007_cos_lr7p5e6_min0p1_q035_n022,39250,full_train,subset,1000,1000,1000,,2,64,16,1,ivon_compare_selection,0,39500,128,7.5e-06,600,cosine_min0p1,1,1.05e-06,1,0.9,10000000,1,0.99,0.0001,0.2,price,0.22,,0.35,normal,full,2500,persistent,false,true,true,0.9995,82.4,83.4,/data1/lsj9862/VR/trm_sudoku_ivon_hpsearch_260619/v4_21_eval_batch_sampling_diagnostic_260627/eval_limit1000_k10_d16/v4_21_v4_17_best_ema_step39250_bs64_seed2/output.json
2026-07-14T11:34:41Z,,full_train__subset1000__d16__ivon_compare_selection,selected|pass_at_10,completed,v4_16_leader_continuation,v4_16_003_keepopt_cos_lr1e5_q035_n020,38500,full_train,subset,1000,1000,1000,,1,128,16,1,ivon_compare_selection,0,40000,128,1e-05,600,cosine_min0p1,1,1.4e-06,1,0.9,10000000,1,0.99,0.0001,0.2,price,0.2,,0.35,normal,full,2500,persistent,false,true,true,0.9995,82.4,83.3,/data1/lsj9862/VR/trm_sudoku_ivon_hpsearch_260619/v4_21_eval_batch_sampling_diagnostic_260627/eval_limit1000_k10_d16/v4_21_v4_16_best_raw_step38500_bs128_seed1/output.json
2026-07-14T11:34:41Z,,full_train__subset1000__d16__ivon_parameter_sampling,selected|pass_at_10,completed,v4_5_peak_window_refinement,v4_5_007_q040_n025_h1_c03_cosine_min0p1_lr1_resetdense_h1_clip0p3_ema0p9995_full_noise0p25_ess1e07_q0p4,36750,full_train,subset,1000,1000,1000,,0,128,16,1,ivon_parameter_sampling,0,37000,128,3.85e-05,600,cosine_min0p1,1,5.5e-06,1,0.9,10000000,1,0.99,0.0001,0.3,price,0.25,,0.4,delayed_fixed_depth,full,2500,persistent,false,true,true,0.9995,82.4,82.9,/data1/lsj9862/VR/trm_sudoku_ivon_hpsearch_260619/v4_5_peak_window_refinement_260626/quick_eval_limit1000_k10_d16/v4_5q_076_raw_v4_5_007_q040_n025_h1_c03_cosine_min0p1_lr1_resetdense_h1_clip0p3_ema0p9995_full_noise0p25_ess1e07_q0p4_step36750/output.json
2026-07-14T11:34:41Z,,full_train__subset1000__d16__ivon_parameter_sampling,selected,completed,v4_5_peak_window_refinement,v4_5_007_q040_n025_h1_c03_cosine_min0p1_lr1_resetdense_h1_clip0p3_ema0p9995_full_noise0p25_ess1e07_q0p4,36500,full_train,subset,1000,1000,1000,,0,128,16,1,ivon_parameter_sampling,0,37000,128,3.85e-05,600,cosine_min0p1,1,5.5e-06,1,0.9,10000000,1,0.99,0.0001,0.3,price,0.25,,0.4,delayed_fixed_depth,full,2500,persistent,false,true,true,0.9995,82.4,82.7,/data1/lsj9862/VR/trm_sudoku_ivon_hpsearch_260619/v4_5_peak_window_refinement_260626/quick_eval_limit1000_k10_d16/v4_5q_074_raw_v4_5_007_q040_n025_h1_c03_cosine_min0p1_lr1_resetdense_h1_clip0p3_ema0p9995_full_noise0p25_ess1e07_q0p4_step36500/output.json
2026-07-14T11:34:41Z,,full_train__subset1000__d16__ivon_parameter_sampling,pass_at_10,completed,v4_5_peak_window_refinement,v4_5_002_q040_n020_h1_c03_cosine_min0p1_lr1_resetdense_h1_clip0p3_ema0p9995_full_noise0p2_ess1e07_q0p4,37000,full_train,subset,1000,1000,1000,,0,128,16,1,ivon_parameter_sampling,0,37000,128,3.85e-05,600,cosine_min0p1,1,5.5e-06,1,0.9,10000000,1,0.99,0.0001,0.3,price,0.2,,0.4,delayed_fixed_depth,full,2500,persistent,false,true,true,0.9995,82.3,84,/data1/lsj9862/VR/trm_sudoku_ivon_hpsearch_260619/v4_5_peak_window_refinement_260626/quick_eval_limit1000_k10_d16/v4_5q_028_raw_v4_5_002_q040_n020_h1_c03_cosine_min0p1_lr1_resetdense_h1_clip0p3_ema0p9995_full_noise0p2_ess1e07_q0p4_step37000/output.json
2026-07-14T11:34:41Z,,full_train__subset1000__d16__ivon_parameter_sampling,selected|pass_at_10,completed,v3_7_posterior_concentration,v3_7_000_lr_const_control_constant_noise0p3_ess1e07_q0p25,40000,full_train,subset,1000,1000,1000,,0,128,16,1,ivon_parameter_sampling,0,40000,128,7e-05,600,constant,1,1e-05,1,0.9,10000000,1,0.99,0.0001,0.3,price,0.3,,0.25,delayed_fixed_depth,full,2500,persistent,false,true,false,0.999,82.3,83.6,/data1/lsj9862/VR/trm_sudoku_ivon_hpsearch_260619/v3_7_posterior_concentration_260626/quick_eval_limit1000_k10_d16/v3_7q_001_v3_7_000_lr_const_control_constant_noise0p3_ess1e07_q0p25_step40000/output.json
2026-07-14T11:34:41Z,,full_train__subset1000__d16__ivon_compare_selection,selected|pass_at_10,completed,v4_17_peak_window_refinement,v4_17_007_cos_lr7p5e6_min0p1_q035_n022,39250,full_train,subset,1000,1000,1000,,0,16,16,1,ivon_compare_selection,0,39500,128,7.5e-06,600,cosine_min0p1,1,1.05e-06,1,0.9,10000000,1,0.99,0.0001,0.2,price,0.22,,0.35,normal,full,2500,persistent,false,true,true,0.9995,82.3,83.6,/data1/lsj9862/VR/trm_sudoku_ivon_hpsearch_260619/v4_21_eval_batch_sampling_diagnostic_260627/eval_limit1000_k10_d16/v4_21_v4_17_best_ema_step39250_bs16_seed0/output.json
2026-07-14T11:34:41Z,,full_train__subset1000__d16__ivon_parameter_sampling,pass_at_10,completed,v4_3_optimizer_reset,v4_3_010_reset_h3_c03_q025_lr05_cosine_min0p1_lr0p5_resetdense_h3_clip0p3_ema0p9995_full_noise0p3_ess1e07_q0p25,36500,full_train,subset,1000,1000,1000,,0,128,16,1,ivon_parameter_sampling,0,38000,128,1.925e-05,600,cosine_min0p1,1,2.75e-06,1,0.9,10000000,3,0.99,0.0001,0.3,price,0.3,,0.25,delayed_fixed_depth,full,2500,persistent,false,true,true,0.9995,82.3,83.5,/data1/lsj9862/VR/trm_sudoku_ivon_hpsearch_260619/v4_3_optimizer_reset_260626/quick_eval_limit1000_k10_d16/v4_3q_119_ema_v4_3_010_reset_h3_c03_q025_lr05_cosine_min0p1_lr0p5_resetdense_h3_clip0p3_ema0p9995_full_noise0p3_ess1e07_q0p25_step36500/output.json
2026-07-14T11:34:41Z,,full_train__subset1000__d16__ivon_parameter_sampling,selected|pass_at_10,completed,ivon_goal_search_260712,core_v6_ess3e7,12000,full_train,subset,1000,1000,1000,,0,,16,1,ivon_parameter_sampling,0,50000,768,0.0007,600,piece_v36v416,1,0.0001,1,0.9,30000000,1,0.99,0.0001,0.2,price,0.25,clip,0.35,delayed_fixed_depth,full,2500,persistent,false,true,true,0.999,82.3,82.7,/data1/lsj9862/VR/ptrm_public_runs/ivon_goal_search_260712/evals/core_v6_ess3e7/step_12000/eval.json
2026-07-14T11:34:41Z,,full_train__subset1000__d16__ivon_parameter_sampling,selected|pass_at_10,completed,v4_8_posterior_optimizer_axis,v4_8_002_beta098,37000,full_train,subset,1000,1000,1000,,0,128,16,1,ivon_parameter_sampling,0,37000,128,3.85e-05,600,cosine_min0p1,1,5.5e-06,1,0.9,10000000,1,0.98,0.0001,0.2,price,0.2,,0.35,delayed_fixed_depth,full,2500,persistent,false,true,true,0.9995,82.3,82.5,/data1/lsj9862/VR/trm_sudoku_ivon_hpsearch_260619/v4_8_posterior_optimizer_axis_260626/quick_eval_limit1000_k10_d16/v4_8q_017_ema_v4_8_002_beta098_step37000/output.json
2026-07-14T11:34:41Z,,full_train__subset1000__d16__ivon_parameter_sampling,selected|pass_at_10,completed,v19_lowlevel_coarse_fill_260702,v19_14_long_plateau_late_drop,50000,full_train,subset,1000,1000,1000,,0,128,16,1,ivon_parameter_sampling,0,50000,128,0.0007,600,,1,0.0001,1,0.9,10000000,1,0.99,0.0001,0.2,price,0.275,,0.35,delayed_fixed_depth,delayed_token_only,2500,persistent,false,true,true,0.999,82.3,82.4,/data1/lsj9862/VR/trm_sudoku_ivon_hpsearch_260619/source_server_autonomous_hp_260630/v19_lowlevel_coarse_fill_260702/eval_queue/v19_14_long_plateau_late_drop/raw_step_50000_k10d16_limit1000/output.json
2026-07-14T11:34:41Z,,full_train__subset1000__d16__ivon_compare_selection,selected,completed,v4_19_peak_mc_calibration,v4_19_001_mc2_lr2e6_n020,39000,full_train,subset,1000,1000,1000,,0,128,16,1,ivon_compare_selection,0,39000,128,2e-06,600,,1,2.8e-07,1,0.9,10000000,1,0.99,0.0001,0.2,price,0.2,,0.35,normal,full,2500,persistent,false,true,true,0.9995,82.2,84.5,/data1/lsj9862/VR/trm_sudoku_ivon_hpsearch_260619/v4_19_peak_mc_calibration_260626/eval_limit1000_k10_d16/v4_19q_007_ema_v4_19_001_mc2_lr2e6_n020_step39000/output.json
2026-07-14T11:34:41Z,,full_train__subset1000__d16__ivon_parameter_sampling,selected,completed,v4_16_leader_continuation,v4_16_004_keepopt_const_lr1e5_q025_n020,40000,full_train,subset,1000,1000,1000,,0,128,16,1,ivon_parameter_sampling,0,40000,128,1e-05,600,constant,1,1.4e-06,1,0.9,10000000,1,0.99,0.0001,0.2,price,0.2,,0.25,normal,full,2500,persistent,false,true,true,0.9995,82.2,84.4,/data1/lsj9862/VR/trm_sudoku_ivon_hpsearch_260619/v4_16_leader_continuation_260626/quick_eval_limit1000_k10_d16/v4_16q_059_ema_v4_16_004_keepopt_const_lr1e5_q025_n020_step40000/output.json
2026-07-14T11:34:41Z,,full_train__subset1000__d16__ivon_parameter_sampling,selected|pass_at_10,completed,v4_3_optimizer_reset,v4_3_002_reset_h3_c03_q025_cosine_min0p1_lr1_resetdense_h3_clip0p3_ema0p9995_full_noise0p3_ess1e07_q0p25,36500,full_train,subset,1000,1000,1000,,0,128,16,1,ivon_parameter_sampling,0,38000,128,3.85e-05,600,cosine_min0p1,1,5.5e-06,1,0.9,10000000,3,0.99,0.0001,0.3,price,0.3,,0.25,delayed_fixed_depth,full,2500,persistent,false,true,true,0.9995,82.2,83.4,/data1/lsj9862/VR/trm_sudoku_ivon_hpsearch_260619/v4_3_optimizer_reset_260626/quick_eval_limit1000_k10_d16/v4_3q_022_raw_v4_3_002_reset_h3_c03_q025_cosine_min0p1_lr1_resetdense_h3_clip0p3_ema0p9995_full_noise0p3_ess1e07_q0p25_step36500/output.json
2026-07-14T11:34:41Z,,full_train__subset1000__d16__ivon_parameter_sampling,selected|pass_at_10,completed,v4_1_ema_qtail,v4_1_000_control_raw_q025_cosine_min0p1_emaoff_full_noise0p3_ess1e07_q0p25,40000,full_train,subset,1000,1000,1000,,0,128,16,1,ivon_parameter_sampling,0,40000,128,3.85e-05,600,cosine_min0p1,1,5.5e-06,1,0.9,10000000,1,0.99,0.0001,0.3,price,0.3,,0.25,delayed_fixed_depth,full,2500,persistent,false,true,false,0.999,82.2,83,/data1/lsj9862/VR/trm_sudoku_ivon_hpsearch_260619/v4_1_ema_qtail_260626/quick_eval_limit1000_k10_d16/v4_1q_004_raw_v4_1_000_control_raw_q025_cosine_min0p1_emaoff_full_noise0p3_ess1e07_q0p25_step40000/output.json
2026-07-14T11:34:41Z,,full_train__subset1000__d16__ivon_parameter_sampling,selected|pass_at_10,completed,v10_batch128_mechanism_axis_260701,v10m_delayed_token_q035_n0275,50000,full_train,subset,1000,1000,1000,,0,128,16,0.75,ivon_parameter_sampling,0,50000,128,0.0007,600,,1,0.0001,1,0.9,10000000,1,0.99,0.0001,0.2,price,0.275,,0.35,delayed_fixed_depth,delayed_token_only,2500,persistent,false,true,true,0.999,82.2,82.2,/data1/lsj9862/VR/trm_sudoku_ivon_hpsearch_260619/source_server_autonomous_hp_260630/v13_posterior_density_sampler_260702/v10_step50000_scale0p75_k10d16_limit1000.json
2026-07-14T11:34:41Z,,full_train__subset1000__d16__ivon_parameter_sampling,pass_at_10,completed,v4_11_peak_preservation,v4_11_006_delay36k_pz05_drop365_x025,36250,full_train,subset,1000,1000,1000,,0,128,16,1,ivon_parameter_sampling,0,38000,128,7e-05,600,piecewise_36500_x025,1,5e-06,1,0.9,10000000,1,0.99,0.0001,0.2,price,0.2,,0.35,delayed_fixed_depth,full,36000,persistent,false,true,true,0.9995,82.1,85.1,/data1/lsj9862/VR/trm_sudoku_ivon_hpsearch_260619/v4_11_peak_preservation_260626/quick_eval_limit1000_k10_d16/v4_11q_142_raw_v4_11_006_delay36k_pz05_drop365_x025_step36250/output.json
2026-07-14T11:34:41Z,,full_train__subset1000__d16__ivon_compare_selection,selected|pass_at_10,completed,v4_11_peak_preservation,v4_11_004_delay35k_pz05_drop36_x025,36000,full_train,subset,1000,1000,1000,,1,128,16,1,ivon_compare_selection,0,38000,128,7e-05,600,piecewise_36000_x025,1,5e-06,1,0.9,10000000,1,0.99,0.0001,0.2,price,0.2,,0.35,delayed_fixed_depth,full,35000,persistent,false,true,true,0.9995,82.1,84.3,/data1/lsj9862/VR/trm_sudoku_ivon_hpsearch_260619/v4_21_eval_batch_sampling_diagnostic_260627/eval_limit1000_k10_d16/v4_21_v4_11_highpass_raw_step36000_bs128_seed1/output.json
2026-07-14T11:34:41Z,,full_train__subset1000__d16__ivon_parameter_sampling,selected,completed,v4_10_persistent_mc_objective,v4_10_002_mc2_persist_pz0_n020,36000,full_train,subset,1000,1000,1000,,0,128,16,1,ivon_parameter_sampling,0,37000,128,3.85e-05,600,cosine_min0p1,1,0,1,0.9,10000000,1,0.99,0.0001,0.2,price,0.2,,0.35,delayed_fixed_depth,full,2500,persistent,false,true,true,0.9995,82.1,84.1,/data1/lsj9862/VR/trm_sudoku_ivon_hpsearch_260619/v4_10_persistent_mc_objective_260626/quick_eval_limit1000_k10_d16/v4_10q_013_ema_v4_10_002_mc2_persist_pz0_n020_step36000/output.json
2026-07-14T11:34:41Z,,full_train__subset1000__d16__ivon_parameter_sampling,selected|pass_at_10,completed,v19_lowlevel_coarse_fill_260702,v19_18_high_noise_high_q,50000,full_train,subset,1000,1000,1000,,0,128,16,1,ivon_parameter_sampling,0,50000,128,0.0007,600,,1,0.0001,1,0.9,10000000,1,0.99,0.0001,0.2,price,0.325,,0.45,delayed_fixed_depth,delayed_token_only,2500,persistent,false,true,true,0.999,82.1,82.3,/data1/lsj9862/VR/trm_sudoku_ivon_hpsearch_260619/source_server_autonomous_hp_260630/v19_lowlevel_coarse_fill_260702/eval_queue/v19_18_high_noise_high_q/raw_step_50000_k10d16_limit1000/output.json
2026-07-14T11:34:41Z,,full_train__subset1000__d16__ivon_parameter_sampling,pass_at_10,completed,v4_5_peak_window_refinement,v4_5_006_q040_n015_h1_c03_cosine_min0p1_lr1_resetdense_h1_clip0p3_ema0p9995_full_noise0p15_ess1e07_q0p4,36250,full_train,subset,1000,1000,1000,,0,128,16,1,ivon_parameter_sampling,0,37000,128,3.85e-05,600,cosine_min0p1,1,5.5e-06,1,0.9,10000000,1,0.99,0.0001,0.3,price,0.15,,0.4,delayed_fixed_depth,full,2500,persistent,false,true,true,0.9995,82,85.5,/data1/lsj9862/VR/trm_sudoku_ivon_hpsearch_260619/v4_5_peak_window_refinement_260626/quick_eval_limit1000_k10_d16/v4_5q_062_raw_v4_5_006_q040_n015_h1_c03_cosine_min0p1_lr1_resetdense_h1_clip0p3_ema0p9995_full_noise0p15_ess1e07_q0p4_step36250/output.json
2026-07-14T11:34:41Z,,full_train__subset1000__d16__ivon_parameter_sampling,pass_at_10,completed,v4_16_leader_continuation,v4_16_004_keepopt_const_lr1e5_q025_n020,39000,full_train,subset,1000,1000,1000,,0,128,16,1,ivon_parameter_sampling,0,40000,128,1e-05,600,constant,1,1.4e-06,1,0.9,10000000,1,0.99,0.0001,0.2,price,0.2,,0.25,normal,full,2500,persistent,false,true,true,0.9995,82,85.4,/data1/lsj9862/VR/trm_sudoku_ivon_hpsearch_260619/v4_16_leader_continuation_260626/quick_eval_limit1000_k10_d16/v4_16q_055_ema_v4_16_004_keepopt_const_lr1e5_q025_n020_step39000/output.json
2026-07-14T11:34:41Z,,full_train__subset1000__d16__ivon_parameter_sampling,pass_at_10,completed,v4_6_formation_window,v4_6_003_resetboth_c02_q035_n02,34500,full_train,subset,1000,1000,1000,,0,128,16,1,ivon_parameter_sampling,0,37000,128,7e-05,600,cosine_min0p1,1,1e-05,1,0.9,10000000,1,0.99,0.0001,0.2,price,0.2,,0.35,delayed_fixed_depth,full,2500,persistent,false,true,true,0.9995,82,85.1,/data1/lsj9862/VR/trm_sudoku_ivon_hpsearch_260619/v4_6_formation_window_260626/quick_eval_limit1000_k10_d16/v4_6q_044_raw_v4_6_003_resetboth_c02_q035_n02_step34500/output.json
2026-07-14T11:34:41Z,,full_train__subset1000__d16__ivon_compare_selection,selected|pass_at_10,completed,v4_16_leader_continuation,v4_16_003_keepopt_cos_lr1e5_q035_n020,38500,full_train,subset,1000,1000,1000,,2,16,16,1,ivon_compare_selection,0,40000,128,1e-05,600,cosine_min0p1,1,1.4e-06,1,0.9,10000000,1,0.99,0.0001,0.2,price,0.2,,0.35,normal,full,2500,persistent,false,true,true,0.9995,82,83.7,/data1/lsj9862/VR/trm_sudoku_ivon_hpsearch_260619/v4_21_eval_batch_sampling_diagnostic_260627/eval_limit1000_k10_d16/v4_21_v4_16_best_raw_step38500_bs16_seed2/output.json
2026-07-14T11:34:41Z,,full_train__subset1000__d16__ivon_parameter_sampling,selected|pass_at_10,completed,v4_16_leader_continuation,v4_16_006_keepopt_const_lr1e5_q035_n015,39000,full_train,subset,1000,1000,1000,,0,128,16,1,ivon_parameter_sampling,0,40000,128,1e-05,600,constant,1,1.4e-06,1,0.9,10000000,1,0.99,0.0001,0.2,price,0.15,,0.35,normal,full,2500,persistent,false,true,true,0.9995,81.9,86.3,/data1/lsj9862/VR/trm_sudoku_ivon_hpsearch_260619/v4_16_leader_continuation_260626/quick_eval_limit1000_k10_d16/v4_16q_079_ema_v4_16_006_keepopt_const_lr1e5_q035_n015_step39000/output.json
2026-07-14T11:34:41Z,,full_train__subset1000__d16__ivon_compare_selection,selected|pass_at_10,completed,v4_11_peak_preservation,v4_11_004_delay35k_pz05_drop36_x025,36000,full_train,subset,1000,1000,1000,,2,128,16,1,ivon_compare_selection,0,38000,128,7e-05,600,piecewise_36000_x025,1,5e-06,1,0.9,10000000,1,0.99,0.0001,0.2,price,0.2,,0.35,delayed_fixed_depth,full,35000,persistent,false,true,true,0.9995,81.9,84.7,/data1/lsj9862/VR/trm_sudoku_ivon_hpsearch_260619/v4_21_eval_batch_sampling_diagnostic_260627/eval_limit1000_k10_d16/v4_21_v4_11_highpass_raw_step36000_bs128_seed2/output.json
2026-07-14T11:34:41Z,,full_train__subset1000__d16__ivon_compare_selection,selected|pass_at_10,completed,v4_11_peak_preservation,v4_11_004_delay35k_pz05_drop36_x025,36000,full_train,subset,1000,1000,1000,,3,16,16,1,ivon_compare_selection,0,38000,128,7e-05,600,piecewise_36000_x025,1,5e-06,1,0.9,10000000,1,0.99,0.0001,0.2,price,0.2,,0.35,delayed_fixed_depth,full,35000,persistent,false,true,true,0.9995,81.8,84.8,/data1/lsj9862/VR/trm_sudoku_ivon_hpsearch_260619/v4_21_eval_batch_sampling_diagnostic_260627/eval_limit1000_k10_d16/v4_21_v4_11_highpass_raw_step36000_bs16_seed3/output.json
2026-07-14T11:34:41Z,,full_train__subset1000__d16__ivon_parameter_sampling,selected|pass_at_10,completed,v5_clean50k_gen00,v5g00_001_r1_v36v416_q025_n030_piece_piece_v36v416_lr0p0007_q0p25_n0p3_clip0p3_delayed_fixed_depth_full,50000,full_train,subset,1000,1000,1000,,0,128,16,1,ivon_parameter_sampling,0,50000,128,0.0007,600,piece_v36v416,1,0.0001,1,0.9,10000000,1,0.99,0.0001,0.3,price,0.3,,0.25,delayed_fixed_depth,full,2500,persistent,false,true,true,0.999,81.8,83.5,/data1/lsj9862/VR/trm_sudoku_ivon_hpsearch_260619/v5_clean50k_auto_260627/gen00_clean50k/quick_eval_limit1000_k10_d16/v5q_007_raw_v5g00_001_r1_v36v416_q025_n030_piece_piece_v36v416_lr0p0007_q0p25_n0p3_clip0p3_delayed_fixed_depth_full_step50000/output.json
2026-07-14T11:34:41Z,,full_train__subset1000__d16__ivon_compare_selection,selected|pass_at_10,completed,v4_17_peak_window_refinement,v4_17_007_cos_lr7p5e6_min0p1_q035_n022,39250,full_train,subset,1000,1000,1000,,2,32,16,1,ivon_compare_selection,0,39500,128,7.5e-06,600,cosine_min0p1,1,1.05e-06,1,0.9,10000000,1,0.99,0.0001,0.2,price,0.22,,0.35,normal,full,2500,persistent,false,true,true,0.9995,81.8,83.3,/data1/lsj9862/VR/trm_sudoku_ivon_hpsearch_260619/v4_21_eval_batch_sampling_diagnostic_260627/eval_limit1000_k10_d16/v4_21_v4_17_best_ema_step39250_bs32_seed2/output.json
2026-07-14T11:34:41Z,,full_train__subset1000__d16__ivon_compare_selection,pass_at_10,completed,v4_19_peak_mc_calibration,v4_19_001_mc2_lr2e6_n020,38750,full_train,subset,1000,1000,1000,,0,128,16,1,ivon_compare_selection,0,39000,128,2e-06,600,,1,2.8e-07,1,0.9,10000000,1,0.99,0.0001,0.2,price,0.2,,0.35,normal,full,2500,persistent,false,true,true,0.9995,81.7,85.2,/data1/lsj9862/VR/trm_sudoku_ivon_hpsearch_260619/v4_19_peak_mc_calibration_260626/eval_limit1000_k10_d16/v4_19q_005_ema_v4_19_001_mc2_lr2e6_n020_step38750/output.json
2026-07-14T11:34:41Z,,full_train__subset1000__d16__ivon_compare_selection,selected|pass_at_10,completed,v4_17_peak_window_refinement,v4_17_007_cos_lr7p5e6_min0p1_q035_n022,39250,full_train,subset,1000,1000,1000,,3,32,16,1,ivon_compare_selection,0,39500,128,7.5e-06,600,cosine_min0p1,1,1.05e-06,1,0.9,10000000,1,0.99,0.0001,0.2,price,0.22,,0.35,normal,full,2500,persistent,false,true,true,0.9995,81.7,83,/data1/lsj9862/VR/trm_sudoku_ivon_hpsearch_260619/v4_21_eval_batch_sampling_diagnostic_260627/eval_limit1000_k10_d16/v4_21_v4_17_best_ema_step39250_bs32_seed3/output.json
2026-07-14T11:34:41Z,,full_train__subset1000__d16__ivon_compare_selection,selected|pass_at_10,completed,v4_17_peak_window_refinement,v4_17_007_cos_lr7p5e6_min0p1_q035_n022,39250,full_train,subset,1000,1000,1000,,3,16,16,1,ivon_compare_selection,0,39500,128,7.5e-06,600,cosine_min0p1,1,1.05e-06,1,0.9,10000000,1,0.99,0.0001,0.2,price,0.22,,0.35,normal,full,2500,persistent,false,true,true,0.9995,81.7,82.8,/data1/lsj9862/VR/trm_sudoku_ivon_hpsearch_260619/v4_21_eval_batch_sampling_diagnostic_260627/eval_limit1000_k10_d16/v4_21_v4_17_best_ema_step39250_bs16_seed3/output.json
2026-07-14T11:34:41Z,,full_train__subset1000__d16__ivon_parameter_sampling,selected|pass_at_10,completed,v3_7_posterior_concentration,v3_7_005_q035_cos01_cosine_min0p1_noise0p3_ess1e07_q0p35,40000,full_train,subset,1000,1000,1000,,0,128,16,1,ivon_parameter_sampling,0,40000,128,7e-05,600,cosine_min0p1,1,1e-05,1,0.9,10000000,1,0.99,0.0001,0.3,price,0.3,,0.35,delayed_fixed_depth,full,2500,persistent,false,true,false,0.999,81.7,82.2,/data1/lsj9862/VR/trm_sudoku_ivon_hpsearch_260619/v3_7_posterior_concentration_260626/quick_eval_limit1000_k10_d16/v3_7q_011_v3_7_005_q035_cos01_cosine_min0p1_noise0p3_ess1e07_q0p35_step40000/output.json
2026-07-14T11:34:41Z,,full_train__subset1000__d16__ivon_parameter_sampling,selected,completed,v4_6_formation_window,v4_6_000_control_keep_v37,37000,full_train,subset,1000,1000,1000,,0,128,16,1,ivon_parameter_sampling,0,37000,128,7e-05,600,cosine_min0p1,1,1e-05,1,0.9,10000000,1,0.99,0.0001,0.3,price,0.3,,0.25,delayed_fixed_depth,full,2500,persistent,false,true,true,0.9995,81.7,82.1,/data1/lsj9862/VR/trm_sudoku_ivon_hpsearch_260619/v4_6_formation_window_260626/quick_eval_limit1000_k10_d16/v4_6q_012_raw_v4_6_000_control_keep_v37_step37000/output.json
2026-07-14T11:34:41Z,,full_train__subset1000__d16__ivon_parameter_sampling,selected,completed,v4_5_peak_window_refinement,v4_5_004_q035_n015_h1_c03_cosine_min0p1_lr1_resetdense_h1_clip0p3_ema0p9995_full_noise0p15_ess1e07_q0p35,37000,full_train,subset,1000,1000,1000,,0,128,16,1,ivon_parameter_sampling,0,37000,128,3.85e-05,600,cosine_min0p1,1,5.5e-06,1,0.9,10000000,1,0.99,0.0001,0.3,price,0.15,,0.35,delayed_fixed_depth,full,2500,persistent,false,true,true,0.9995,81.6,85.4,/data1/lsj9862/VR/trm_sudoku_ivon_hpsearch_260619/v4_5_peak_window_refinement_260626/quick_eval_limit1000_k10_d16/v4_5q_048_raw_v4_5_004_q035_n015_h1_c03_cosine_min0p1_lr1_resetdense_h1_clip0p3_ema0p9995_full_noise0p15_ess1e07_q0p35_step37000/output.json
2026-07-14T11:34:41Z,,full_train__subset1000__d16__ivon_parameter_sampling,selected,completed,v4_10_persistent_mc_objective,v4_10_007_mc4_persist_pz0_n025,36000,full_train,subset,1000,1000,1000,,0,128,16,1,ivon_parameter_sampling,0,37000,128,3.85e-05,600,cosine_min0p1,1,0,1,0.9,10000000,1,0.99,0.0001,0.2,price,0.25,,0.35,delayed_fixed_depth,full,2500,persistent,false,true,true,0.9995,81.6,84.1,/data1/lsj9862/VR/trm_sudoku_ivon_hpsearch_260619/v4_10_persistent_mc_objective_260626/quick_eval_limit1000_k10_d16/v4_10q_042_raw_v4_10_007_mc4_persist_pz0_n025_step36000/output.json
2026-07-14T11:34:41Z,,full_train__subset1000__d16__ivon_compare_selection,selected|pass_at_10,completed,v4_16_leader_continuation,v4_16_003_keepopt_cos_lr1e5_q035_n020,38500,full_train,subset,1000,1000,1000,,2,64,16,1,ivon_compare_selection,0,40000,128,1e-05,600,cosine_min0p1,1,1.4e-06,1,0.9,10000000,1,0.99,0.0001,0.2,price,0.2,,0.35,normal,full,2500,persistent,false,true,true,0.9995,81.6,83.2,/data1/lsj9862/VR/trm_sudoku_ivon_hpsearch_260619/v4_21_eval_batch_sampling_diagnostic_260627/eval_limit1000_k10_d16/v4_21_v4_16_best_raw_step38500_bs64_seed2/output.json
2026-07-14T11:34:41Z,,full_train__subset1000__d16__ivon_parameter_sampling,selected|pass_at_10,completed,v4_9_mc_sampling_objective,v4_9_001_mc1_reset_pz0,36000,full_train,subset,1000,1000,1000,,0,128,16,1,ivon_parameter_sampling,0,37000,128,3.85e-05,600,cosine_min0p1,1,0,1,0.9,10000000,1,0.99,0.0001,0.2,price,0.2,,0.35,delayed_fixed_depth,full,2500,reset_every_step,false,true,true,0.9995,81.6,82.7,/data1/lsj9862/VR/trm_sudoku_ivon_hpsearch_260619/v4_9_mc_sampling_objective_260626/quick_eval_limit1000_k10_d16/v4_9q_007_ema_v4_9_001_mc1_reset_pz0_step36000/output.json
2026-07-14T11:34:41Z,,full_train__subset1000__d16__ivon_parameter_sampling,pass_at_10,completed,v4_1_ema_qtail,v4_1_000_control_raw_q025_cosine_min0p1_emaoff_full_noise0p3_ess1e07_q0p25,37000,full_train,subset,1000,1000,1000,,0,128,16,1,ivon_parameter_sampling,0,40000,128,3.85e-05,600,cosine_min0p1,1,5.5e-06,1,0.9,10000000,1,0.99,0.0001,0.3,price,0.3,,0.25,delayed_fixed_depth,full,2500,persistent,false,true,false,0.999,81.5,83,/data1/lsj9862/VR/trm_sudoku_ivon_hpsearch_260619/v4_1_ema_qtail_260626/quick_eval_limit1000_k10_d16/v4_1q_001_raw_v4_1_000_control_raw_q025_cosine_min0p1_emaoff_full_noise0p3_ess1e07_q0p25_step37000/output.json
2026-07-14T11:34:41Z,,full_train__subset1000__d16__ivon_compare_selection,selected|pass_at_10,completed,v4_17_peak_window_refinement,v4_17_007_cos_lr7p5e6_min0p1_q035_n022,39250,full_train,subset,1000,1000,1000,,0,32,16,1,ivon_compare_selection,0,39500,128,7.5e-06,600,cosine_min0p1,1,1.05e-06,1,0.9,10000000,1,0.99,0.0001,0.2,price,0.22,,0.35,normal,full,2500,persistent,false,true,true,0.9995,81.4,82.7,/data1/lsj9862/VR/trm_sudoku_ivon_hpsearch_260619/v4_21_eval_batch_sampling_diagnostic_260627/eval_limit1000_k10_d16/v4_21_v4_17_best_ema_step39250_bs32_seed0/output.json
2026-07-14T11:34:41Z,,full_train__subset1000__d16__ivon_compare_selection,selected|pass_at_10,completed,v4_17_peak_window_refinement,v4_17_007_cos_lr7p5e6_min0p1_q035_n022,39250,full_train,subset,1000,1000,1000,,2,16,16,1,ivon_compare_selection,0,39500,128,7.5e-06,600,cosine_min0p1,1,1.05e-06,1,0.9,10000000,1,0.99,0.0001,0.2,price,0.22,,0.35,normal,full,2500,persistent,false,true,true,0.9995,81.4,82.4,/data1/lsj9862/VR/trm_sudoku_ivon_hpsearch_260619/v4_21_eval_batch_sampling_diagnostic_260627/eval_limit1000_k10_d16/v4_21_v4_17_best_ema_step39250_bs16_seed2/output.json
2026-07-14T11:34:41Z,,full_train__subset1000__d16__ivon_parameter_sampling,selected|pass_at_10,completed,v3_7_posterior_concentration,v3_7_003_noise02_cos01_cosine_min0p1_noise0p2_ess1e07_q0p25,40000,full_train,subset,1000,1000,1000,,0,128,16,1,ivon_parameter_sampling,0,40000,128,7e-05,600,cosine_min0p1,1,1e-05,1,0.9,10000000,1,0.99,0.0001,0.3,price,0.2,,0.25,delayed_fixed_depth,full,2500,persistent,false,true,false,0.999,81.3,84.8,/data1/lsj9862/VR/trm_sudoku_ivon_hpsearch_260619/v3_7_posterior_concentration_260626/quick_eval_limit1000_k10_d16/v3_7q_007_v3_7_003_noise02_cos01_cosine_min0p1_noise0p2_ess1e07_q0p25_step40000/output.json
2026-07-14T11:34:41Z,,full_train__subset1000__d16__ivon_compare_selection,selected|pass_at_10,completed,v4_17_peak_window_refinement,v4_17_007_cos_lr7p5e6_min0p1_q035_n022,39250,full_train,subset,1000,1000,1000,,1,16,16,1,ivon_compare_selection,0,39500,128,7.5e-06,600,cosine_min0p1,1,1.05e-06,1,0.9,10000000,1,0.99,0.0001,0.2,price,0.22,,0.35,normal,full,2500,persistent,false,true,true,0.9995,81.3,82.6,/data1/lsj9862/VR/trm_sudoku_ivon_hpsearch_260619/v4_21_eval_batch_sampling_diagnostic_260627/eval_limit1000_k10_d16/v4_21_v4_17_best_ema_step39250_bs16_seed1/output.json
2026-07-14T11:34:41Z,,full_train__subset1000__d16__ivon_compare_selection,selected|pass_at_10,completed,v4_17_peak_window_refinement,v4_17_007_cos_lr7p5e6_min0p1_q035_n022,39250,full_train,subset,1000,1000,1000,,2,128,16,1,ivon_compare_selection,0,39500,128,7.5e-06,600,cosine_min0p1,1,1.05e-06,1,0.9,10000000,1,0.99,0.0001,0.2,price,0.22,,0.35,normal,full,2500,persistent,false,true,true,0.9995,81.3,82.4,/data1/lsj9862/VR/trm_sudoku_ivon_hpsearch_260619/v4_21_eval_batch_sampling_diagnostic_260627/eval_limit1000_k10_d16/v4_21_v4_17_best_ema_step39250_bs128_seed2/output.json
2026-07-14T11:34:41Z,,full_train__subset1000__d16__ivon_compare_selection,selected|pass_at_10,completed,v4_17_peak_window_refinement,v4_17_007_cos_lr7p5e6_min0p1_q035_n022,39250,full_train,subset,1000,1000,1000,,1,64,16,1,ivon_compare_selection,0,39500,128,7.5e-06,600,cosine_min0p1,1,1.05e-06,1,0.9,10000000,1,0.99,0.0001,0.2,price,0.22,,0.35,normal,full,2500,persistent,false,true,true,0.9995,81.3,82.3,/data1/lsj9862/VR/trm_sudoku_ivon_hpsearch_260619/v4_21_eval_batch_sampling_diagnostic_260627/eval_limit1000_k10_d16/v4_21_v4_17_best_ema_step39250_bs64_seed1/output.json
2026-07-14T11:34:41Z,,full_train__subset1000__d16__ivon_compare_selection,selected|pass_at_10,completed,v4_11_peak_preservation,v4_11_004_delay35k_pz05_drop36_x025,36000,full_train,subset,1000,1000,1000,,2,16,16,1,ivon_compare_selection,0,38000,128,7e-05,600,piecewise_36000_x025,1,5e-06,1,0.9,10000000,1,0.99,0.0001,0.2,price,0.2,,0.35,delayed_fixed_depth,full,35000,persistent,false,true,true,0.9995,81.2,83.5,/data1/lsj9862/VR/trm_sudoku_ivon_hpsearch_260619/v4_21_eval_batch_sampling_diagnostic_260627/eval_limit1000_k10_d16/v4_21_v4_11_highpass_raw_step36000_bs16_seed2/output.json
2026-07-14T11:34:41Z,,full_train__subset1000__d16__ivon_parameter_sampling,selected,completed,v4_1_ema_qtail,v4_1_003_ema0999_q010_cosine_min0p1_ema0p999_full_noise0p3_ess1e07_q0p1,39000,full_train,subset,1000,1000,1000,,0,128,16,1,ivon_parameter_sampling,0,40000,128,3.85e-05,600,cosine_min0p1,1,5.5e-06,1,0.9,10000000,1,0.99,0.0001,0.3,price,0.3,,0.1,delayed_fixed_depth,full,2500,persistent,false,true,true,0.999,81,82.6,/data1/lsj9862/VR/trm_sudoku_ivon_hpsearch_260619/v4_1_ema_qtail_260626/quick_eval_limit1000_k10_d16/v4_1q_032_ema_v4_1_003_ema0999_q010_cosine_min0p1_ema0p999_full_noise0p3_ess1e07_q0p1_step39000/output.json
2026-07-14T11:34:41Z,,full_train__subset1000__d16__ivon_parameter_sampling,pass_at_10,completed,v4_5_peak_window_refinement,v4_5_004_q035_n015_h1_c03_cosine_min0p1_lr1_resetdense_h1_clip0p3_ema0p9995_full_noise0p15_ess1e07_q0p35,36500,full_train,subset,1000,1000,1000,,0,128,16,1,ivon_parameter_sampling,0,37000,128,3.85e-05,600,cosine_min0p1,1,5.5e-06,1,0.9,10000000,1,0.99,0.0001,0.3,price,0.15,,0.35,delayed_fixed_depth,full,2500,persistent,false,true,true,0.9995,80.9,85.7,/data1/lsj9862/VR/trm_sudoku_ivon_hpsearch_260619/v4_5_peak_window_refinement_260626/quick_eval_limit1000_k10_d16/v4_5q_044_raw_v4_5_004_q035_n015_h1_c03_cosine_min0p1_lr1_resetdense_h1_clip0p3_ema0p9995_full_noise0p15_ess1e07_q0p35_step36500/output.json
2026-07-14T11:34:41Z,,full_train__subset1000__d16__ivon_parameter_sampling,selected,completed,v4_9_mc_sampling_objective,v4_9_006_mc2_c015_pz0,36000,full_train,subset,1000,1000,1000,,0,128,16,1,ivon_parameter_sampling,0,37000,128,3.85e-05,600,cosine_min0p1,1,0,1,0.9,10000000,1,0.99,0.0001,0.15,price,0.2,,0.35,delayed_fixed_depth,full,2500,reset_every_step,false,true,true,0.9995,80.9,84,/data1/lsj9862/VR/trm_sudoku_ivon_hpsearch_260619/v4_9_mc_sampling_objective_260626/quick_eval_limit1000_k10_d16/v4_9q_037_ema_v4_9_006_mc2_c015_pz0_step36000/output.json
2026-07-14T11:34:41Z,,full_train__subset1000__d16__ivon_parameter_sampling,selected,completed,v4_9_mc_sampling_objective,v4_9_007_mc2_lr075_pz0,36000,full_train,subset,1000,1000,1000,,0,128,16,1,ivon_parameter_sampling,0,37000,128,2.8875e-05,600,cosine_min0p1,1,0,1,0.9,10000000,1,0.99,0.0001,0.2,price,0.2,,0.35,delayed_fixed_depth,full,2500,reset_every_step,false,true,true,0.9995,80.9,83.8,/data1/lsj9862/VR/trm_sudoku_ivon_hpsearch_260619/v4_9_mc_sampling_objective_260626/quick_eval_limit1000_k10_d16/v4_9q_043_ema_v4_9_007_mc2_lr075_pz0_step36000/output.json
2026-07-14T11:34:41Z,,full_train__subset1000__d16__ivon_parameter_sampling,selected|pass_at_10,completed,v4_14_sample_quality_formation,v4_14_000_keepopt_q035_n020_pz1_cos01,40000,full_train,subset,1000,1000,1000,,0,128,16,1,ivon_parameter_sampling,0,40000,128,7e-05,600,cosine_min0p1,1,1e-05,1,0.9,10000000,1,0.99,0.0001,0.3,price,0.2,,0.35,delayed_fixed_depth,full,2500,persistent,false,true,true,0.9995,80.9,83.3,/data1/lsj9862/VR/trm_sudoku_ivon_hpsearch_260619/v4_14_sample_quality_formation_260626/quick_eval_limit1000_k10_d16/v4_14q_008_raw_v4_14_000_keepopt_q035_n020_pz1_cos01_step40000/output.json
2026-07-14T11:34:41Z,,full_train__subset1000__d16__ivon_parameter_sampling,pass_at_10,completed,v4_6_formation_window,v4_6_000_control_keep_v37,34000,full_train,subset,1000,1000,1000,,0,128,16,1,ivon_parameter_sampling,0,37000,128,7e-05,600,cosine_min0p1,1,1e-05,1,0.9,10000000,1,0.99,0.0001,0.3,price,0.3,,0.25,delayed_fixed_depth,full,2500,persistent,false,true,true,0.9995,80.9,82.2,/data1/lsj9862/VR/trm_sudoku_ivon_hpsearch_260619/v4_6_formation_window_260626/quick_eval_limit1000_k10_d16/v4_6q_000_raw_v4_6_000_control_keep_v37_step34000/output.json
2026-07-14T11:34:41Z,,full_train__subset1000__d16__ivon_parameter_sampling,pass_at_10,completed,v4_16_leader_continuation,v4_16_004_keepopt_const_lr1e5_q025_n020,38500,full_train,subset,1000,1000,1000,,0,128,16,1,ivon_parameter_sampling,0,40000,128,1e-05,600,constant,1,1.4e-06,1,0.9,10000000,1,0.99,0.0001,0.2,price,0.2,,0.25,normal,full,2500,persistent,false,true,true,0.9995,80.8,85.4,/data1/lsj9862/VR/trm_sudoku_ivon_hpsearch_260619/v4_16_leader_continuation_260626/quick_eval_limit1000_k10_d16/v4_16q_053_ema_v4_16_004_keepopt_const_lr1e5_q025_n020_step38500/output.json
2026-07-14T11:34:41Z,,full_train__subset1000__d16__ivon_parameter_sampling,selected|pass_at_10,completed,v4_8_posterior_optimizer_axis,v4_8_001_beta095,37000,full_train,subset,1000,1000,1000,,0,128,16,1,ivon_parameter_sampling,0,37000,128,3.85e-05,600,cosine_min0p1,1,5.5e-06,1,0.9,10000000,1,0.95,0.0001,0.2,price,0.2,,0.35,delayed_fixed_depth,full,2500,persistent,false,true,true,0.9995,80.8,81.1,/data1/lsj9862/VR/trm_sudoku_ivon_hpsearch_260619/v4_8_posterior_optimizer_axis_260626/quick_eval_limit1000_k10_d16/v4_8q_011_ema_v4_8_001_beta095_step37000/output.json
2026-07-14T11:34:41Z,,full_train__subset1000__d16__ivon_parameter_sampling,selected|pass_at_10,completed,v4_8_posterior_optimizer_axis,v4_8_003_beta0995,37000,full_train,subset,1000,1000,1000,,0,128,16,1,ivon_parameter_sampling,0,37000,128,3.85e-05,600,cosine_min0p1,1,5.5e-06,1,0.9,10000000,1,0.995,0.0001,0.2,price,0.2,,0.35,delayed_fixed_depth,full,2500,persistent,false,true,true,0.9995,80.6,83.3,/data1/lsj9862/VR/trm_sudoku_ivon_hpsearch_260619/v4_8_posterior_optimizer_axis_260626/quick_eval_limit1000_k10_d16/v4_8q_022_raw_v4_8_003_beta0995_step37000/output.json
2026-07-14T11:34:41Z,,full_train__subset1000__d16__ivon_parameter_sampling,pass_at_10,completed,v4_9_mc_sampling_objective,v4_9_006_mc2_c015_pz0,37000,full_train,subset,1000,1000,1000,,0,128,16,1,ivon_parameter_sampling,0,37000,128,3.85e-05,600,cosine_min0p1,1,0,1,0.9,10000000,1,0.99,0.0001,0.15,price,0.2,,0.35,delayed_fixed_depth,full,2500,reset_every_step,false,true,true,0.9995,80.1,85,/data1/lsj9862/VR/trm_sudoku_ivon_hpsearch_260619/v4_9_mc_sampling_objective_260626/quick_eval_limit1000_k10_d16/v4_9q_041_ema_v4_9_006_mc2_c015_pz0_step37000/output.json
2026-07-14T11:34:41Z,,full_train__subset1000__d16__ivon_parameter_sampling,pass_at_10,completed,v4_10_persistent_mc_objective,v4_10_007_mc4_persist_pz0_n025,37000,full_train,subset,1000,1000,1000,,0,128,16,1,ivon_parameter_sampling,0,37000,128,3.85e-05,600,cosine_min0p1,1,0,1,0.9,10000000,1,0.99,0.0001,0.2,price,0.25,,0.35,delayed_fixed_depth,full,2500,persistent,false,true,true,0.9995,80,84.8,/data1/lsj9862/VR/trm_sudoku_ivon_hpsearch_260619/v4_10_persistent_mc_objective_260626/quick_eval_limit1000_k10_d16/v4_10q_047_ema_v4_10_007_mc4_persist_pz0_n025_step37000/output.json
2026-07-14T11:34:41Z,,full_train__subset1000__d16__ivon_parameter_sampling,pass_at_10,completed,v4_1_ema_qtail,v4_1_003_ema0999_q010_cosine_min0p1_ema0p999_full_noise0p3_ess1e07_q0p1,37000,full_train,subset,1000,1000,1000,,0,128,16,1,ivon_parameter_sampling,0,40000,128,3.85e-05,600,cosine_min0p1,1,5.5e-06,1,0.9,10000000,1,0.99,0.0001,0.3,price,0.3,,0.1,delayed_fixed_depth,full,2500,persistent,false,true,true,0.999,79.9,83.8,/data1/lsj9862/VR/trm_sudoku_ivon_hpsearch_260619/v4_1_ema_qtail_260626/quick_eval_limit1000_k10_d16/v4_1q_028_ema_v4_1_003_ema0999_q010_cosine_min0p1_ema0p999_full_noise0p3_ess1e07_q0p1_step37000/output.json
2026-07-14T11:34:41Z,,full_train__subset1000__d16__ivon_parameter_sampling,selected|pass_at_10,completed,v3_6_scheduler_tail_isolation,v3_6_002_tail_cosine_min0p1,30000,full_train,subset,1000,1000,1000,,0,128,16,1,ivon_parameter_sampling,0,30000,128,0.0007,600,tail_cosine_min0p1,1,0.0001,1,0.9,10000000,1,0.99,0.0001,0.3,price,0.3,,0.25,delayed_fixed_depth,full,2500,persistent,false,true,false,0.999,79.8,80.9,/data1/lsj9862/VR/trm_sudoku_ivon_hpsearch_260619/v3_6_scheduler_tail_isolation_260625/quick_eval_limit1000_k10_d16/v3_6q_005_v3_6_002_tail_cosine_min0p1_step30000/output.json
2026-07-14T11:34:41Z,,full_train__subset1000__d16__ivon_parameter_sampling,selected|pass_at_10,completed,v4_12_eval_matched_inner,v4_12_003_inner16_detach_q035,37750,full_train,subset,1000,1000,1000,,0,128,16,1,ivon_parameter_sampling,0,38000,64,3.85e-05,600,cosine_min0p1,1,5.5e-06,1,0.9,10000000,1,0.99,0.0001,0.2,price,0.2,,0.35,delayed_fixed_depth,full,2500,persistent,false,true,true,0.9995,79.8,80.4,/data1/lsj9862/VR/trm_sudoku_ivon_hpsearch_260619/v4_12_eval_matched_inner_260626/quick_eval_limit1000_k10_d16/v4_12q_029_ema_v4_12_003_inner16_detach_q035_step37750/output.json
2026-07-14T11:34:41Z,,full_train__subset1000__d16__ivon_parameter_sampling,selected|pass_at_10,completed,clean_ivon_direct_followup_260710,w1_lr0p004_clip0p016_b768,50000,full_train,subset,1000,1000,1000,,0,,16,1,ivon_parameter_sampling,0,50000,768,0.004,2000,warmup_constant,1,0.0001,1,0.9,10000000,0.1,0.999,0.0001,0.016,price,1,clip,0.5,normal,full,0,persistent,false,true,true,0.999,79.8,79.9,/data1/lsj9862/VR/ptrm_public_runs/clean_ivon_direct_followup_260710/evals/w1_lr0p004_clip0p016_b768/step_50000/eval.json
2026-07-14T11:34:41Z,,full_train__subset1000__d16__ivon_parameter_sampling,selected|pass_at_10,completed,v4_12_eval_matched_inner,v4_12_002_inner16_detach_q015,37750,full_train,subset,1000,1000,1000,,0,128,16,1,ivon_parameter_sampling,0,38000,64,3.85e-05,600,cosine_min0p1,1,5.5e-06,1,0.9,10000000,1,0.99,0.0001,0.2,price,0.2,,0.15,delayed_fixed_depth,full,2500,persistent,false,true,true,0.9995,79.5,81.2,/data1/lsj9862/VR/trm_sudoku_ivon_hpsearch_260619/v4_12_eval_matched_inner_260626/quick_eval_limit1000_k10_d16/v4_12q_021_ema_v4_12_002_inner16_detach_q015_step37750/output.json
2026-07-14T11:34:41Z,,full_train__subset1000__d16__ivon_parameter_sampling,selected|pass_at_10,completed,v4_9_mc_sampling_objective,v4_9_002_mc2_reset_pz0,36500,full_train,subset,1000,1000,1000,,0,128,16,1,ivon_parameter_sampling,0,37000,128,3.85e-05,600,cosine_min0p1,1,0,1,0.9,10000000,1,0.99,0.0001,0.2,price,0.2,,0.35,delayed_fixed_depth,full,2500,reset_every_step,false,true,true,0.9995,79.4,83.6,/data1/lsj9862/VR/trm_sudoku_ivon_hpsearch_260619/v4_9_mc_sampling_objective_260626/quick_eval_limit1000_k10_d16/v4_9q_015_ema_v4_9_002_mc2_reset_pz0_step36500/output.json
2026-07-14T11:34:41Z,,full_train__subset1000__d16__ivon_parameter_sampling,pass_at_10,completed,v4_10_persistent_mc_objective,v4_10_002_mc2_persist_pz0_n020,36500,full_train,subset,1000,1000,1000,,0,128,16,1,ivon_parameter_sampling,0,37000,128,3.85e-05,600,cosine_min0p1,1,0,1,0.9,10000000,1,0.99,0.0001,0.2,price,0.2,,0.35,delayed_fixed_depth,full,2500,persistent,false,true,true,0.9995,79.3,85.1,/data1/lsj9862/VR/trm_sudoku_ivon_hpsearch_260619/v4_10_persistent_mc_objective_260626/quick_eval_limit1000_k10_d16/v4_10q_014_raw_v4_10_002_mc2_persist_pz0_n020_step36500/output.json
2026-07-14T11:34:41Z,,full_train__subset1000__d16__ivon_parameter_sampling,selected|pass_at_10,completed,debugged_ivon_scratch_hp_260705,a_warmup_300,30000,full_train,subset,1000,1000,1000,,0,,16,1,ivon_parameter_sampling,0,50000,128,0.0007,300,,1,0.0001,1,0.9,10000000,1,0.99,0.0001,0.2,price,0.275,clip,0.35,delayed_fixed_depth,delayed_token_only,2500,persistent,false,true,true,0.999,79.2,79.6,/data1/lsj9862/VR/ptrm_public_runs/debugged_ivon_scratch_hp_260705/evals/a_warmup_300/step_30000/eval.json
2026-07-14T11:34:41Z,,full_train__subset1000__d16__ivon_parameter_sampling,selected,completed,v4_14_sample_quality_formation,v4_14_006_delay36_q035_n020_pz05_drop36_x025,40000,full_train,subset,1000,1000,1000,,0,128,16,1,ivon_parameter_sampling,0,40000,128,7e-05,600,piecewise_36000_x025,1,5e-06,1,0.9,10000000,1,0.99,0.0001,0.2,price,0.2,,0.35,delayed_fixed_depth,full,36000,persistent,false,true,true,0.9995,79.1,81.5,/data1/lsj9862/VR/trm_sudoku_ivon_hpsearch_260619/v4_14_sample_quality_formation_260626/quick_eval_limit1000_k10_d16/v4_14q_069_ema_v4_14_006_delay36_q035_n020_pz05_drop36_x025_step40000/output.json
2026-07-14T11:34:41Z,,full_train__subset1000__d16__ivon_parameter_sampling,pass_at_10,completed,v4_14_sample_quality_formation,v4_14_006_delay36_q035_n020_pz05_drop36_x025,40000,full_train,subset,1000,1000,1000,,0,128,16,1,ivon_parameter_sampling,0,40000,128,7e-05,600,piecewise_36000_x025,1,5e-06,1,0.9,10000000,1,0.99,0.0001,0.2,price,0.2,,0.35,delayed_fixed_depth,full,36000,persistent,false,true,true,0.9995,79,83,/data1/lsj9862/VR/trm_sudoku_ivon_hpsearch_260619/v4_14_sample_quality_formation_260626/quick_eval_limit1000_k10_d16/v4_14q_068_raw_v4_14_006_delay36_q035_n020_pz05_drop36_x025_step40000/output.json
2026-07-14T11:34:41Z,,full_train__subset1000__d16__ivon_parameter_sampling,selected|pass_at_10,completed,v5_clean50k_gen00,v5g00_004_r4_highbase_q025_n030_earlydrop_piece_earlydrop_lr0p001_q0p25_n0p3_clip0p3_delayed_fixed_depth_full,50000,full_train,subset,1000,1000,1000,,0,128,16,1,ivon_parameter_sampling,0,50000,128,0.001,600,piece_earlydrop,1,0.0001,1,0.9,10000000,1,0.99,0.0001,0.3,price,0.3,,0.25,delayed_fixed_depth,full,2500,persistent,false,true,true,0.999,78.8,80,/data1/lsj9862/VR/trm_sudoku_ivon_hpsearch_260619/v5_clean50k_auto_260627/gen00_clean50k/quick_eval_limit1000_k10_d16/v5q_019_raw_v5g00_004_r4_highbase_q025_n030_earlydrop_piece_earlydrop_lr0p001_q0p25_n0p3_clip0p3_delayed_fixed_depth_full_step50000/output.json
2026-07-14T11:34:41Z,,full_train__subset1000__d16__ivon_parameter_sampling,selected|pass_at_10,completed,v4_12_eval_matched_inner,v4_12_006_inner16_detach_q035_lr050,37750,full_train,subset,1000,1000,1000,,0,128,16,1,ivon_parameter_sampling,0,38000,64,1.925e-05,600,cosine_min0p1,1,2.75e-06,1,0.9,10000000,1,0.99,0.0001,0.2,price,0.2,,0.35,delayed_fixed_depth,full,2500,persistent,false,true,true,0.9995,78.6,79.8,/data1/lsj9862/VR/trm_sudoku_ivon_hpsearch_260619/v4_12_eval_matched_inner_260626/quick_eval_limit1000_k10_d16/v4_12q_053_ema_v4_12_006_inner16_detach_q035_lr050_step37750/output.json
2026-07-14T11:34:41Z,,full_train__subset1000__d16__ivon_parameter_sampling,pass_at_10,completed,v4_11_peak_preservation,v4_11_003_delay36k_pz05_cos01,36000,full_train,subset,1000,1000,1000,,0,128,16,1,ivon_parameter_sampling,0,38000,128,7e-05,600,cosine_min0p1,1,5e-06,1,0.9,10000000,1,0.99,0.0001,0.2,price,0.2,,0.35,delayed_fixed_depth,full,36000,persistent,false,true,true,0.9995,78.2,85.4,/data1/lsj9862/VR/trm_sudoku_ivon_hpsearch_260619/v4_11_peak_preservation_260626/quick_eval_limit1000_k10_d16/v4_11q_074_raw_v4_11_003_delay36k_pz05_cos01_step36000/output.json
2026-07-14T11:34:41Z,,full_train__subset1000__d16__ivon_parameter_sampling,pass_at_10,completed,v4_10_persistent_mc_objective,v4_10_007_mc4_persist_pz0_n025,36500,full_train,subset,1000,1000,1000,,0,128,16,1,ivon_parameter_sampling,0,37000,128,3.85e-05,600,cosine_min0p1,1,0,1,0.9,10000000,1,0.99,0.0001,0.2,price,0.25,,0.35,delayed_fixed_depth,full,2500,persistent,false,true,true,0.9995,78.2,84.8,/data1/lsj9862/VR/trm_sudoku_ivon_hpsearch_260619/v4_10_persistent_mc_objective_260626/quick_eval_limit1000_k10_d16/v4_10q_045_ema_v4_10_007_mc4_persist_pz0_n025_step36500/output.json
2026-07-14T11:34:41Z,,full_train__subset1000__d16__ivon_parameter_sampling,selected|pass_at_10,completed,v4_1_ema_qtail,v4_1_004_ema0999_q003_cosine_min0p1_ema0p999_full_noise0p3_ess1e07_q0p03,37000,full_train,subset,1000,1000,1000,,0,128,16,1,ivon_parameter_sampling,0,40000,128,3.85e-05,600,cosine_min0p1,1,5.5e-06,1,0.9,10000000,1,0.99,0.0001,0.3,price,0.3,,0.03,delayed_fixed_depth,full,2500,persistent,false,true,true,0.999,78.2,84.2,/data1/lsj9862/VR/trm_sudoku_ivon_hpsearch_260619/v4_1_ema_qtail_260626/quick_eval_limit1000_k10_d16/v4_1q_038_ema_v4_1_004_ema0999_q003_cosine_min0p1_ema0p999_full_noise0p3_ess1e07_q0p03_step37000/output.json
2026-07-14T11:34:41Z,,full_train__subset1000__d16__ivon_parameter_sampling,selected|pass_at_10,completed,v7_clean50k_posterior_quality_gen00,v7g00_000_r0_q030_n0275_ess1e7_b99_piece_v36v416_lr0p0007_q0p3_n0p275_clip0p2_delayed_fixed_depth_full,40000,full_train,subset,1000,1000,1000,,0,128,16,1,ivon_parameter_sampling,0,50000,768,0.0007,600,piece_v36v416,1,0.0001,1,0.9,10000000,1,0.99,0.0001,0.2,price,0.275,,0.3,delayed_fixed_depth,full,2500,persistent,false,true,true,0.999,78,78.5,/data1/lsj9862/VR/trm_sudoku_ivon_hpsearch_260619/v7_clean50k_posterior_quality_260629/gen00_clean50k/quick_eval_limit1000_k10_d16/v7q_000_raw_v7g00_000_r0_q030_n0275_ess1e7_b99_piece_v36v416_lr0p0007_q0p3_n0p275_clip0p2_delayed_fixed_depth_full_step40000/output.json
2026-07-14T11:34:41Z,,full_train__subset1000__d16__ivon_parameter_sampling,selected|pass_at_10,completed,debugged_ivon_scratch_hp_260705,a_wd_0p1,30000,full_train,subset,1000,1000,1000,,0,,16,1,ivon_parameter_sampling,0,50000,128,0.0007,600,,0.1,0.0001,1,0.9,10000000,1,0.99,0.0001,0.2,price,0.275,clip,0.35,delayed_fixed_depth,delayed_token_only,2500,persistent,false,true,true,0.999,78,78.2,/data1/lsj9862/VR/ptrm_public_runs/debugged_ivon_scratch_hp_260705/evals/a_wd_0p1/step_30000/eval.json
2026-07-14T11:34:41Z,,full_train__subset1000__d16__ivon_parameter_sampling,selected|pass_at_10,completed,debugged_ivon_scratch_hp_260705,a_wd_3,30000,full_train,subset,1000,1000,1000,,0,,16,1,ivon_parameter_sampling,0,50000,128,0.0007,600,,3,0.0001,1,0.9,10000000,1,0.99,0.0001,0.2,price,0.275,clip,0.35,delayed_fixed_depth,delayed_token_only,2500,persistent,false,true,true,0.999,78,78.2,/data1/lsj9862/VR/ptrm_public_runs/debugged_ivon_scratch_hp_260705/evals/a_wd_3/step_30000/eval.json
2026-07-14T11:34:41Z,,full_train__subset1000__d16__ivon_parameter_sampling,selected|pass_at_10,completed,ivon_goal_batch128_revival_260713,b128_w600_oldtail,30000,full_train,subset,1000,1000,1000,,0,,16,1,ivon_parameter_sampling,0,50000,128,0.0007,600,old_piece_20_30_385,1,0.0001,1,0.9,10000000,1,0.99,0.0001,0.2,price,0.275,clip,0.35,delayed_fixed_depth,delayed_token_only,2500,persistent,false,true,true,0.999,78,78.2,/data1/lsj9862/VR/ptrm_public_runs/ivon_goal_batch128_revival_260713/evals/b128_w600_oldtail/step_30000/eval.json
2026-07-14T11:34:41Z,,full_train__subset1000__d16__ivon_parameter_sampling,selected|pass_at_10,completed,v20_small_clip_large_lr_260703,v20_02_bridge_clip0p03_lr3e3,30000,full_train,subset,1000,1000,1000,,0,128,16,1,ivon_parameter_sampling,0,50000,128,0.003,600,,1,0.000428571428571,1,0.9,10000000,1,0.99,0.0001,0.03,price,0.275,,0.35,delayed_fixed_depth,delayed_token_only,2500,persistent,false,true,true,0.999,77.7,81.2,/data1/lsj9862/VR/trm_sudoku_ivon_hpsearch_260619/source_server_autonomous_hp_260630/v20_small_clip_large_lr_260703/eval_queue/v20_02_bridge_clip0p03_lr3e3/raw_step_30000_k10d16_limit1000/output.json
2026-07-14T11:34:41Z,,full_train__subset1000__d16__ivon_parameter_sampling,pass_at_10,completed,v4_9_mc_sampling_objective,v4_9_007_mc2_lr075_pz0,36500,full_train,subset,1000,1000,1000,,0,128,16,1,ivon_parameter_sampling,0,37000,128,2.8875e-05,600,cosine_min0p1,1,0,1,0.9,10000000,1,0.99,0.0001,0.2,price,0.2,,0.35,delayed_fixed_depth,full,2500,reset_every_step,false,true,true,0.9995,77.6,83.9,/data1/lsj9862/VR/trm_sudoku_ivon_hpsearch_260619/v4_9_mc_sampling_objective_260626/quick_eval_limit1000_k10_d16/v4_9q_045_ema_v4_9_007_mc2_lr075_pz0_step36500/output.json
2026-07-14T11:34:41Z,,full_train__subset1000__d16__ivon_parameter_sampling,selected,completed,v4_20_lownoise_formation,v4_20_003_keepopt_cos01_q035_n015_pz1,32000,full_train,subset,1000,1000,1000,,0,128,16,1,ivon_parameter_sampling,0,40000,128,7e-05,600,cosine_min0p1,1,1e-05,1,0.9,10000000,1,0.99,0.0001,0.3,price,0.15,,0.35,delayed_fixed_depth,full,2500,persistent,false,true,true,0.9995,77.4,82,/data1/lsj9862/VR/trm_sudoku_ivon_hpsearch_260619/v4_20_lownoise_formation_260626/quick_eval_limit1000_k10_d16/v4_20q_039_ema_v4_20_003_keepopt_cos01_q035_n015_pz1_step32000/output.json
2026-07-14T11:34:41Z,,full_train__subset1000__d16__ivon_parameter_sampling,selected,completed,v4_14_sample_quality_formation,v4_14_007_delay36_q030_n020_pz05_drop36_x025,40000,full_train,subset,1000,1000,1000,,0,128,16,1,ivon_parameter_sampling,0,40000,128,7e-05,600,piecewise_36000_x025,1,5e-06,1,0.9,10000000,1,0.99,0.0001,0.2,price,0.2,,0.3,delayed_fixed_depth,full,36000,persistent,false,true,true,0.9995,77.2,80.9,/data1/lsj9862/VR/trm_sudoku_ivon_hpsearch_260619/v4_14_sample_quality_formation_260626/quick_eval_limit1000_k10_d16/v4_14q_079_ema_v4_14_007_delay36_q030_n020_pz05_drop36_x025_step40000/output.json
2026-07-14T11:34:41Z,,full_train__subset1000__d16__ivon_parameter_sampling,selected,completed,v4_14_sample_quality_formation,v4_14_005_resetboth_q035_n020_pz1_cos01,36000,full_train,subset,1000,1000,1000,,0,128,16,1,ivon_parameter_sampling,0,40000,128,7e-05,600,cosine_min0p1,1,1e-05,1,0.9,10000000,1,0.99,0.0001,0.2,price,0.2,,0.35,delayed_fixed_depth,full,35000,persistent,false,true,true,0.9995,77.1,79.8,/data1/lsj9862/VR/trm_sudoku_ivon_hpsearch_260619/v4_14_sample_quality_formation_260626/quick_eval_limit1000_k10_d16/v4_14q_054_raw_v4_14_005_resetboth_q035_n020_pz1_cos01_step36000/output.json
2026-07-14T11:34:41Z,,full_train__subset1000__d16__ivon_parameter_sampling,selected,completed,v4_14_sample_quality_formation,v4_14_005_resetboth_q035_n020_pz1_cos01,36000,full_train,subset,1000,1000,1000,,0,128,16,1,ivon_parameter_sampling,0,40000,128,7e-05,600,cosine_min0p1,1,1e-05,1,0.9,10000000,1,0.99,0.0001,0.2,price,0.2,,0.35,delayed_fixed_depth,full,35000,persistent,false,true,true,0.9995,77.1,79.6,/data1/lsj9862/VR/trm_sudoku_ivon_hpsearch_260619/v4_14_sample_quality_formation_260626/quick_eval_limit1000_k10_d16/v4_14q_055_ema_v4_14_005_resetboth_q035_n020_pz1_cos01_step36000/output.json
2026-07-14T11:34:41Z,,full_train__subset1000__d16__ivon_parameter_sampling,selected|pass_at_10,completed,v11_ivon_anchor_axis_260701,v11a_delayed_token_ess2e7,47500,full_train,subset,1000,1000,1000,,0,128,16,1,ivon_parameter_sampling,0,50000,128,0.0007,600,,1,0.0001,1,0.9,20000000,1,0.99,0.0001,0.2,price,0.275,,0.35,delayed_fixed_depth,delayed_token_only,2500,persistent,false,true,true,0.999,77.1,77.4,/data1/lsj9862/VR/trm_sudoku_ivon_hpsearch_260619/source_server_autonomous_hp_260630/v11_ivon_anchor_axis_260701/eval_queue/v11a_delayed_token_ess2e7/raw_step_47500_k10d16_limit1000/output.json
2026-07-14T11:34:41Z,,full_train__subset1000__d16__ivon_parameter_sampling,selected|pass_at_10,completed,v15_exact_lowlevel_hp_260702,v15_01_lr5e4,30000,full_train,subset,1000,1000,1000,,0,128,16,1,ivon_parameter_sampling,0,50000,128,0.0005,600,,1,0.0001,1,0.9,10000000,1,0.99,0.0001,0.2,price,0.275,,0.35,delayed_fixed_depth,delayed_token_only,2500,persistent,false,true,true,0.999,77,80.1,/data1/lsj9862/VR/trm_sudoku_ivon_hpsearch_260619/source_server_autonomous_hp_260630/v15_exact_lowlevel_hp_260702/eval_queue/v15_01_lr5e4/raw_step_30000_k10d16_limit1000/output.json
2026-07-14T11:34:41Z,,full_train__subset1000__d16__ivon_parameter_sampling,selected,completed,v4_1_ema_qtail,v4_1_005_ema0999_q000_cosine_min0p1_ema0p999_full_noise0p3_ess1e07_q0,39000,full_train,subset,1000,1000,1000,,0,128,16,1,ivon_parameter_sampling,0,40000,128,3.85e-05,600,cosine_min0p1,1,5.5e-06,1,0.9,10000000,1,0.99,0.0001,0.3,price,0.3,,0,delayed_fixed_depth,full,2500,persistent,false,true,true,0.999,76.8,81.4,/data1/lsj9862/VR/trm_sudoku_ivon_hpsearch_260619/v4_1_ema_qtail_260626/quick_eval_limit1000_k10_d16/v4_1q_052_ema_v4_1_005_ema0999_q000_cosine_min0p1_ema0p999_full_noise0p3_ess1e07_q0_step39000/output.json
2026-07-14T11:34:41Z,,full_train__subset1000__d16__ivon_parameter_sampling,selected,completed,v4_1_ema_qtail,v4_1_006_ema0999_token_tail_cosine_min0p1_ema0p999_token_only_noise0p3_ess1e07_q0p25,39000,full_train,subset,1000,1000,1000,,0,128,16,1,ivon_parameter_sampling,0,40000,128,3.85e-05,600,cosine_min0p1,1,5.5e-06,1,0.9,10000000,1,0.99,0.0001,0.3,price,0.3,,0.25,delayed_fixed_depth,token_only,2500,persistent,false,true,true,0.999,76.8,81.4,/data1/lsj9862/VR/trm_sudoku_ivon_hpsearch_260619/v4_1_ema_qtail_260626/quick_eval_limit1000_k10_d16/v4_1q_062_ema_v4_1_006_ema0999_token_tail_cosine_min0p1_ema0p999_token_only_noise0p3_ess1e07_q0p25_step39000/output.json
2026-07-14T11:34:41Z,,full_train__subset1000__d16__ivon_parameter_sampling,selected|pass_at_10,completed,v4_12_eval_matched_inner,v4_12_005_inner16_detach_q100,37750,full_train,subset,1000,1000,1000,,0,128,16,1,ivon_parameter_sampling,0,38000,64,3.85e-05,600,cosine_min0p1,1,5.5e-06,1,0.9,10000000,1,0.99,0.0001,0.2,price,0.2,,1,delayed_fixed_depth,full,2500,persistent,false,true,true,0.9995,76.8,78.2,/data1/lsj9862/VR/trm_sudoku_ivon_hpsearch_260619/v4_12_eval_matched_inner_260626/quick_eval_limit1000_k10_d16/v4_12q_045_ema_v4_12_005_inner16_detach_q100_step37750/output.json
2026-07-14T11:34:41Z,,full_train__subset1000__d16__ivon_parameter_sampling,selected|pass_at_10,completed,clean_ivon_lrclip_phase1_260711,p1_lr0p0045_c0p020,50000,full_train,subset,1000,1000,1000,,0,,16,1,ivon_parameter_sampling,0,50000,768,0.0045,2000,warmup_constant,1,0.0001,1,0.9,10000000,0.1,0.999,0.0001,0.02,price,1,clip,0.5,normal,full,0,persistent,false,true,true,0.999,76.8,76.8,/data1/lsj9862/VR/ptrm_public_runs/clean_ivon_lrclip_phase1_260711/evals/p1_lr0p0045_c0p020/step_50000/eval.json
2026-07-14T11:34:41Z,,full_train__subset1000__d16__ivon_parameter_sampling,selected|pass_at_10,completed,v4_14_sample_quality_formation,v4_14_002_resetboth_q030_n020_pz05_cos01,38000,full_train,subset,1000,1000,1000,,0,128,16,1,ivon_parameter_sampling,0,40000,128,7e-05,600,cosine_min0p1,1,5e-06,1,0.9,10000000,1,0.99,0.0001,0.2,price,0.2,,0.3,delayed_fixed_depth,full,35000,persistent,false,true,true,0.9995,76.7,81.8,/data1/lsj9862/VR/trm_sudoku_ivon_hpsearch_260619/v4_14_sample_quality_formation_260626/quick_eval_limit1000_k10_d16/v4_14q_026_raw_v4_14_002_resetboth_q030_n020_pz05_cos01_step38000/output.json
2026-07-14T11:34:41Z,,full_train__subset1000__d16__ivon_parameter_sampling,selected|pass_at_10,completed,v19_lowlevel_coarse_fill_260702,v19_07_posterior_narrow,50000,full_train,subset,1000,1000,1000,,0,128,16,1,ivon_parameter_sampling,0,50000,128,0.0007,600,,1,0.0001,1,0.9,20000000,2,0.99,0.0001,0.12,price,0.275,,0.35,delayed_fixed_depth,delayed_token_only,2500,persistent,false,true,true,0.999,76.7,77,/data1/lsj9862/VR/trm_sudoku_ivon_hpsearch_260619/source_server_autonomous_hp_260630/v19_lowlevel_coarse_fill_260702/eval_queue/v19_07_posterior_narrow/raw_step_50000_k10d16_limit1000/output.json
2026-07-14T11:34:41Z,,full_train__subset1000__d16__ivon_parameter_sampling,pass_at_10,completed,v4_20_lownoise_formation,v4_20_003_keepopt_cos01_q035_n015_pz1,40000,full_train,subset,1000,1000,1000,,0,128,16,1,ivon_parameter_sampling,0,40000,128,7e-05,600,cosine_min0p1,1,1e-05,1,0.9,10000000,1,0.99,0.0001,0.3,price,0.15,,0.35,delayed_fixed_depth,full,2500,persistent,false,true,true,0.9995,76.6,84,/data1/lsj9862/VR/trm_sudoku_ivon_hpsearch_260619/v4_20_lownoise_formation_260626/quick_eval_limit1000_k10_d16/v4_20q_047_ema_v4_20_003_keepopt_cos01_q035_n015_pz1_step40000/output.json
2026-07-14T11:34:41Z,,full_train__subset1000__d16__ivon_parameter_sampling,selected|pass_at_10,completed,v4_8_posterior_optimizer_axis,v4_8_009_ess2e7,37000,full_train,subset,1000,1000,1000,,0,128,16,1,ivon_parameter_sampling,0,37000,128,3.85e-05,600,cosine_min0p1,1,5.5e-06,1,0.9,20000000,1,0.99,0.0001,0.2,price,0.2,,0.35,delayed_fixed_depth,full,2500,persistent,false,true,true,0.9995,76.6,76.8,/data1/lsj9862/VR/trm_sudoku_ivon_hpsearch_260619/v4_8_posterior_optimizer_axis_260626/quick_eval_limit1000_k10_d16/v4_8q_058_raw_v4_8_009_ess2e7_step37000/output.json
2026-07-14T11:34:41Z,,full_train__subset1000__d16__ivon_parameter_sampling,pass_at_10,completed,v4_14_sample_quality_formation,v4_14_007_delay36_q030_n020_pz05_drop36_x025,38000,full_train,subset,1000,1000,1000,,0,128,16,1,ivon_parameter_sampling,0,40000,128,7e-05,600,piecewise_36000_x025,1,5e-06,1,0.9,10000000,1,0.99,0.0001,0.2,price,0.2,,0.3,delayed_fixed_depth,full,36000,persistent,false,true,true,0.9995,76.4,81.3,/data1/lsj9862/VR/trm_sudoku_ivon_hpsearch_260619/v4_14_sample_quality_formation_260626/quick_eval_limit1000_k10_d16/v4_14q_076_raw_v4_14_007_delay36_q030_n020_pz05_drop36_x025_step38000/output.json
2026-07-14T11:34:41Z,,full_train__subset1000__d16__ivon_parameter_sampling,pass_at_10,completed,v4_14_sample_quality_formation,v4_14_005_resetboth_q035_n020_pz1_cos01,40000,full_train,subset,1000,1000,1000,,0,128,16,1,ivon_parameter_sampling,0,40000,128,7e-05,600,cosine_min0p1,1,1e-05,1,0.9,10000000,1,0.99,0.0001,0.2,price,0.2,,0.35,delayed_fixed_depth,full,35000,persistent,false,true,true,0.9995,76.3,80.8,/data1/lsj9862/VR/trm_sudoku_ivon_hpsearch_260619/v4_14_sample_quality_formation_260626/quick_eval_limit1000_k10_d16/v4_14q_058_raw_v4_14_005_resetboth_q035_n020_pz1_cos01_step40000/output.json
2026-07-14T11:34:41Z,,full_train__subset1000__d16__ivon_parameter_sampling,selected,completed,v4_9_mc_sampling_objective,v4_9_004_mc2_n015_pz0,36000,full_train,subset,1000,1000,1000,,0,128,16,1,ivon_parameter_sampling,0,37000,128,3.85e-05,600,cosine_min0p1,1,0,1,0.9,10000000,1,0.99,0.0001,0.2,price,0.15,,0.35,delayed_fixed_depth,full,2500,reset_every_step,false,true,true,0.9995,76.3,80.4,/data1/lsj9862/VR/trm_sudoku_ivon_hpsearch_260619/v4_9_mc_sampling_objective_260626/quick_eval_limit1000_k10_d16/v4_9q_024_raw_v4_9_004_mc2_n015_pz0_step36000/output.json
2026-07-14T11:34:41Z,,full_train__subset1000__d16__ivon_parameter_sampling,selected,completed,v4_14_sample_quality_formation,v4_14_004_resetboth_q035_n025_pz05_cos01,34000,full_train,subset,1000,1000,1000,,0,128,16,1,ivon_parameter_sampling,0,40000,128,7e-05,600,cosine_min0p1,1,5e-06,1,0.9,10000000,1,0.99,0.0001,0.2,price,0.25,,0.35,delayed_fixed_depth,full,35000,persistent,false,true,true,0.9995,76.1,78.2,/data1/lsj9862/VR/trm_sudoku_ivon_hpsearch_260619/v4_14_sample_quality_formation_260626/quick_eval_limit1000_k10_d16/v4_14q_043_ema_v4_14_004_resetboth_q035_n025_pz05_cos01_step34000/output.json
2026-07-14T11:34:41Z,,full_train__subset1000__d16__ivon_parameter_sampling,selected,completed,v4_12_eval_matched_inner,v4_12_000_inner16_detach_q000,37500,full_train,subset,1000,1000,1000,,0,128,16,1,ivon_parameter_sampling,0,38000,64,3.85e-05,600,cosine_min0p1,1,5.5e-06,1,0.9,10000000,1,0.99,0.0001,0.2,price,0.2,,0,delayed_fixed_depth,full,2500,persistent,false,true,true,0.9995,76.1,76.2,/data1/lsj9862/VR/trm_sudoku_ivon_hpsearch_260619/v4_12_eval_matched_inner_260626/quick_eval_limit1000_k10_d16/v4_12q_003_ema_v4_12_000_inner16_detach_q000_step37500/output.json
2026-07-14T11:34:41Z,,full_train__subset1000__d16__ivon_parameter_sampling,pass_at_10,completed,v4_9_mc_sampling_objective,v4_9_004_mc2_n015_pz0,36000,full_train,subset,1000,1000,1000,,0,128,16,1,ivon_parameter_sampling,0,37000,128,3.85e-05,600,cosine_min0p1,1,0,1,0.9,10000000,1,0.99,0.0001,0.2,price,0.15,,0.35,delayed_fixed_depth,full,2500,reset_every_step,false,true,true,0.9995,75.9,81.8,/data1/lsj9862/VR/trm_sudoku_ivon_hpsearch_260619/v4_9_mc_sampling_objective_260626/quick_eval_limit1000_k10_d16/v4_9q_025_ema_v4_9_004_mc2_n015_pz0_step36000/output.json
2026-07-14T11:34:41Z,,full_train__subset1000__d16__ivon_parameter_sampling,selected|pass_at_10,completed,clean_ivon_lrclip_phase1_260711,p1_lr0p005_c0p016_latedecay,50000,full_train,subset,1000,1000,1000,,0,,16,1,ivon_parameter_sampling,0,50000,768,0.005,2000,late_decay_005_004_003,1,0.0001,1,0.9,10000000,0.1,0.999,0.0001,0.016,price,1,clip,0.5,normal,full,0,persistent,false,true,true,0.999,75.9,75.9,/data1/lsj9862/VR/ptrm_public_runs/clean_ivon_lrclip_phase1_260711/evals/p1_lr0p005_c0p016_latedecay/step_50000/eval.json
2026-07-14T11:34:41Z,,full_train__subset1000__d16__ivon_parameter_sampling,pass_at_10,completed,v4_14_sample_quality_formation,v4_14_004_resetboth_q035_n025_pz05_cos01,34000,full_train,subset,1000,1000,1000,,0,128,16,1,ivon_parameter_sampling,0,40000,128,7e-05,600,cosine_min0p1,1,5e-06,1,0.9,10000000,1,0.99,0.0001,0.2,price,0.25,,0.35,delayed_fixed_depth,full,35000,persistent,false,true,true,0.9995,75.8,79.1,/data1/lsj9862/VR/trm_sudoku_ivon_hpsearch_260619/v4_14_sample_quality_formation_260626/quick_eval_limit1000_k10_d16/v4_14q_042_raw_v4_14_004_resetboth_q035_n025_pz05_cos01_step34000/output.json
2026-07-14T11:34:41Z,,full_train__subset1000__d16__ivon_parameter_sampling,selected|pass_at_10,completed,v7_clean50k_posterior_quality_gen00,v7g00_006_r6_q030_n0275_ess2e7_b99_piece_v36v416_lr0p0007_q0p3_n0p275_clip0p2_delayed_fixed_depth_full,40000,full_train,subset,1000,1000,1000,,0,128,16,1,ivon_parameter_sampling,0,50000,768,0.0007,600,piece_v36v416,1,0.0001,1,0.9,20000000,1,0.99,0.0001,0.2,price,0.275,,0.3,delayed_fixed_depth,full,2500,persistent,false,true,true,0.999,75.6,75.7,/data1/lsj9862/VR/trm_sudoku_ivon_hpsearch_260619/v7_clean50k_posterior_quality_260629/gen00_clean50k/quick_eval_limit1000_k10_d16/v7q_018_raw_v7g00_006_r6_q030_n0275_ess2e7_b99_piece_v36v416_lr0p0007_q0p3_n0p275_clip0p2_delayed_fixed_depth_full_step40000/output.json
2026-07-14T11:34:41Z,,full_train__subset1000__d16__ivon_parameter_sampling,pass_at_10,completed,v4_12_eval_matched_inner,v4_12_000_inner16_detach_q000,37750,full_train,subset,1000,1000,1000,,0,128,16,1,ivon_parameter_sampling,0,38000,64,3.85e-05,600,cosine_min0p1,1,5.5e-06,1,0.9,10000000,1,0.99,0.0001,0.2,price,0.2,,0,delayed_fixed_depth,full,2500,persistent,false,true,true,0.9995,75.5,78.8,/data1/lsj9862/VR/trm_sudoku_ivon_hpsearch_260619/v4_12_eval_matched_inner_260626/quick_eval_limit1000_k10_d16/v4_12q_005_ema_v4_12_000_inner16_detach_q000_step37750/output.json
2026-07-14T11:34:41Z,,full_train__subset1000__d16__ivon_parameter_sampling,selected|pass_at_10,completed,v4_14_sample_quality_formation,v4_14_001_resetboth_q035_n020_pz05_cos01,40000,full_train,subset,1000,1000,1000,,0,128,16,1,ivon_parameter_sampling,0,40000,128,7e-05,600,cosine_min0p1,1,5e-06,1,0.9,10000000,1,0.99,0.0001,0.2,price,0.2,,0.35,delayed_fixed_depth,full,35000,persistent,false,true,true,0.9995,75.3,80.3,/data1/lsj9862/VR/trm_sudoku_ivon_hpsearch_260619/v4_14_sample_quality_formation_260626/quick_eval_limit1000_k10_d16/v4_14q_018_raw_v4_14_001_resetboth_q035_n020_pz05_cos01_step40000/output.json
2026-07-14T11:34:41Z,,full_train__subset1000__d16__ivon_parameter_sampling,selected|pass_at_10,completed,v4_12_eval_matched_inner,v4_12_004_inner16_detach_q070,37750,full_train,subset,1000,1000,1000,,0,128,16,1,ivon_parameter_sampling,0,38000,64,3.85e-05,600,cosine_min0p1,1,5.5e-06,1,0.9,10000000,1,0.99,0.0001,0.2,price,0.2,,0.7,delayed_fixed_depth,full,2500,persistent,false,true,true,0.9995,75.3,78.8,/data1/lsj9862/VR/trm_sudoku_ivon_hpsearch_260619/v4_12_eval_matched_inner_260626/quick_eval_limit1000_k10_d16/v4_12q_037_ema_v4_12_004_inner16_detach_q070_step37750/output.json
2026-07-14T11:34:41Z,,full_train__subset1000__d16__ivon_parameter_sampling,selected,completed,v4_12_eval_matched_inner,v4_12_004_inner16_detach_q070,37500,full_train,subset,1000,1000,1000,,0,128,16,1,ivon_parameter_sampling,0,38000,64,3.85e-05,600,cosine_min0p1,1,5.5e-06,1,0.9,10000000,1,0.99,0.0001,0.2,price,0.2,,0.7,delayed_fixed_depth,full,2500,persistent,false,true,true,0.9995,75.3,75.3,/data1/lsj9862/VR/trm_sudoku_ivon_hpsearch_260619/v4_12_eval_matched_inner_260626/quick_eval_limit1000_k10_d16/v4_12q_035_ema_v4_12_004_inner16_detach_q070_step37500/output.json
2026-07-14T11:34:41Z,,full_train__subset1000__d16__ivon_parameter_sampling,selected|pass_at_10,completed,v5_clean50k_gen00,v5g00_003_r3_v4_q035_n025_piece_piece_v36v416_lr0p0007_q0p35_n0p25_clip0p2_delayed_fixed_depth_full,30000,full_train,subset,1000,1000,1000,,0,128,16,1,ivon_parameter_sampling,0,50000,128,0.0007,600,piece_v36v416,1,0.0001,1,0.9,10000000,1,0.99,0.0001,0.2,price,0.25,,0.35,delayed_fixed_depth,full,2500,persistent,false,true,true,0.999,75.1,78.8,/data1/lsj9862/VR/trm_sudoku_ivon_hpsearch_260619/v5_clean50k_auto_260627/gen00_clean50k/quick_eval_limit1000_k10_d16/v5q_013_raw_v5g00_003_r3_v4_q035_n025_piece_piece_v36v416_lr0p0007_q0p35_n0p25_clip0p2_delayed_fixed_depth_full_step30000/output.json
2026-07-14T11:34:41Z,,full_train__subset1000__d16__ivon_parameter_sampling,selected|pass_at_10,completed,v4_9_mc_sampling_objective,v4_9_003_mc4_reset_pz0,36000,full_train,subset,1000,1000,1000,,0,128,16,1,ivon_parameter_sampling,0,37000,128,3.85e-05,600,cosine_min0p1,1,0,1,0.9,10000000,1,0.99,0.0001,0.2,price,0.2,,0.35,delayed_fixed_depth,full,2500,reset_every_step,false,true,true,0.9995,74.9,83.4,/data1/lsj9862/VR/trm_sudoku_ivon_hpsearch_260619/v4_9_mc_sampling_objective_260626/quick_eval_limit1000_k10_d16/v4_9q_019_ema_v4_9_003_mc4_reset_pz0_step36000/output.json
2026-07-14T11:34:41Z,,full_train__subset1000__d16__ivon_parameter_sampling,selected|pass_at_10,completed,v4_12_eval_matched_inner,v4_12_001_inner16_detach_q005,37750,full_train,subset,1000,1000,1000,,0,128,16,1,ivon_parameter_sampling,0,38000,64,3.85e-05,600,cosine_min0p1,1,5.5e-06,1,0.9,10000000,1,0.99,0.0001,0.2,price,0.2,,0.05,delayed_fixed_depth,full,2500,persistent,false,true,true,0.9995,74.7,78.2,/data1/lsj9862/VR/trm_sudoku_ivon_hpsearch_260619/v4_12_eval_matched_inner_260626/quick_eval_limit1000_k10_d16/v4_12q_013_ema_v4_12_001_inner16_detach_q005_step37750/output.json
2026-07-14T11:34:41Z,,full_train__subset1000__d16__ivon_parameter_sampling,selected|pass_at_10,completed,v7_clean50k_posterior_quality_gen00,v7g00_003_r3_q030_n0300_ess1e7_b99_piece_v36v416_lr0p0007_q0p3_n0p3_clip0p2_delayed_fixed_depth_full,40000,full_train,subset,1000,1000,1000,,0,128,16,1,ivon_parameter_sampling,0,50000,768,0.0007,600,piece_v36v416,1,0.0001,1,0.9,10000000,1,0.99,0.0001,0.2,price,0.3,,0.3,delayed_fixed_depth,full,2500,persistent,false,true,true,0.999,74.5,75.8,/data1/lsj9862/VR/trm_sudoku_ivon_hpsearch_260619/v7_clean50k_posterior_quality_260629/gen00_clean50k/quick_eval_limit1000_k10_d16/v7q_009_raw_v7g00_003_r3_q030_n0300_ess1e7_b99_piece_v36v416_lr0p0007_q0p3_n0p3_clip0p2_delayed_fixed_depth_full_step40000/output.json
2026-07-14T11:34:41Z,,full_train__subset1000__d16__ivon_parameter_sampling,selected|pass_at_10,completed,clean_ivon_direct_followup_260710,w1_lr0p005_clip0p016_b768,50000,full_train,subset,1000,1000,1000,,0,,16,1,ivon_parameter_sampling,0,50000,768,0.005,2000,warmup_constant,1,0.0001,1,0.9,10000000,0.1,0.999,0.0001,0.016,price,1,clip,0.5,normal,full,0,persistent,false,true,true,0.999,74.5,74.5,/data1/lsj9862/VR/ptrm_public_runs/clean_ivon_direct_followup_260710/evals/w1_lr0p005_clip0p016_b768/step_50000/eval.json
2026-07-14T11:34:41Z,,full_train__subset1000__d16__ivon_parameter_sampling,selected,completed,v3_6_scheduler_tail_isolation,v3_6_001_tail_cosine_min0p3,30000,full_train,subset,1000,1000,1000,,0,128,16,1,ivon_parameter_sampling,0,30000,128,0.0007,600,tail_cosine_min0p3,1,0.0001,1,0.9,10000000,1,0.99,0.0001,0.3,price,0.3,,0.25,delayed_fixed_depth,full,2500,persistent,false,true,false,0.999,74.3,74.7,/data1/lsj9862/VR/trm_sudoku_ivon_hpsearch_260619/v3_6_scheduler_tail_isolation_260625/quick_eval_limit1000_k10_d16/v3_6q_003_v3_6_001_tail_cosine_min0p3_step30000/output.json
2026-07-14T11:34:41Z,,full_train__subset1000__d16__ivon_parameter_sampling,selected|pass_at_10,completed,v13_late_ess_axis_260702,v13e_lateess40k_ess3e7,42500,full_train,subset,1000,1000,1000,,0,128,16,1,ivon_parameter_sampling,0,50000,128,0.0007,600,,1,0.0001,1,0.9,10000000,1,0.99,0.0001,0.2,price,0.275,,0.35,delayed_fixed_depth,delayed_token_only,2500,persistent,false,true,true,0.999,74.2,74.2,/data1/lsj9862/VR/trm_sudoku_ivon_hpsearch_260619/source_server_autonomous_hp_260630/v13_late_ess_axis_260702/eval_queue/v13e_lateess40k_ess3e7/raw_step_42500_k10d16_limit1000/output.json
2026-07-14T11:34:41Z,,full_train__subset1000__d16__ivon_parameter_sampling,pass_at_10,completed,v4_1_ema_qtail,v4_1_005_ema0999_q000_cosine_min0p1_ema0p999_full_noise0p3_ess1e07_q0,38000,full_train,subset,1000,1000,1000,,0,128,16,1,ivon_parameter_sampling,0,40000,128,3.85e-05,600,cosine_min0p1,1,5.5e-06,1,0.9,10000000,1,0.99,0.0001,0.3,price,0.3,,0,delayed_fixed_depth,full,2500,persistent,false,true,true,0.999,74.1,82.4,/data1/lsj9862/VR/trm_sudoku_ivon_hpsearch_260619/v4_1_ema_qtail_260626/quick_eval_limit1000_k10_d16/v4_1q_049_raw_v4_1_005_ema0999_q000_cosine_min0p1_ema0p999_full_noise0p3_ess1e07_q0_step38000/output.json
2026-07-14T11:34:41Z,,full_train__subset1000__d16__ivon_parameter_sampling,pass_at_10,completed,v4_1_ema_qtail,v4_1_006_ema0999_token_tail_cosine_min0p1_ema0p999_token_only_noise0p3_ess1e07_q0p25,38000,full_train,subset,1000,1000,1000,,0,128,16,1,ivon_parameter_sampling,0,40000,128,3.85e-05,600,cosine_min0p1,1,5.5e-06,1,0.9,10000000,1,0.99,0.0001,0.3,price,0.3,,0.25,delayed_fixed_depth,token_only,2500,persistent,false,true,true,0.999,74.1,82.4,/data1/lsj9862/VR/trm_sudoku_ivon_hpsearch_260619/v4_1_ema_qtail_260626/quick_eval_limit1000_k10_d16/v4_1q_059_raw_v4_1_006_ema0999_token_tail_cosine_min0p1_ema0p999_token_only_noise0p3_ess1e07_q0p25_step38000/output.json
2026-07-14T11:34:41Z,,full_train__subset1000__d16__ivon_parameter_sampling,selected,completed,v4_12_eval_matched_inner,v4_12_007_inner16_detach_q035_noise015,37500,full_train,subset,1000,1000,1000,,0,128,16,1,ivon_parameter_sampling,0,38000,64,3.85e-05,600,cosine_min0p1,1,5.5e-06,1,0.9,10000000,1,0.99,0.0001,0.2,price,0.15,,0.35,delayed_fixed_depth,full,2500,persistent,false,true,true,0.9995,74,74.1,/data1/lsj9862/VR/trm_sudoku_ivon_hpsearch_260619/v4_12_eval_matched_inner_260626/quick_eval_limit1000_k10_d16/v4_12q_059_ema_v4_12_007_inner16_detach_q035_noise015_step37500/output.json
2026-07-14T11:34:41Z,,full_train__subset1000__d16__ivon_parameter_sampling,selected|pass_at_10,completed,v3_6_scheduler_tail_isolation,v3_6_004_tail_piecewise_1e4,30000,full_train,subset,1000,1000,1000,,0,128,16,1,ivon_parameter_sampling,0,30000,128,0.0007,600,tail_piecewise_1e4,1,0.0001,1,0.9,10000000,1,0.99,0.0001,0.3,price,0.3,,0.25,delayed_fixed_depth,full,2500,persistent,false,true,false,0.999,73.9,74.5,/data1/lsj9862/VR/trm_sudoku_ivon_hpsearch_260619/v3_6_scheduler_tail_isolation_260625/quick_eval_limit1000_k10_d16/v3_6q_009_v3_6_004_tail_piecewise_1e4_step30000/output.json
2026-07-14T11:34:41Z,,full_train__subset1000__d16__ivon_parameter_sampling,selected|pass_at_10,completed,v13_late_ess_axis_260702,v13e_lateess35k_ess3e7,40000,full_train,subset,1000,1000,1000,,0,128,16,1,ivon_parameter_sampling,0,50000,128,0.0007,600,,1,0.0001,1,0.9,10000000,1,0.99,0.0001,0.2,price,0.275,,0.35,delayed_fixed_depth,delayed_token_only,2500,persistent,false,true,true,0.999,73.8,73.8,/data1/lsj9862/VR/trm_sudoku_ivon_hpsearch_260619/source_server_autonomous_hp_260630/v13_late_ess_axis_260702/eval_queue/v13e_lateess35k_ess3e7/raw_step_40000_k10d16_limit1000/output.json
2026-07-14T11:34:41Z,,full_train__subset1000__d16__ivon_parameter_sampling,selected|pass_at_10,completed,v15_exact_lowlevel_hp_260702,v15_02_lr1e3,30000,full_train,subset,1000,1000,1000,,0,128,16,1,ivon_parameter_sampling,0,50000,128,0.001,600,,1,0.0001,1,0.9,10000000,1,0.99,0.0001,0.2,price,0.275,,0.35,delayed_fixed_depth,delayed_token_only,2500,persistent,false,true,true,0.999,73.6,74.5,/data1/lsj9862/VR/trm_sudoku_ivon_hpsearch_260619/source_server_autonomous_hp_260630/v15_exact_lowlevel_hp_260702/eval_queue/v15_02_lr1e3/raw_step_30000_k10d16_limit1000/output.json
2026-07-14T11:34:41Z,,full_train__subset1000__d16__ivon_parameter_sampling,selected,completed,v3_7_posterior_concentration,v3_7_004_noise015_cos01_cosine_min0p1_noise0p15_ess1e07_q0p25,40000,full_train,subset,1000,1000,1000,,0,128,16,1,ivon_parameter_sampling,0,40000,128,7e-05,600,cosine_min0p1,1,1e-05,1,0.9,10000000,1,0.99,0.0001,0.3,price,0.15,,0.25,delayed_fixed_depth,full,2500,persistent,false,true,false,0.999,73.5,81.9,/data1/lsj9862/VR/trm_sudoku_ivon_hpsearch_260619/v3_7_posterior_concentration_260626/quick_eval_limit1000_k10_d16/v3_7q_009_v3_7_004_noise015_cos01_cosine_min0p1_noise0p15_ess1e07_q0p25_step40000/output.json
2026-07-14T11:34:41Z,,full_train__subset1000__d16__ivon_parameter_sampling,selected|pass_at_10,completed,v7_clean50k_posterior_quality_gen00,v7g00_002_r2_q034_n0275_ess1e7_b99_piece_v36v416_lr0p0007_q0p34_n0p275_clip0p2_delayed_fixed_depth_full,40000,full_train,subset,1000,1000,1000,,0,128,16,1,ivon_parameter_sampling,0,50000,768,0.0007,600,piece_v36v416,1,0.0001,1,0.9,10000000,1,0.99,0.0001,0.2,price,0.275,,0.34,delayed_fixed_depth,full,2500,persistent,false,true,true,0.999,73.1,74.3,/data1/lsj9862/VR/trm_sudoku_ivon_hpsearch_260619/v7_clean50k_posterior_quality_260629/gen00_clean50k/quick_eval_limit1000_k10_d16/v7q_006_raw_v7g00_002_r2_q034_n0275_ess1e7_b99_piece_v36v416_lr0p0007_q0p34_n0p275_clip0p2_delayed_fixed_depth_full_step40000/output.json
2026-07-14T11:34:41Z,,full_train__subset1000__d16__ivon_parameter_sampling,selected,completed,v7_clean50k_posterior_quality_gen00,v7g00_004_r4_q032_n0300_ess1e7_b99_piece_v36v416_lr0p0007_q0p32_n0p3_clip0p2_delayed_fixed_depth_full,40000,full_train,subset,1000,1000,1000,,0,128,16,1,ivon_parameter_sampling,0,50000,768,0.0007,600,piece_v36v416,1,0.0001,1,0.9,10000000,1,0.99,0.0001,0.2,price,0.3,,0.32,delayed_fixed_depth,full,2500,persistent,false,true,true,0.999,73,73.3,/data1/lsj9862/VR/trm_sudoku_ivon_hpsearch_260619/v7_clean50k_posterior_quality_260629/gen00_clean50k/quick_eval_limit1000_k10_d16/v7q_012_raw_v7g00_004_r4_q032_n0300_ess1e7_b99_piece_v36v416_lr0p0007_q0p32_n0p3_clip0p2_delayed_fixed_depth_full_step40000/output.json
2026-07-14T11:34:41Z,,full_train__subset1000__d16__ivon_parameter_sampling,selected|pass_at_10,completed,v15_exact_lowlevel_hp_260702,v15_00_v10_control,30000,full_train,subset,1000,1000,1000,,0,128,16,1,ivon_parameter_sampling,0,50000,128,0.0007,600,,1,0.0001,1,0.9,10000000,1,0.99,0.0001,0.2,price,0.275,,0.35,delayed_fixed_depth,delayed_token_only,2500,persistent,false,true,true,0.999,72.7,73,/data1/lsj9862/VR/trm_sudoku_ivon_hpsearch_260619/source_server_autonomous_hp_260630/v15_exact_lowlevel_hp_260702/eval_queue/v15_00_v10_control/raw_step_30000_k10d16_limit1000/output.json
2026-07-14T11:34:41Z,,full_train__subset1000__d16__ivon_parameter_sampling,selected,completed,v4_14_sample_quality_formation,v4_14_003_resetboth_q025_n020_pz05_cos01,36000,full_train,subset,1000,1000,1000,,0,128,16,1,ivon_parameter_sampling,0,40000,128,7e-05,600,cosine_min0p1,1,5e-06,1,0.9,10000000,1,0.99,0.0001,0.2,price,0.2,,0.25,delayed_fixed_depth,full,35000,persistent,false,true,true,0.9995,72.6,78.4,/data1/lsj9862/VR/trm_sudoku_ivon_hpsearch_260619/v4_14_sample_quality_formation_260626/quick_eval_limit1000_k10_d16/v4_14q_034_raw_v4_14_003_resetboth_q025_n020_pz05_cos01_step36000/output.json
2026-07-14T11:34:41Z,,full_train__subset1000__d16__ivon_parameter_sampling,pass_at_10,completed,v3_7_posterior_concentration,v3_7_004_noise015_cos01_cosine_min0p1_noise0p15_ess1e07_q0p25,35000,full_train,subset,1000,1000,1000,,0,128,16,1,ivon_parameter_sampling,0,40000,128,7e-05,600,cosine_min0p1,1,1e-05,1,0.9,10000000,1,0.99,0.0001,0.3,price,0.15,,0.25,delayed_fixed_depth,full,2500,persistent,false,true,false,0.999,72.4,82.4,/data1/lsj9862/VR/trm_sudoku_ivon_hpsearch_260619/v3_7_posterior_concentration_260626/quick_eval_limit1000_k10_d16/v3_7q_008_v3_7_004_noise015_cos01_cosine_min0p1_noise0p15_ess1e07_q0p25_step35000/output.json
2026-07-14T11:34:41Z,,full_train__subset1000__d16__ivon_parameter_sampling,selected|pass_at_10,completed,v3_6_scheduler_tail_isolation,v3_6_003_tail_piecewise_3e4,25000,full_train,subset,1000,1000,1000,,0,128,16,1,ivon_parameter_sampling,0,30000,128,0.0007,600,tail_piecewise_3e4,1,0.0001,1,0.9,10000000,1,0.99,0.0001,0.3,price,0.3,,0.25,delayed_fixed_depth,full,2500,persistent,false,true,false,0.999,72.4,74.8,/data1/lsj9862/VR/trm_sudoku_ivon_hpsearch_260619/v3_6_scheduler_tail_isolation_260625/quick_eval_limit1000_k10_d16/v3_6q_006_v3_6_003_tail_piecewise_3e4_step25000/output.json
2026-07-14T11:34:41Z,,full_train__subset1000__d16__ivon_parameter_sampling,selected|pass_at_10,completed,v13_late_ess_axis_260702,v13e_lateess40k_ess5e7,42500,full_train,subset,1000,1000,1000,,0,128,16,1,ivon_parameter_sampling,0,50000,128,0.0007,600,,1,0.0001,1,0.9,10000000,1,0.99,0.0001,0.2,price,0.275,,0.35,delayed_fixed_depth,delayed_token_only,2500,persistent,false,true,true,0.999,72.4,72.4,/data1/lsj9862/VR/trm_sudoku_ivon_hpsearch_260619/source_server_autonomous_hp_260630/v13_late_ess_axis_260702/eval_queue/v13e_lateess40k_ess5e7/raw_step_42500_k10d16_limit1000/output.json
2026-07-14T11:34:41Z,,full_train__subset1000__d16__ivon_parameter_sampling,pass_at_10,completed,v7_clean50k_posterior_quality_gen00,v7g00_004_r4_q032_n0300_ess1e7_b99_piece_v36v416_lr0p0007_q0p32_n0p3_clip0p2_delayed_fixed_depth_full,50000,full_train,subset,1000,1000,1000,,0,128,16,1,ivon_parameter_sampling,0,50000,768,0.0007,600,piece_v36v416,1,0.0001,1,0.9,10000000,1,0.99,0.0001,0.2,price,0.3,,0.32,delayed_fixed_depth,full,2500,persistent,false,true,true,0.999,72.3,73.5,/data1/lsj9862/VR/trm_sudoku_ivon_hpsearch_260619/v7_clean50k_posterior_quality_260629/gen00_clean50k/quick_eval_limit1000_k10_d16/v7q_014_raw_v7g00_004_r4_q032_n0300_ess1e7_b99_piece_v36v416_lr0p0007_q0p32_n0p3_clip0p2_delayed_fixed_depth_full_step50000/output.json
2026-07-14T11:34:41Z,,full_train__subset1000__d16__ivon_parameter_sampling,pass_at_10,completed,v3_6_scheduler_tail_isolation,v3_6_001_tail_cosine_min0p3,25000,full_train,subset,1000,1000,1000,,0,128,16,1,ivon_parameter_sampling,0,30000,128,0.0007,600,tail_cosine_min0p3,1,0.0001,1,0.9,10000000,1,0.99,0.0001,0.3,price,0.3,,0.25,delayed_fixed_depth,full,2500,persistent,false,true,false,0.999,72.2,76.5,/data1/lsj9862/VR/trm_sudoku_ivon_hpsearch_260619/v3_6_scheduler_tail_isolation_260625/quick_eval_limit1000_k10_d16/v3_6q_002_v3_6_001_tail_cosine_min0p3_step25000/output.json
2026-07-14T11:34:41Z,,full_train__subset1000__d16__ivon_parameter_sampling,selected|pass_at_10,completed,v13_late_ess_axis_260702,v13e_lateess35k_ess5e7,37500,full_train,subset,1000,1000,1000,,0,128,16,1,ivon_parameter_sampling,0,50000,128,0.0007,600,,1,0.0001,1,0.9,10000000,1,0.99,0.0001,0.2,price,0.275,,0.35,delayed_fixed_depth,delayed_token_only,2500,persistent,false,true,true,0.999,71.2,71.3,/data1/lsj9862/VR/trm_sudoku_ivon_hpsearch_260619/source_server_autonomous_hp_260630/v13_late_ess_axis_260702/eval_queue/v13e_lateess35k_ess5e7/raw_step_37500_k10d16_limit1000/output.json
2026-07-14T11:34:41Z,,full_train__subset1000__d16__ivon_parameter_sampling,pass_at_10,completed,v4_14_sample_quality_formation,v4_14_003_resetboth_q025_n020_pz05_cos01,40000,full_train,subset,1000,1000,1000,,0,128,16,1,ivon_parameter_sampling,0,40000,128,7e-05,600,cosine_min0p1,1,5e-06,1,0.9,10000000,1,0.99,0.0001,0.2,price,0.2,,0.25,delayed_fixed_depth,full,35000,persistent,false,true,true,0.9995,70.9,79.5,/data1/lsj9862/VR/trm_sudoku_ivon_hpsearch_260619/v4_14_sample_quality_formation_260626/quick_eval_limit1000_k10_d16/v4_14q_038_raw_v4_14_003_resetboth_q025_n020_pz05_cos01_step40000/output.json
2026-07-14T11:34:41Z,,full_train__subset1000__d16__ivon_parameter_sampling,selected|pass_at_10,completed,v4_8_posterior_optimizer_axis,v4_8_007_gradsq,36750,full_train,subset,1000,1000,1000,,0,128,16,1,ivon_parameter_sampling,0,37000,128,3.85e-05,600,cosine_min0p1,1,5.5e-06,1,0.9,10000000,1,0.99,0.0001,0.2,gradsq,0.2,,0.35,delayed_fixed_depth,full,2500,persistent,false,true,true,0.9995,70.3,70.4,/data1/lsj9862/VR/trm_sudoku_ivon_hpsearch_260619/v4_8_posterior_optimizer_axis_260626/quick_eval_limit1000_k10_d16/v4_8q_044_raw_v4_8_007_gradsq_step36750/output.json
2026-07-14T11:34:41Z,,full_train__subset1000__d16__ivon_parameter_sampling,selected|pass_at_10,completed,v3_6_scheduler_tail_isolation,v3_6_000_tail_constant_control,30000,full_train,subset,1000,1000,1000,,0,128,16,1,ivon_parameter_sampling,0,30000,128,0.0007,600,tail_constant_control,1,0.0001,1,0.9,10000000,1,0.99,0.0001,0.3,price,0.3,,0.25,delayed_fixed_depth,full,2500,persistent,false,true,false,0.999,70.2,71.8,/data1/lsj9862/VR/trm_sudoku_ivon_hpsearch_260619/v3_6_scheduler_tail_isolation_260625/quick_eval_limit1000_k10_d16/v3_6q_001_v3_6_000_tail_constant_control_step30000/output.json
2026-07-14T11:34:41Z,,full_train__subset1000__d16__ivon_parameter_sampling,selected|pass_at_10,completed,v3_7_posterior_concentration,v3_7_007_ess3e7_cos01_cosine_min0p1_noise0p3_ess3e07_q0p25,35000,full_train,subset,1000,1000,1000,,0,128,16,1,ivon_parameter_sampling,0,40000,128,7e-05,600,cosine_min0p1,1,1e-05,1,0.9,30000000,1,0.99,0.0001,0.3,price,0.3,,0.25,delayed_fixed_depth,full,2500,persistent,false,true,false,0.999,70,70.1,/data1/lsj9862/VR/trm_sudoku_ivon_hpsearch_260619/v3_7_posterior_concentration_260626/quick_eval_limit1000_k10_d16/v3_7q_014_v3_7_007_ess3e7_cos01_cosine_min0p1_noise0p3_ess3e07_q0p25_step35000/output.json
2026-07-14T11:34:41Z,,full_train__subset1000__d16__ivon_parameter_sampling,selected|pass_at_10,completed,v5_clean50k_gen00,v5g00_005_r5_lowbase_q035_n020_soft_piece_v36_soft_lr0p0005_q0p35_n0p2_clip0p2_delayed_fixed_depth_full,40000,full_train,subset,1000,1000,1000,,0,128,16,1,ivon_parameter_sampling,0,50000,128,0.0005,600,piece_v36_soft,1,0.0001,1,0.9,10000000,1,0.99,0.0001,0.2,price,0.2,,0.35,delayed_fixed_depth,full,2500,persistent,false,true,true,0.999,69.7,82.3,/data1/lsj9862/VR/trm_sudoku_ivon_hpsearch_260619/v5_clean50k_auto_260627/gen00_clean50k/quick_eval_limit1000_k10_d16/v5q_022_raw_v5g00_005_r5_lowbase_q035_n020_soft_piece_v36_soft_lr0p0005_q0p35_n0p2_clip0p2_delayed_fixed_depth_full_step40000/output.json
2026-07-14T11:34:41Z,,full_train__subset1000__d16__ivon_parameter_sampling,pass_at_10,completed,v4_12_eval_matched_inner,v4_12_007_inner16_detach_q035_noise015,37750,full_train,subset,1000,1000,1000,,0,128,16,1,ivon_parameter_sampling,0,38000,64,3.85e-05,600,cosine_min0p1,1,5.5e-06,1,0.9,10000000,1,0.99,0.0001,0.2,price,0.15,,0.35,delayed_fixed_depth,full,2500,persistent,false,true,true,0.9995,69.7,75.4,/data1/lsj9862/VR/trm_sudoku_ivon_hpsearch_260619/v4_12_eval_matched_inner_260626/quick_eval_limit1000_k10_d16/v4_12q_061_ema_v4_12_007_inner16_detach_q035_noise015_step37750/output.json
2026-07-14T11:34:41Z,,full_train__subset1000__d16__ivon_parameter_sampling,selected|pass_at_10,completed,ivon_goal_search_260712,lr09e3_clip03,12000,full_train,subset,1000,1000,1000,,0,,16,1,ivon_parameter_sampling,0,50000,768,0.0009,600,piece_v36v416,1,0.0001,1,0.9,10000000,1,0.99,0.0001,0.3,price,0.25,clip,0.35,delayed_fixed_depth,full,2500,persistent,false,true,true,0.999,69,79.9,/data1/lsj9862/VR/ptrm_public_runs/ivon_goal_search_260712/evals/lr09e3_clip03/step_12000/eval.json
2026-07-14T11:34:41Z,,full_train__subset1000__d16__ivon_parameter_sampling,selected|pass_at_10,completed,ivon_goal_search_260712,ess3e7_lr15_clip01,8000,full_train,subset,1000,1000,1000,,0,,16,1,ivon_parameter_sampling,0,50000,768,0.0015,600,piece_v36v416,1,0.0001,1,0.9,30000000,1,0.99,0.0001,0.1,price,0.25,clip,0.35,delayed_fixed_depth,full,2500,persistent,false,true,true,0.999,67.5,67.9,/data1/lsj9862/VR/ptrm_public_runs/ivon_goal_sidecar_interactions_260712/evals/ess3e7_lr15_clip01/step_8000/eval.json
2026-07-14T11:34:41Z,,full_train__subset1000__d16__ivon_parameter_sampling,selected,completed,ivon_goal_search_260712,lr09e3_clip02,30000,full_train,subset,1000,1000,1000,,0,,16,1,ivon_parameter_sampling,0,50000,768,0.0009,600,piece_v36v416,1,0.0001,1,0.9,10000000,1,0.99,0.0001,0.2,price,0.25,clip,0.35,delayed_fixed_depth,full,2500,persistent,false,true,true,0.999,67.4,68.8,/data1/lsj9862/VR/ptrm_public_runs/ivon_goal_search_260712/evals/lr09e3_clip02/step_30000/eval.json
2026-07-14T11:34:41Z,,full_train__subset1000__d16__ivon_compare_selection,selected|pass_at_10,completed,v4_19_peak_mc_calibration,v4_19_003_mc4_lr1e6_n020,38750,full_train,subset,1000,1000,1000,,0,128,16,1,ivon_compare_selection,0,39000,128,1e-06,600,,1,1.4e-07,1,0.9,10000000,1,0.99,0.0001,0.2,price,0.2,,0.35,normal,full,2500,persistent,false,true,true,0.9995,67.1,81.7,/data1/lsj9862/VR/trm_sudoku_ivon_hpsearch_260619/v4_19_peak_mc_calibration_260626/eval_limit1000_k10_d16/v4_19q_012_raw_v4_19_003_mc4_lr1e6_n020_step38750/output.json
2026-07-14T11:34:41Z,,full_train__subset1000__d16__ivon_parameter_sampling,selected|pass_at_10,completed,v4_8_posterior_optimizer_axis,v4_8_004_beta0999,37000,full_train,subset,1000,1000,1000,,0,128,16,1,ivon_parameter_sampling,0,37000,128,3.85e-05,600,cosine_min0p1,1,5.5e-06,1,0.9,10000000,1,0.999,0.0001,0.2,price,0.2,,0.35,delayed_fixed_depth,full,2500,persistent,false,true,true,0.9995,66.6,66.6,/data1/lsj9862/VR/trm_sudoku_ivon_hpsearch_260619/v4_8_posterior_optimizer_axis_260626/quick_eval_limit1000_k10_d16/v4_8q_029_ema_v4_8_004_beta0999_step37000/output.json
2026-07-14T11:34:41Z,,full_train__subset1000__d16__ivon_parameter_sampling,selected,completed,v7_clean50k_posterior_quality_gen00,v7g00_001_r1_q032_n0275_ess1e7_b99_piece_v36v416_lr0p0007_q0p32_n0p275_clip0p2_delayed_fixed_depth_full,45000,full_train,subset,1000,1000,1000,,0,128,16,1,ivon_parameter_sampling,0,50000,768,0.0007,600,piece_v36v416,1,0.0001,1,0.9,10000000,1,0.99,0.0001,0.2,price,0.275,,0.32,delayed_fixed_depth,full,2500,persistent,false,true,true,0.999,65.8,67.8,/data1/lsj9862/VR/trm_sudoku_ivon_hpsearch_260619/v7_clean50k_posterior_quality_260629/gen00_clean50k/quick_eval_limit1000_k10_d16/v7q_004_raw_v7g00_001_r1_q032_n0275_ess1e7_b99_piece_v36v416_lr0p0007_q0p32_n0p275_clip0p2_delayed_fixed_depth_full_step45000/output.json
2026-07-14T11:34:41Z,,full_train__subset1000__d16__ivon_parameter_sampling,pass_at_10,completed,v7_clean50k_posterior_quality_gen00,v7g00_001_r1_q032_n0275_ess1e7_b99_piece_v36v416_lr0p0007_q0p32_n0p275_clip0p2_delayed_fixed_depth_full,40000,full_train,subset,1000,1000,1000,,0,128,16,1,ivon_parameter_sampling,0,50000,768,0.0007,600,piece_v36v416,1,0.0001,1,0.9,10000000,1,0.99,0.0001,0.2,price,0.275,,0.32,delayed_fixed_depth,full,2500,persistent,false,true,true,0.999,65.5,68.2,/data1/lsj9862/VR/trm_sudoku_ivon_hpsearch_260619/v7_clean50k_posterior_quality_260629/gen00_clean50k/quick_eval_limit1000_k10_d16/v7q_003_raw_v7g00_001_r1_q032_n0275_ess1e7_b99_piece_v36v416_lr0p0007_q0p32_n0p275_clip0p2_delayed_fixed_depth_full_step40000/output.json
2026-07-14T11:34:41Z,,full_train__subset1000__d16__ivon_parameter_sampling,selected|pass_at_10,completed,ivon_goal_search_260712,lr12e3_clip02,12000,full_train,subset,1000,1000,1000,,0,,16,1,ivon_parameter_sampling,0,50000,768,0.0012,600,piece_v36v416,1,0.0001,1,0.9,10000000,1,0.99,0.0001,0.2,price,0.25,clip,0.35,delayed_fixed_depth,full,2500,persistent,false,true,true,0.999,65.1,80,/data1/lsj9862/VR/ptrm_public_runs/ivon_goal_search_260712/evals/lr12e3_clip02/step_12000/eval.json
2026-07-14T11:34:41Z,,full_train__subset1000__d16__ivon_parameter_sampling,selected|pass_at_10,completed,clean_ivon_lrclip_phase1_260711,p1_lr0p0045_c0p016,30000,full_train,subset,1000,1000,1000,,0,,16,1,ivon_parameter_sampling,0,50000,768,0.0045,2000,warmup_constant,1,0.0001,1,0.9,10000000,0.1,0.999,0.0001,0.016,price,1,clip,0.5,normal,full,0,persistent,false,true,true,0.999,64.7,65.1,/data1/lsj9862/VR/ptrm_public_runs/clean_ivon_lrclip_phase1_260711/evals/p1_lr0p0045_c0p016/step_30000/eval.json
2026-07-14T11:34:41Z,,full_train__subset1000__d16__ivon_parameter_sampling,selected|pass_at_10,completed,ivon_goal_search_260712,lr07e3_clip03,12000,full_train,subset,1000,1000,1000,,0,,16,1,ivon_parameter_sampling,0,50000,768,0.0007,600,piece_v36v416,1,0.0001,1,0.9,10000000,1,0.99,0.0001,0.3,price,0.25,clip,0.35,delayed_fixed_depth,full,2500,persistent,false,true,true,0.999,63.6,72.6,/data1/lsj9862/VR/ptrm_public_runs/ivon_goal_search_260712/evals/lr07e3_clip03/step_12000/eval.json
2026-07-14T11:34:41Z,,full_train__subset1000__d16__ivon_parameter_sampling,selected|pass_at_10,completed,clean_ivon_direct_hp_260706,b_r1_ess_1e+07,50000,full_train,subset,1000,1000,1000,,0,,16,1,ivon_parameter_sampling,0,50000,768,0.005,2000,warmup_constant,1,0.0001,1,0.9,10000000,0.1,0.999,0.0001,0.01,price,1,clip,0.5,normal,full,0,persistent,false,true,true,0.999,63.5,63.5,/data1/lsj9862/VR/ptrm_public_runs/clean_ivon_direct_hp_260706/evals/b_r1_ess_1e+07/step_50000/eval.json
2026-07-14T11:34:41Z,,full_train__subset1000__d16__ivon_parameter_sampling,pass_at_10,completed,ivon_goal_search_260712,lr09e3_clip02,12000,full_train,subset,1000,1000,1000,,0,,16,1,ivon_parameter_sampling,0,50000,768,0.0009,600,piece_v36v416,1,0.0001,1,0.9,10000000,1,0.99,0.0001,0.2,price,0.25,clip,0.35,delayed_fixed_depth,full,2500,persistent,false,true,true,0.999,62.8,71.4,/data1/lsj9862/VR/ptrm_public_runs/ivon_goal_search_260712/evals/lr09e3_clip02/step_12000/eval.json
2026-07-14T11:34:41Z,,full_train__subset1000__d16__ivon_parameter_sampling,selected|pass_at_10,completed,ivon_goal_search_260712,sched_late_lr09,12000,full_train,subset,1000,1000,1000,,0,,16,1,ivon_parameter_sampling,0,50000,768,0.0009,600,late_decay_09_07_05,1,0.0001,1,0.9,10000000,1,0.99,0.0001,0.2,price,0.25,clip,0.35,delayed_fixed_depth,full,2500,persistent,false,true,true,0.999,62.8,71.4,/data1/lsj9862/VR/ptrm_public_runs/ivon_goal_search_260712/evals/sched_late_lr09/step_12000/eval.json
2026-07-14T11:34:41Z,,full_train__subset1000__d16__ivon_parameter_sampling,selected|pass_at_10,completed,v15_exact_lowlevel_hp_260702,v15_04_ess3e7,30000,full_train,subset,1000,1000,1000,,0,128,16,1,ivon_parameter_sampling,0,50000,128,0.0007,600,,1,0.0001,1,0.9,30000000,1,0.99,0.0001,0.2,price,0.275,,0.35,delayed_fixed_depth,delayed_token_only,2500,persistent,false,true,true,0.999,62.2,62.3,/data1/lsj9862/VR/trm_sudoku_ivon_hpsearch_260619/source_server_autonomous_hp_260630/v15_exact_lowlevel_hp_260702/eval_queue/v15_04_ess3e7/raw_step_30000_k10d16_limit1000/output.json
2026-07-14T11:34:41Z,,full_train__subset1000__d16__ivon_parameter_sampling,selected|pass_at_10,completed,v3_5_full_data_best_confirm,v3_5_resume12k_to20k_best_delay2500_q0p25,20000,full_train,subset,1000,1000,1000,,0,128,16,1,ivon_parameter_sampling,0,20000,128,0.0007,600,constant,1,0.0001,1,0.9,10000000,1,0.99,0.0001,0.3,price,0.3,,0.25,delayed_fixed_depth,full,2500,persistent,false,true,false,0.999,61.3,64.1,/data1/lsj9862/VR/trm_sudoku_ivon_hpsearch_260619/v3_5_full_data_resume12k_to20k_confirm_260625/quick_eval_limit1000_k10_d16/v3_5q_001_v3_5_resume12k_to20k_best_delay2500_q0p25_step20000/output.json
2026-07-14T11:34:41Z,,full_train__subset1000__d16__ivon_parameter_sampling,selected|pass_at_10,completed,v7_clean50k_posterior_quality_gen00,v7g00_007_r7_lr075_q032_n0275_ess1e7_b99_piece_v36v416_lr0p00075_q0p32_n0p275_clip0p2_delayed_fixed_depth_full,40000,full_train,subset,1000,1000,1000,,0,128,16,1,ivon_parameter_sampling,0,50000,768,0.00075,600,piece_v36v416,1,0.0001,1,0.9,10000000,1,0.99,0.0001,0.2,price,0.275,,0.32,delayed_fixed_depth,full,2500,persistent,false,true,true,0.999,59.7,61.8,/data1/lsj9862/VR/trm_sudoku_ivon_hpsearch_260619/v7_clean50k_posterior_quality_260629/gen00_clean50k/quick_eval_limit1000_k10_d16/v7q_021_raw_v7g00_007_r7_lr075_q032_n0275_ess1e7_b99_piece_v36v416_lr0p00075_q0p32_n0p275_clip0p2_delayed_fixed_depth_full_step40000/output.json
2026-07-14T11:34:41Z,,full_train__subset1000__d16__ivon_parameter_sampling,selected|pass_at_10,completed,v4_20_lownoise_formation,v4_20_002_keepopt_cos01_q035_n010_pz1,30000,full_train,subset,1000,1000,1000,,0,128,16,1,ivon_parameter_sampling,0,40000,128,7e-05,600,cosine_min0p1,1,1e-05,1,0.9,10000000,1,0.99,0.0001,0.3,price,0.1,,0.35,delayed_fixed_depth,full,2500,persistent,false,true,true,0.9995,58.7,75.5,/data1/lsj9862/VR/trm_sudoku_ivon_hpsearch_260619/v4_20_lownoise_formation_260626/quick_eval_limit1000_k10_d16/v4_20q_025_ema_v4_20_002_keepopt_cos01_q035_n010_pz1_step30000/output.json
2026-07-14T11:34:41Z,,full_train__subset1000__d16__ivon_parameter_sampling,selected|pass_at_10,completed,ivon_goal_search_260712,ess3e7_lr09_clip03,8000,full_train,subset,1000,1000,1000,,0,,16,1,ivon_parameter_sampling,0,50000,768,0.0009,600,piece_v36v416,1,0.0001,1,0.9,30000000,1,0.99,0.0001,0.3,price,0.25,clip,0.35,delayed_fixed_depth,full,2500,persistent,false,true,true,0.999,56.7,57.3,/data1/lsj9862/VR/ptrm_public_runs/ivon_goal_sidecar_interactions_260712/evals/ess3e7_lr09_clip03/step_8000/eval.json
2026-07-14T11:34:41Z,,full_train__subset1000__d16__ivon_parameter_sampling,selected|pass_at_10,completed,clean_ivon_direct_followup_260710,w1_lr0p006_clip0p01_b768,30000,full_train,subset,1000,1000,1000,,0,,16,1,ivon_parameter_sampling,0,50000,768,0.006,2000,warmup_constant,1,0.0001,1,0.9,10000000,0.1,0.999,0.0001,0.01,price,1,clip,0.5,normal,full,0,persistent,false,true,true,0.999,55.7,55.9,/data1/lsj9862/VR/ptrm_public_runs/clean_ivon_direct_followup_260710/evals/w1_lr0p006_clip0p01_b768/step_30000/eval.json
2026-07-14T11:34:41Z,,full_train__subset1000__d16__ivon_parameter_sampling,selected|pass_at_10,completed,clean_ivon_lrclip_phase1_260711,p1_lr0p005_c0p020,30000,full_train,subset,1000,1000,1000,,0,,16,1,ivon_parameter_sampling,0,50000,768,0.005,2000,warmup_constant,1,0.0001,1,0.9,10000000,0.1,0.999,0.0001,0.02,price,1,clip,0.5,normal,full,0,persistent,false,true,true,0.999,55.6,56,/data1/lsj9862/VR/ptrm_public_runs/clean_ivon_lrclip_phase1_260711/evals/p1_lr0p005_c0p020/step_30000/eval.json
2026-07-14T11:34:41Z,,full_train__subset1000__d16__ivon_parameter_sampling,selected|pass_at_10,completed,ivon_goal_search_260712,ess3e7_lr12_clip02,8000,full_train,subset,1000,1000,1000,,0,,16,1,ivon_parameter_sampling,0,50000,768,0.0012,600,piece_v36v416,1,0.0001,1,0.9,30000000,1,0.99,0.0001,0.2,price,0.25,clip,0.35,delayed_fixed_depth,full,2500,persistent,false,true,true,0.999,54.2,54.5,/data1/lsj9862/VR/ptrm_public_runs/ivon_goal_sidecar_interactions_260712/evals/ess3e7_lr12_clip02/step_8000/eval.json
2026-07-14T11:34:41Z,,full_train__subset1000__d16__ivon_parameter_sampling,selected|pass_at_10,completed,v15_exact_lowlevel_hp_260702,v15_05_beta999,30000,full_train,subset,1000,1000,1000,,0,128,16,1,ivon_parameter_sampling,0,50000,128,0.0007,600,,1,0.0001,1,0.9,10000000,1,0.999,0.0001,0.2,price,0.275,,0.35,delayed_fixed_depth,delayed_token_only,2500,persistent,false,true,true,0.999,53.7,65.2,/data1/lsj9862/VR/trm_sudoku_ivon_hpsearch_260619/source_server_autonomous_hp_260630/v15_exact_lowlevel_hp_260702/eval_queue/v15_05_beta999/raw_step_30000_k10d16_limit1000/output.json
2026-07-14T11:34:41Z,,full_train__subset1000__d16__ivon_parameter_sampling,selected|pass_at_10,completed,debugged_ivon_scratch_hp_260705,b_r1_lr_0p0013,20000,full_train,subset,1000,1000,1000,,0,,16,1,ivon_parameter_sampling,0,50000,128,0.0013,600,,1,0.0001,1,0.9,10000000,1,0.99,0.0001,0.2,price,0.5,clip,0.35,delayed_fixed_depth,delayed_token_only,2500,persistent,false,true,true,0.999,53.4,54.9,/data1/lsj9862/VR/ptrm_public_runs/debugged_ivon_scratch_hp_260705/evals/b_r1_lr_0p0013/step_20000/eval.json
2026-07-14T11:34:41Z,,full_train__subset1000__d16__ivon_parameter_sampling,selected|pass_at_10,completed,debugged_ivon_scratch_hp_260705,a_lrclip_21_c0p03_lr0p005,20000,full_train,subset,1000,1000,1000,,0,,16,1,ivon_parameter_sampling,0,50000,128,0.005,600,,1,0.0001,1,0.9,10000000,1,0.99,0.0001,0.03,price,0.275,clip,0.35,delayed_fixed_depth,delayed_token_only,2500,persistent,false,true,true,0.999,53.3,55.1,/data1/lsj9862/VR/ptrm_public_runs/debugged_ivon_scratch_hp_260705/evals/a_lrclip_21_c0p03_lr0p005/step_20000/eval.json
2026-07-14T11:34:41Z,,full_train__subset1000__d16__ivon_parameter_sampling,selected|pass_at_10,completed,debugged_ivon_scratch_hp_260705,a_puzlr_0p003,20000,full_train,subset,1000,1000,1000,,0,,16,1,ivon_parameter_sampling,0,50000,128,0.0007,600,,1,0.003,1,0.9,10000000,1,0.99,0.0001,0.2,price,0.275,clip,0.35,delayed_fixed_depth,delayed_token_only,2500,persistent,false,true,true,0.999,52.6,53.7,/data1/lsj9862/VR/ptrm_public_runs/debugged_ivon_scratch_hp_260705/evals/a_puzlr_0p003/step_20000/eval.json
2026-07-14T11:34:41Z,,full_train__subset1000__d16__ivon_parameter_sampling,selected|pass_at_10,completed,ivon_goal_search_260712,sched_warmup1500,12000,full_train,subset,1000,1000,1000,,0,,16,1,ivon_parameter_sampling,0,50000,768,0.0007,1500,piece_v36v416,1,0.0001,1,0.9,10000000,1,0.99,0.0001,0.2,price,0.25,clip,0.35,delayed_fixed_depth,full,2500,persistent,false,true,true,0.999,52.3,65.4,/data1/lsj9862/VR/ptrm_public_runs/ivon_goal_search_260712/evals/sched_warmup1500/step_12000/eval.json
2026-07-14T11:34:41Z,,full_train__subset1000__d16__ivon_parameter_sampling,selected|pass_at_10,completed,debugged_ivon_scratch_hp_260705,a_lrclip_16_c0p1_lr0p0015,20000,full_train,subset,1000,1000,1000,,0,,16,1,ivon_parameter_sampling,0,50000,128,0.0015,600,,1,0.0001,1,0.9,10000000,1,0.99,0.0001,0.1,price,0.275,clip,0.35,delayed_fixed_depth,delayed_token_only,2500,persistent,false,true,true,0.999,48.6,48.9,/data1/lsj9862/VR/ptrm_public_runs/debugged_ivon_scratch_hp_260705/evals/a_lrclip_16_c0p1_lr0p0015/step_20000/eval.json
2026-07-14T11:34:41Z,,full_train__subset1000__d16__ivon_parameter_sampling,selected|pass_at_10,completed,ivon_goal_search_260712,ess1e8_lr07_clip02,8000,full_train,subset,1000,1000,1000,,0,,16,1,ivon_parameter_sampling,0,50000,768,0.0007,600,piece_v36v416,1,0.0001,1,0.9,100000000,1,0.99,0.0001,0.2,price,0.25,clip,0.35,delayed_fixed_depth,full,2500,persistent,false,true,true,0.999,48.6,48.6,/data1/lsj9862/VR/ptrm_public_runs/ivon_goal_sidecar_interactions_260712/evals/ess1e8_lr07_clip02/step_8000/eval.json
2026-07-14T11:34:41Z,,full_train__subset1000__d16__ivon_parameter_sampling,selected|pass_at_10,completed,clean_ivon_direct_followup_260710,w1_warmup1000_b768,30000,full_train,subset,1000,1000,1000,,0,,16,1,ivon_parameter_sampling,0,50000,768,0.005,1000,warmup_constant,1,0.0001,1,0.9,10000000,0.1,0.999,0.0001,0.01,price,1,clip,0.5,normal,full,0,persistent,false,true,true,0.999,48.5,48.8,/data1/lsj9862/VR/ptrm_public_runs/clean_ivon_direct_followup_260710/evals/w1_warmup1000_b768/step_30000/eval.json
2026-07-14T11:34:41Z,,full_train__subset1000__d16__ivon_parameter_sampling,selected|pass_at_10,completed,ivon_goal_search_260712,batch384_anchor,12000,full_train,subset,1000,1000,1000,,0,,16,1,ivon_parameter_sampling,0,50000,384,0.0007,600,piece_v36v416,1,0.0001,1,0.9,10000000,1,0.99,0.0001,0.2,price,0.25,clip,0.35,delayed_fixed_depth,full,2500,persistent,false,true,true,0.999,48.1,61.8,/data1/lsj9862/VR/ptrm_public_runs/ivon_goal_search_260712/evals/batch384_anchor/step_12000/eval.json
2026-07-14T11:34:41Z,,full_train__subset1000__d16__ivon_parameter_sampling,selected|pass_at_10,completed,debugged_ivon_scratch_hp_260705,b_r2_puzlr_0p0003,20000,full_train,subset,1000,1000,1000,,0,,16,1,ivon_parameter_sampling,0,50000,128,0.0007,600,,1,0.0003,1,0.9,10000000,0.01,0.99,0.0001,0.2,price,0.275,clip,0.35,delayed_fixed_depth,delayed_token_only,2500,persistent,false,true,true,0.999,46.8,50.2,/data1/lsj9862/VR/ptrm_public_runs/debugged_ivon_scratch_hp_260705/evals/b_r2_puzlr_0p0003/step_20000/eval.json
2026-07-14T11:34:41Z,,full_train__subset1000__d16__ivon_parameter_sampling,selected|pass_at_10,completed,ivon_goal_search_260712,no_clip_lr05,12000,full_train,subset,1000,1000,1000,,0,,16,1,ivon_parameter_sampling,0,50000,768,0.0005,600,piece_v36v416,1,0.0001,1,0.9,10000000,1,0.99,0.0001,0.2,price,0.25,none,0.35,delayed_fixed_depth,full,2500,persistent,false,true,true,0.999,46,52.6,/data1/lsj9862/VR/ptrm_public_runs/ivon_goal_search_260712/evals/no_clip_lr05/step_12000/eval.json
2026-07-14T11:34:41Z,,full_train__subset1000__d16__ivon_parameter_sampling,selected|pass_at_10,completed,ivon_goal_search_260712,q050_anchor,12000,full_train,subset,1000,1000,1000,,0,,16,1,ivon_parameter_sampling,0,50000,768,0.0007,600,piece_v36v416,1,0.0001,1,0.9,10000000,1,0.99,0.0001,0.2,price,0.25,clip,0.5,delayed_fixed_depth,full,2500,persistent,false,true,true,0.999,44.8,58.5,/data1/lsj9862/VR/ptrm_public_runs/ivon_goal_search_260712/evals/q050_anchor/step_12000/eval.json
2026-07-14T11:34:41Z,,full_train__subset1000__d16__ivon_parameter_sampling,selected|pass_at_10,completed,ivon_goal_search_260712,act_normal_full,12000,full_train,subset,1000,1000,1000,,0,,16,1,ivon_parameter_sampling,0,50000,768,0.0007,600,piece_v36v416,1,0.0001,1,0.9,10000000,1,0.99,0.0001,0.2,price,0.25,clip,0.35,normal,full,0,persistent,false,true,true,0.999,42.1,61.6,/data1/lsj9862/VR/ptrm_public_runs/ivon_goal_search_260712/evals/act_normal_full/step_12000/eval.json
2026-07-14T11:34:41Z,,full_train__subset1000__d16__ivon_parameter_sampling,selected|pass_at_10,completed,v20_small_clip_large_lr_260703,v20_06_clip0p01_lr5e3,30000,full_train,subset,1000,1000,1000,,0,128,16,1,ivon_parameter_sampling,0,50000,128,0.005,600,,1,0.000714285714286,1,0.9,10000000,1,0.99,0.0001,0.01,price,0.275,,0.35,delayed_fixed_depth,delayed_token_only,2500,persistent,false,true,true,0.999,42,56.5,/data1/lsj9862/VR/trm_sudoku_ivon_hpsearch_260619/source_server_autonomous_hp_260630/v20_small_clip_large_lr_260703/eval_queue/v20_06_clip0p01_lr5e3/raw_step_30000_k10d16_limit1000/output.json
2026-07-14T11:34:41Z,,full_train__subset1000__d16__ivon_parameter_sampling,selected|pass_at_10,completed,v4_1_ema_qtail,v4_1_007_ema0999_q010_noise015_cosine_min0p1_ema0p999_full_noise0p15_ess1e07_q0p1,38000,full_train,subset,1000,1000,1000,,0,128,16,1,ivon_parameter_sampling,0,40000,128,3.85e-05,600,cosine_min0p1,1,5.5e-06,1,0.9,10000000,1,0.99,0.0001,0.3,price,0.15,,0.1,delayed_fixed_depth,full,2500,persistent,false,true,true,0.999,39.3,69.1,/data1/lsj9862/VR/trm_sudoku_ivon_hpsearch_260619/v4_1_ema_qtail_260626/quick_eval_limit1000_k10_d16/v4_1q_070_ema_v4_1_007_ema0999_q010_noise015_cosine_min0p1_ema0p999_full_noise0p15_ess1e07_q0p1_step38000/output.json
2026-07-14T11:34:41Z,,full_train__subset1000__d16__ivon_parameter_sampling,selected|pass_at_10,completed,ivon_goal_search_260712,sched_cos03_lr09,12000,full_train,subset,1000,1000,1000,,0,,16,1,ivon_parameter_sampling,0,50000,768,0.0009,600,warmup_cosine_0p3,1,0.0001,1,0.9,10000000,1,0.99,0.0001,0.2,price,0.25,clip,0.35,delayed_fixed_depth,full,2500,persistent,false,true,true,0.999,39.1,67.1,/data1/lsj9862/VR/ptrm_public_runs/ivon_goal_search_260712/evals/sched_cos03_lr09/step_12000/eval.json
2026-07-14T11:34:41Z,,full_train__subset1000__d16__ivon_parameter_sampling,selected|pass_at_10,completed,ivon_goal_search_260712,batch512_anchor,12000,full_train,subset,1000,1000,1000,,0,,16,1,ivon_parameter_sampling,0,50000,512,0.0007,600,piece_v36v416,1,0.0001,1,0.9,10000000,1,0.99,0.0001,0.2,price,0.25,clip,0.35,delayed_fixed_depth,full,2500,persistent,false,true,true,0.999,38.8,65.7,/data1/lsj9862/VR/ptrm_public_runs/ivon_goal_search_260712/evals/batch512_anchor/step_12000/eval.json
2026-07-14T11:34:41Z,,full_train__subset1000__d16__ivon_parameter_sampling,selected|pass_at_10,completed,v10_batch128_mechanism_axis_260701,v10m_delayed_token_q035_n0275,50000,full_train,subset,1000,1000,1000,,0,128,16,1.25,ivon_parameter_sampling,0,50000,128,0.0007,600,,1,0.0001,1,0.9,10000000,1,0.99,0.0001,0.2,price,0.275,,0.35,delayed_fixed_depth,delayed_token_only,2500,persistent,false,true,true,0.999,37.9,74.3,/data1/lsj9862/VR/trm_sudoku_ivon_hpsearch_260619/source_server_autonomous_hp_260630/v13_posterior_density_sampler_260702/v10_step50000_scale1p25_k10d16_limit1000.json
2026-07-14T11:34:41Z,,full_train__subset1000__d16__ivon_parameter_sampling,selected|pass_at_10,completed,ivon_goal_search_260712,core_hinit03,12000,full_train,subset,1000,1000,1000,,0,,16,1,ivon_parameter_sampling,0,50000,768,0.0007,600,piece_v36v416,1,0.0001,1,0.9,10000000,0.3,0.99,0.0001,0.2,price,0.25,clip,0.35,delayed_fixed_depth,full,2500,persistent,false,true,true,0.999,37.1,56.2,/data1/lsj9862/VR/ptrm_public_runs/ivon_goal_search_260712/evals/core_hinit03/step_12000/eval.json
2026-07-14T11:34:41Z,,full_train__subset1000__d16__ivon_parameter_sampling,selected|pass_at_10,completed,ivon_goal_search_260712,loss_delayed_token,12000,full_train,subset,1000,1000,1000,,0,,16,1,ivon_parameter_sampling,0,50000,768,0.0007,600,piece_v36v416,1,0.0001,1,0.9,10000000,1,0.99,0.0001,0.2,price,0.25,clip,0.35,delayed_fixed_depth,delayed_token_only,2500,persistent,false,true,true,0.999,34.4,45.5,/data1/lsj9862/VR/ptrm_public_runs/ivon_goal_search_260712/evals/loss_delayed_token/step_12000/eval.json
2026-07-14T11:34:41Z,,full_train__subset1000__d16__ivon_parameter_sampling,selected|pass_at_10,completed,debugged_ivon_scratch_hp_260705,b_r1_q_0p7,20000,full_train,subset,1000,1000,1000,,0,,16,1,ivon_parameter_sampling,0,50000,128,0.001,600,,1,0.0001,1,0.9,10000000,1,0.99,0.0001,0.2,price,0.5,clip,0.7,delayed_fixed_depth,delayed_token_only,2500,persistent,false,true,true,0.999,33.7,34.3,/data1/lsj9862/VR/ptrm_public_runs/debugged_ivon_scratch_hp_260705/evals/b_r1_q_0p7/step_20000/eval.json
2026-07-14T11:34:41Z,,full_train__subset1000__d16__ivon_parameter_sampling,selected|pass_at_10,completed,ivon_goal_search_260712,act_delay5000,12000,full_train,subset,1000,1000,1000,,0,,16,1,ivon_parameter_sampling,0,50000,768,0.0007,600,piece_v36v416,1,0.0001,1,0.9,10000000,1,0.99,0.0001,0.2,price,0.25,clip,0.35,delayed_fixed_depth,full,5000,persistent,false,true,true,0.999,32.7,70.4,/data1/lsj9862/VR/ptrm_public_runs/ivon_goal_search_260712/evals/act_delay5000/step_12000/eval.json
2026-07-14T11:34:41Z,,full_train__subset1000__d16__ivon_parameter_sampling,selected|pass_at_10,completed,ivon_goal_search_260712,q025_anchor,12000,full_train,subset,1000,1000,1000,,0,,16,1,ivon_parameter_sampling,0,50000,768,0.0007,600,piece_v36v416,1,0.0001,1,0.9,10000000,1,0.99,0.0001,0.2,price,0.25,clip,0.25,delayed_fixed_depth,full,2500,persistent,false,true,true,0.999,32.4,56.6,/data1/lsj9862/VR/ptrm_public_runs/ivon_goal_search_260712/evals/q025_anchor/step_12000/eval.json
2026-07-14T11:34:41Z,,full_train__subset1000__d16__ivon_parameter_sampling,selected|pass_at_10,completed,ivon_goal_search_260712,core_v6_n0225_q035,12000,full_train,subset,1000,1000,1000,,0,,16,1,ivon_parameter_sampling,0,50000,768,0.0007,600,piece_v36v416,1,0.0001,1,0.9,10000000,1,0.99,0.0001,0.2,price,0.225,clip,0.35,delayed_fixed_depth,full,2500,persistent,false,true,true,0.999,28.9,56.6,/data1/lsj9862/VR/ptrm_public_runs/ivon_goal_search_260712/evals/core_v6_n0225_q035/step_12000/eval.json
2026-07-14T11:34:41Z,,full_train__subset1000__d16__ivon_parameter_sampling,selected|pass_at_10,completed,ivon_goal_search_260712,sched_const_lr07,12000,full_train,subset,1000,1000,1000,,0,,16,1,ivon_parameter_sampling,0,50000,768,0.0007,600,warmup_constant,1,0.0001,1,0.9,10000000,1,0.99,0.0001,0.2,price,0.25,clip,0.35,delayed_fixed_depth,full,2500,persistent,false,true,true,0.999,27,64.6,/data1/lsj9862/VR/ptrm_public_runs/ivon_goal_search_260712/evals/sched_const_lr07/step_12000/eval.json
2026-07-14T11:34:41Z,,full_train__subset1000__d16__ivon_parameter_sampling,selected|pass_at_10,completed,ivon_goal_search_260712,core_v6_n0275_q035,12000,full_train,subset,1000,1000,1000,,0,,16,1,ivon_parameter_sampling,0,50000,768,0.0007,600,piece_v36v416,1,0.0001,1,0.9,10000000,1,0.99,0.0001,0.2,price,0.275,clip,0.35,delayed_fixed_depth,full,2500,persistent,false,true,true,0.999,26.3,53.3,/data1/lsj9862/VR/ptrm_public_runs/ivon_goal_search_260712/evals/core_v6_n0275_q035/step_12000/eval.json
2026-07-14T11:34:41Z,,full_train__subset1000__d16__ivon_parameter_sampling,selected|pass_at_10,completed,ivon_goal_batch128_revival_260713,b128_w1000_delay500,12000,full_train,subset,1000,1000,1000,,0,,16,1,ivon_parameter_sampling,0,50000,128,0.0007,1000,old_piece_20_30_385,1,0.0001,1,0.9,10000000,1,0.99,0.0001,0.2,price,0.275,clip,0.35,delayed_fixed_depth,delayed_token_only,500,persistent,false,true,true,0.999,25.4,28.6,/data1/lsj9862/VR/ptrm_public_runs/ivon_goal_batch128_revival_260713/evals/b128_w1000_delay500/step_12000/eval.json
2026-07-14T11:34:41Z,,full_train__subset1000__d16__ivon_parameter_sampling,selected|pass_at_10,completed,ivon_goal_batch128_revival_260713,b128_ess3e7_lr09,12000,full_train,subset,1000,1000,1000,,0,,16,1,ivon_parameter_sampling,0,50000,128,0.0009,1000,old_piece_20_30_385,1,0.0001,1,0.9,30000000,1,0.99,0.0001,0.2,price,0.275,clip,0.35,delayed_fixed_depth,delayed_token_only,2500,persistent,false,true,true,0.999,23.7,24,/data1/lsj9862/VR/ptrm_public_runs/ivon_goal_batch128_revival_260713/evals/b128_ess3e7_lr09/step_12000/eval.json
2026-07-14T11:34:41Z,,full_train__subset1000__d16__ivon_parameter_sampling,selected|pass_at_10,completed,clean_ivon_direct_hp_260706,a_curv_05_ess1e+07_h1_b0p99,30000,full_train,subset,1000,1000,1000,,0,,16,1,ivon_parameter_sampling,0,50000,768,0.0003,2000,warmup_constant,1,0.0001,1,0.9,10000000,1,0.99,0.0001,0.1,price,1,clip,0.5,normal,full,0,persistent,false,true,true,0.999,23.7,23.9,/data1/lsj9862/VR/ptrm_public_runs/clean_ivon_direct_hp_260706/evals/a_curv_05_ess1e+07_h1_b0p99/step_30000/eval.json
2026-07-14T11:34:41Z,,full_train__subset1000__d16__ivon_parameter_sampling,selected|pass_at_10,completed,ivon_goal_search_260712,core_v6_n030_q035,12000,full_train,subset,1000,1000,1000,,0,,16,1,ivon_parameter_sampling,0,50000,768,0.0007,600,piece_v36v416,1,0.0001,1,0.9,10000000,1,0.99,0.0001,0.2,price,0.3,clip,0.35,delayed_fixed_depth,full,2500,persistent,false,true,true,0.999,23.1,59,/data1/lsj9862/VR/ptrm_public_runs/ivon_goal_search_260712/evals/core_v6_n030_q035/step_12000/eval.json
2026-07-14T11:34:41Z,,full_train__subset1000__d16__ivon_parameter_sampling,selected|pass_at_10,completed,clean_ivon_lrclip_phase1_260711,p1_lr0p004_c0p024,12000,full_train,subset,1000,1000,1000,,0,,16,1,ivon_parameter_sampling,0,50000,768,0.004,2000,warmup_constant,1,0.0001,1,0.9,10000000,0.1,0.999,0.0001,0.024,price,1,clip,0.5,normal,full,0,persistent,false,true,true,0.999,22.6,22.7,/data1/lsj9862/VR/ptrm_public_runs/clean_ivon_lrclip_phase1_260711/evals/p1_lr0p004_c0p024/step_12000/eval.json
2026-07-14T11:34:41Z,,full_train__subset1000__d16__ivon_parameter_sampling,selected|pass_at_10,completed,ivon_goal_search_260712,core_hinit3,12000,full_train,subset,1000,1000,1000,,0,,16,1,ivon_parameter_sampling,0,50000,768,0.0007,600,piece_v36v416,1,0.0001,1,0.9,10000000,3,0.99,0.0001,0.2,price,0.25,clip,0.35,delayed_fixed_depth,full,2500,persistent,false,true,true,0.999,22.2,51,/data1/lsj9862/VR/ptrm_public_runs/ivon_goal_search_260712/evals/core_hinit3/step_12000/eval.json
2026-07-14T11:34:41Z,,full_train__subset1000__d16__ivon_parameter_sampling,selected|pass_at_10,completed,ivon_goal_batch128_revival_260713,b128_ess3e7_w1000,12000,full_train,subset,1000,1000,1000,,0,,16,1,ivon_parameter_sampling,0,50000,128,0.0007,1000,old_piece_20_30_385,1,0.0001,1,0.9,30000000,1,0.99,0.0001,0.2,price,0.275,clip,0.35,delayed_fixed_depth,delayed_token_only,2500,persistent,false,true,true,0.999,21.7,22,/data1/lsj9862/VR/ptrm_public_runs/ivon_goal_batch128_revival_260713/evals/b128_ess3e7_w1000/step_12000/eval.json
2026-07-14T11:34:41Z,,full_train__subset1000__d16__ivon_parameter_sampling,selected|pass_at_10,completed,ivon_goal_batch128_revival_260713,b128_noise025_w1000,12000,full_train,subset,1000,1000,1000,,0,,16,1,ivon_parameter_sampling,0,50000,128,0.0007,1000,old_piece_20_30_385,1,0.0001,1,0.9,10000000,1,0.99,0.0001,0.2,price,0.25,clip,0.35,delayed_fixed_depth,delayed_token_only,2500,persistent,false,true,true,0.999,21.6,22.9,/data1/lsj9862/VR/ptrm_public_runs/ivon_goal_batch128_revival_260713/evals/b128_noise025_w1000/step_12000/eval.json
2026-07-14T11:34:41Z,,full_train__subset1000__d16__ivon_parameter_sampling,selected|pass_at_10,completed,v19_lowlevel_coarse_fill_260702,v19_01_prior_high_all,50000,full_train,subset,1000,1000,1000,,0,128,16,1,ivon_parameter_sampling,0,50000,128,0.0007,600,,3,0.0001,3,0.9,10000000,1,0.99,0.0003,0.2,price,0.275,,0.35,delayed_fixed_depth,delayed_token_only,2500,persistent,false,true,true,0.999,21,24.7,/data1/lsj9862/VR/trm_sudoku_ivon_hpsearch_260619/source_server_autonomous_hp_260630/v19_lowlevel_coarse_fill_260702/eval_queue/v19_01_prior_high_all/raw_step_50000_k10d16_limit1000/output.json
2026-07-14T11:34:41Z,,full_train__subset1000__d16__ivon_parameter_sampling,selected|pass_at_10,completed,debugged_ivon_scratch_hp_260705,b_r1_q_0p1,10000,full_train,subset,1000,1000,1000,,0,,16,1,ivon_parameter_sampling,0,50000,128,0.001,600,,1,0.0001,1,0.9,10000000,1,0.99,0.0001,0.2,price,0.5,clip,0.1,delayed_fixed_depth,delayed_token_only,2500,persistent,false,true,true,0.999,21,22.5,/data1/lsj9862/VR/ptrm_public_runs/debugged_ivon_scratch_hp_260705/evals/b_r1_q_0p1/step_10000/eval.json
2026-07-14T11:34:41Z,,full_train__subset1000__d16__ivon_parameter_sampling,selected|pass_at_10,completed,clean_ivon_lrclip_phase1_260711,p1_lr0p004_c0p020,12000,full_train,subset,1000,1000,1000,,0,,16,1,ivon_parameter_sampling,0,50000,768,0.004,2000,warmup_constant,1,0.0001,1,0.9,10000000,0.1,0.999,0.0001,0.02,price,1,clip,0.5,normal,full,0,persistent,false,true,true,0.999,21,21,/data1/lsj9862/VR/ptrm_public_runs/clean_ivon_lrclip_phase1_260711/evals/p1_lr0p004_c0p020/step_12000/eval.json
2026-07-14T11:34:41Z,,full_train__subset1000__d16__ivon_parameter_sampling,selected|pass_at_10,completed,debugged_ivon_scratch_hp_260705,a_qloss_0p7,10000,full_train,subset,1000,1000,1000,,0,,16,1,ivon_parameter_sampling,0,50000,128,0.0007,600,,1,0.0001,1,0.9,10000000,1,0.99,0.0001,0.2,price,0.275,clip,0.7,delayed_fixed_depth,delayed_token_only,2500,persistent,false,true,true,0.999,20.8,24.7,/data1/lsj9862/VR/ptrm_public_runs/debugged_ivon_scratch_hp_260705/evals/a_qloss_0p7/step_10000/eval.json
2026-07-14T11:34:41Z,,full_train__subset1000__d16__ivon_parameter_sampling,selected|pass_at_10,completed,debugged_ivon_scratch_hp_260705,b_r3_lr_0p00091,10000,full_train,subset,1000,1000,1000,,0,,16,1,ivon_parameter_sampling,0,50000,128,0.00091,600,,1,0.0001,1,0.9,10000000,1,0.99,0.0001,0.2,price,0.275,clip,0.7,delayed_fixed_depth,delayed_token_only,2500,persistent,false,true,true,0.999,20.6,23.5,/data1/lsj9862/VR/ptrm_public_runs/debugged_ivon_scratch_hp_260705/evals/b_r3_lr_0p00091/step_10000/eval.json
2026-07-14T11:34:41Z,,full_train__subset1000__d16__ivon_parameter_sampling,selected|pass_at_10,completed,ivon_goal_batch128_revival_260713,b128_puz1e5_oldtail,12000,full_train,subset,1000,1000,1000,,0,,16,1,ivon_parameter_sampling,0,50000,128,0.0007,600,old_piece_20_30_385,1,1e-05,1,0.9,10000000,1,0.99,0.0001,0.2,price,0.275,clip,0.35,delayed_fixed_depth,delayed_token_only,2500,persistent,false,true,true,0.999,20.4,23.7,/data1/lsj9862/VR/ptrm_public_runs/ivon_goal_batch128_revival_260713/evals/b128_puz1e5_oldtail/step_12000/eval.json
2026-07-14T11:34:41Z,,full_train__subset1000__d16__ivon_parameter_sampling,selected|pass_at_10,completed,debugged_ivon_scratch_hp_260705,b_r3_puzlr_3p33333em05,10000,full_train,subset,1000,1000,1000,,0,,16,1,ivon_parameter_sampling,0,50000,128,0.0007,600,,1,3.33333333333e-05,1,0.9,10000000,1,0.99,0.0001,0.2,price,0.275,clip,0.7,delayed_fixed_depth,delayed_token_only,2500,persistent,false,true,true,0.999,20.4,22,/data1/lsj9862/VR/ptrm_public_runs/debugged_ivon_scratch_hp_260705/evals/b_r3_puzlr_3p33333em05/step_10000/eval.json
2026-07-14T11:34:41Z,,full_train__subset1000__d16__ivon_parameter_sampling,selected|pass_at_10,completed,clean_ivon_direct_followup_260710,w1_lr0p004_clip0p01_b768,12000,full_train,subset,1000,1000,1000,,0,,16,1,ivon_parameter_sampling,0,50000,768,0.004,2000,warmup_constant,1,0.0001,1,0.9,10000000,0.1,0.999,0.0001,0.01,price,1,clip,0.5,normal,full,0,persistent,false,true,true,0.999,20.4,21,/data1/lsj9862/VR/ptrm_public_runs/clean_ivon_direct_followup_260710/evals/w1_lr0p004_clip0p01_b768/step_12000/eval.json
2026-07-14T11:34:41Z,,full_train__subset1000__d16__ivon_parameter_sampling,selected|pass_at_10,completed,clean_ivon_direct_followup_260710,w1_cosine03_b768,12000,full_train,subset,1000,1000,1000,,0,,16,1,ivon_parameter_sampling,0,50000,768,0.005,2000,warmup_cosine_0p3,1,0.0001,1,0.9,10000000,0.1,0.999,0.0001,0.01,price,1,clip,0.5,normal,full,0,persistent,false,true,true,0.999,20.3,20.5,/data1/lsj9862/VR/ptrm_public_runs/clean_ivon_direct_followup_260710/evals/w1_cosine03_b768/step_12000/eval.json
2026-07-14T11:34:41Z,,full_train__subset1000__d16__ivon_parameter_sampling,selected|pass_at_10,completed,debugged_ivon_scratch_hp_260705,a_puzwd_0p01,10000,full_train,subset,1000,1000,1000,,0,,16,1,ivon_parameter_sampling,0,50000,128,0.0007,600,,1,0.0001,0.01,0.9,10000000,1,0.99,0.0001,0.2,price,0.275,clip,0.35,delayed_fixed_depth,delayed_token_only,2500,persistent,false,true,true,0.999,20.1,22.3,/data1/lsj9862/VR/ptrm_public_runs/debugged_ivon_scratch_hp_260705/evals/a_puzwd_0p01/step_10000/eval.json
2026-07-14T11:34:41Z,,full_train__subset1000__d16__ivon_parameter_sampling,selected|pass_at_10,completed,debugged_ivon_scratch_hp_260705,a_lrclip_08_c0p3_lr0p0007,10000,full_train,subset,1000,1000,1000,,0,,16,1,ivon_parameter_sampling,0,50000,128,0.0007,600,,1,0.0001,1,0.9,10000000,1,0.99,0.0001,0.3,price,0.275,clip,0.35,delayed_fixed_depth,delayed_token_only,2500,persistent,false,true,true,0.999,20,20.8,/data1/lsj9862/VR/ptrm_public_runs/debugged_ivon_scratch_hp_260705/evals/a_lrclip_08_c0p3_lr0p0007/step_10000/eval.json
2026-07-14T11:34:41Z,,full_train__subset1000__d16__ivon_parameter_sampling,selected|pass_at_10,completed,debugged_ivon_scratch_hp_260705,b_r1_clip_0p3,10000,full_train,subset,1000,1000,1000,,0,,16,1,ivon_parameter_sampling,0,50000,128,0.001,600,,1,0.0001,1,0.9,10000000,1,0.99,0.0001,0.3,price,0.5,clip,0.35,delayed_fixed_depth,delayed_token_only,2500,persistent,false,true,true,0.999,20,20.5,/data1/lsj9862/VR/ptrm_public_runs/debugged_ivon_scratch_hp_260705/evals/b_r1_clip_0p3/step_10000/eval.json
2026-07-14T11:34:41Z,,full_train__subset1000__d16__ivon_parameter_sampling,selected|pass_at_10,completed,ivon_goal_batch128_revival_260713,b128_w1000_q050,12000,full_train,subset,1000,1000,1000,,0,,16,1,ivon_parameter_sampling,0,50000,128,0.0007,1000,old_piece_20_30_385,1,0.0001,1,0.9,10000000,1,0.99,0.0001,0.2,price,0.275,clip,0.5,delayed_fixed_depth,delayed_token_only,2500,persistent,false,true,true,0.999,19.9,24.5,/data1/lsj9862/VR/ptrm_public_runs/ivon_goal_batch128_revival_260713/evals/b128_w1000_q050/step_12000/eval.json
2026-07-14T11:34:41Z,,full_train__subset1000__d16__ivon_parameter_sampling,selected|pass_at_10,completed,v19_lowlevel_coarse_fill_260702,v19_05_ivon_wd_high,50000,full_train,subset,1000,1000,1000,,0,128,16,1,ivon_parameter_sampling,0,50000,128,0.0007,600,,1,0.0001,1,0.9,10000000,1,0.99,0.0003,0.2,price,0.275,,0.35,delayed_fixed_depth,delayed_token_only,2500,persistent,false,true,true,0.999,19.8,22.4,/data1/lsj9862/VR/trm_sudoku_ivon_hpsearch_260619/source_server_autonomous_hp_260630/v19_lowlevel_coarse_fill_260702/eval_queue/v19_05_ivon_wd_high/raw_step_50000_k10d16_limit1000/output.json
2026-07-14T11:34:41Z,,full_train__subset1000__d16__ivon_parameter_sampling,selected|pass_at_10,completed,debugged_ivon_scratch_hp_260705,a_beta2_0p9,10000,full_train,subset,1000,1000,1000,,0,,16,1,ivon_parameter_sampling,0,50000,128,0.0007,600,,1,0.0001,1,0.9,10000000,1,0.9,0.0001,0.2,price,0.275,clip,0.35,delayed_fixed_depth,delayed_token_only,2500,persistent,false,true,true,0.999,19.8,22.1,/data1/lsj9862/VR/ptrm_public_runs/debugged_ivon_scratch_hp_260705/evals/a_beta2_0p9/step_10000/eval.json
2026-07-14T11:34:41Z,,full_train__subset1000__d16__ivon_parameter_sampling,selected|pass_at_10,completed,debugged_ivon_scratch_hp_260705,b_r1_lr_0p0007,10000,full_train,subset,1000,1000,1000,,0,,16,1,ivon_parameter_sampling,0,50000,128,0.0007,600,,1,0.0001,1,0.9,10000000,1,0.99,0.0001,0.2,price,0.5,clip,0.35,delayed_fixed_depth,delayed_token_only,2500,persistent,false,true,true,0.999,19.5,23.1,/data1/lsj9862/VR/ptrm_public_runs/debugged_ivon_scratch_hp_260705/evals/b_r1_lr_0p0007/step_10000/eval.json
2026-07-14T11:34:41Z,,full_train__subset1000__d16__ivon_parameter_sampling,selected|pass_at_10,completed,debugged_ivon_scratch_hp_260705,a_lrclip_07_c0p3_lr0p0005,10000,full_train,subset,1000,1000,1000,,0,,16,1,ivon_parameter_sampling,0,50000,128,0.0005,600,,1,0.0001,1,0.9,10000000,1,0.99,0.0001,0.3,price,0.275,clip,0.35,delayed_fixed_depth,delayed_token_only,2500,persistent,false,true,true,0.999,19,25.1,/data1/lsj9862/VR/ptrm_public_runs/debugged_ivon_scratch_hp_260705/evals/a_lrclip_07_c0p3_lr0p0005/step_10000/eval.json
2026-07-14T11:34:41Z,,full_train__subset1000__d16__ivon_parameter_sampling,selected|pass_at_10,completed,ivon_goal_batch128_revival_260713,b128_noise030_w1000,12000,full_train,subset,1000,1000,1000,,0,,16,1,ivon_parameter_sampling,0,50000,128,0.0007,1000,old_piece_20_30_385,1,0.0001,1,0.9,10000000,1,0.99,0.0001,0.2,price,0.3,clip,0.35,delayed_fixed_depth,delayed_token_only,2500,persistent,false,true,true,0.999,18.6,20.7,/data1/lsj9862/VR/ptrm_public_runs/ivon_goal_batch128_revival_260713/evals/b128_noise030_w1000/step_12000/eval.json
2026-07-14T11:34:41Z,,full_train__subset1000__d16__ivon_parameter_sampling,selected|pass_at_10,completed,debugged_ivon_scratch_hp_260705,a_hinit_0p1,10000,full_train,subset,1000,1000,1000,,0,,16,1,ivon_parameter_sampling,0,50000,128,0.0007,600,,1,0.0001,1,0.9,10000000,0.1,0.99,0.0001,0.2,price,0.275,clip,0.35,delayed_fixed_depth,delayed_token_only,2500,persistent,false,true,true,0.999,18.2,20,/data1/lsj9862/VR/ptrm_public_runs/debugged_ivon_scratch_hp_260705/evals/a_hinit_0p1/step_10000/eval.json
2026-07-14T11:34:41Z,,full_train__subset1000__d16__ivon_parameter_sampling,selected|pass_at_10,completed,debugged_ivon_scratch_hp_260705,b_r1_clip_0p1,10000,full_train,subset,1000,1000,1000,,0,,16,1,ivon_parameter_sampling,0,50000,128,0.001,600,,1,0.0001,1,0.9,10000000,1,0.99,0.0001,0.1,price,0.5,clip,0.35,delayed_fixed_depth,delayed_token_only,2500,persistent,false,true,true,0.999,18.2,20,/data1/lsj9862/VR/ptrm_public_runs/debugged_ivon_scratch_hp_260705/evals/b_r1_clip_0p1/step_10000/eval.json
2026-07-14T11:34:41Z,,full_train__subset1000__d16__ivon_parameter_sampling,selected|pass_at_10,completed,clean_ivon_lrclip_phase1_260711,p1_lr0p0035_c0p016,12000,full_train,subset,1000,1000,1000,,0,,16,1,ivon_parameter_sampling,0,50000,768,0.0035,2000,warmup_constant,1,0.0001,1,0.9,10000000,0.1,0.999,0.0001,0.016,price,1,clip,0.5,normal,full,0,persistent,false,true,true,0.999,18.2,18.5,/data1/lsj9862/VR/ptrm_public_runs/clean_ivon_lrclip_phase1_260711/evals/p1_lr0p0035_c0p016/step_12000/eval.json
2026-07-14T11:34:41Z,,full_train__subset1000__d16__ivon_parameter_sampling,selected|pass_at_10,completed,debugged_ivon_scratch_hp_260705,a_puzlr_3em05,10000,full_train,subset,1000,1000,1000,,0,,16,1,ivon_parameter_sampling,0,50000,128,0.0007,600,,1,3e-05,1,0.9,10000000,1,0.99,0.0001,0.2,price,0.275,clip,0.35,delayed_fixed_depth,delayed_token_only,2500,persistent,false,true,true,0.999,18.1,21.1,/data1/lsj9862/VR/ptrm_public_runs/debugged_ivon_scratch_hp_260705/evals/a_puzlr_3em05/step_10000/eval.json
2026-07-14T11:34:41Z,,full_train__subset1000__d16__ivon_parameter_sampling,selected|pass_at_10,completed,debugged_ivon_scratch_hp_260705,a_hinit_0p01,10000,full_train,subset,1000,1000,1000,,0,,16,1,ivon_parameter_sampling,0,50000,128,0.0007,600,,1,0.0001,1,0.9,10000000,0.01,0.99,0.0001,0.2,price,0.275,clip,0.35,delayed_fixed_depth,delayed_token_only,2500,persistent,false,true,true,0.999,17.9,23.1,/data1/lsj9862/VR/ptrm_public_runs/debugged_ivon_scratch_hp_260705/evals/a_hinit_0p01/step_10000/eval.json
2026-07-14T11:34:41Z,,full_train__subset1000__d16__ivon_parameter_sampling,selected|pass_at_10,completed,debugged_ivon_scratch_hp_260705,b_r3_lr_0p00049,10000,full_train,subset,1000,1000,1000,,0,,16,1,ivon_parameter_sampling,0,50000,128,0.00049,600,,1,0.0001,1,0.9,10000000,1,0.99,0.0001,0.2,price,0.275,clip,0.7,delayed_fixed_depth,delayed_token_only,2500,persistent,false,true,true,0.999,17.9,21.3,/data1/lsj9862/VR/ptrm_public_runs/debugged_ivon_scratch_hp_260705/evals/b_r3_lr_0p00049/step_10000/eval.json
2026-07-14T11:34:41Z,,full_train__subset1000__d16__ivon_parameter_sampling,selected|pass_at_10,completed,debugged_ivon_scratch_hp_260705,b_r1_delay_1000,10000,full_train,subset,1000,1000,1000,,0,,16,1,ivon_parameter_sampling,0,50000,128,0.001,600,,1,0.0001,1,0.9,10000000,1,0.99,0.0001,0.2,price,0.5,clip,0.35,delayed_fixed_depth,delayed_token_only,1000,persistent,false,true,true,0.999,17.9,19.9,/data1/lsj9862/VR/ptrm_public_runs/debugged_ivon_scratch_hp_260705/evals/b_r1_delay_1000/step_10000/eval.json
2026-07-14T11:34:41Z,,full_train__subset1000__d16__ivon_parameter_sampling,selected|pass_at_10,completed,debugged_ivon_scratch_hp_260705,b_r1_puzlr_0p0003,10000,full_train,subset,1000,1000,1000,,0,,16,1,ivon_parameter_sampling,0,50000,128,0.001,600,,1,0.0003,1,0.9,10000000,1,0.99,0.0001,0.2,price,0.5,clip,0.35,delayed_fixed_depth,delayed_token_only,2500,persistent,false,true,true,0.999,17.9,18.6,/data1/lsj9862/VR/ptrm_public_runs/debugged_ivon_scratch_hp_260705/evals/b_r1_puzlr_0p0003/step_10000/eval.json
2026-07-14T11:34:41Z,,full_train__subset1000__d16__ivon_parameter_sampling,selected|pass_at_10,completed,debugged_ivon_scratch_hp_260705,a_lrclip_13_c0p2_lr0p0015,10000,full_train,subset,1000,1000,1000,,0,,16,1,ivon_parameter_sampling,0,50000,128,0.0015,600,,1,0.0001,1,0.9,10000000,1,0.99,0.0001,0.2,price,0.275,clip,0.35,delayed_fixed_depth,delayed_token_only,2500,persistent,false,true,true,0.999,17.8,19.6,/data1/lsj9862/VR/ptrm_public_runs/debugged_ivon_scratch_hp_260705/evals/a_lrclip_13_c0p2_lr0p0015/step_10000/eval.json
2026-07-14T11:34:41Z,,full_train__subset1000__d16__ivon_parameter_sampling,selected|pass_at_10,completed,debugged_ivon_scratch_hp_260705,b_r1_delay_5000,10000,full_train,subset,1000,1000,1000,,0,,16,1,ivon_parameter_sampling,0,50000,128,0.001,600,,1,0.0001,1,0.9,10000000,1,0.99,0.0001,0.2,price,0.5,clip,0.35,delayed_fixed_depth,delayed_token_only,5000,persistent,false,true,true,0.999,17.8,18.6,/data1/lsj9862/VR/ptrm_public_runs/debugged_ivon_scratch_hp_260705/evals/b_r1_delay_5000/step_10000/eval.json
2026-07-14T11:34:41Z,,full_train__subset1000__d16__ivon_parameter_sampling,selected|pass_at_10,completed,ivon_goal_batch128_revival_260713,b128_w1000_q025,12000,full_train,subset,1000,1000,1000,,0,,16,1,ivon_parameter_sampling,0,50000,128,0.0007,1000,old_piece_20_30_385,1,0.0001,1,0.9,10000000,1,0.99,0.0001,0.2,price,0.275,clip,0.25,delayed_fixed_depth,delayed_token_only,2500,persistent,false,true,true,0.999,17.7,20.4,/data1/lsj9862/VR/ptrm_public_runs/ivon_goal_batch128_revival_260713/evals/b128_w1000_q025/step_12000/eval.json
2026-07-14T11:34:41Z,,full_train__subset1000__d16__ivon_parameter_sampling,selected|pass_at_10,completed,ivon_goal_search_260712,core_v6_n025_q030,12000,full_train,subset,1000,1000,1000,,0,,16,1,ivon_parameter_sampling,0,50000,768,0.0007,600,piece_v36v416,1,0.0001,1,0.9,10000000,1,0.99,0.0001,0.2,price,0.25,clip,0.3,delayed_fixed_depth,full,2500,persistent,false,true,true,0.999,17.5,49.4,/data1/lsj9862/VR/ptrm_public_runs/ivon_goal_search_260712/evals/core_v6_n025_q030/step_12000/eval.json
2026-07-14T11:34:41Z,,full_train__subset1000__d16__ivon_parameter_sampling,selected|pass_at_10,completed,debugged_ivon_scratch_hp_260705,b_r2_delay_5000,10000,full_train,subset,1000,1000,1000,,0,,16,1,ivon_parameter_sampling,0,50000,128,0.0007,600,,1,0.0001,1,0.9,10000000,0.01,0.99,0.0001,0.2,price,0.275,clip,0.35,delayed_fixed_depth,delayed_token_only,5000,persistent,false,true,true,0.999,17.4,20.2,/data1/lsj9862/VR/ptrm_public_runs/debugged_ivon_scratch_hp_260705/evals/b_r2_delay_5000/step_10000/eval.json
2026-07-14T11:34:41Z,,full_train__subset1000__d16__ivon_parameter_sampling,selected|pass_at_10,completed,debugged_ivon_scratch_hp_260705,b_r2_q_0p7,10000,full_train,subset,1000,1000,1000,,0,,16,1,ivon_parameter_sampling,0,50000,128,0.0007,600,,1,0.0001,1,0.9,10000000,0.01,0.99,0.0001,0.2,price,0.275,clip,0.7,delayed_fixed_depth,delayed_token_only,2500,persistent,false,true,true,0.999,17.4,18.8,/data1/lsj9862/VR/ptrm_public_runs/debugged_ivon_scratch_hp_260705/evals/b_r2_q_0p7/step_10000/eval.json
2026-07-14T11:34:41Z,,full_train__subset1000__d16__ivon_parameter_sampling,selected|pass_at_10,completed,clean_ivon_lrclip_phase1_260711,p1_lr0p0035_c0p020,12000,full_train,subset,1000,1000,1000,,0,,16,1,ivon_parameter_sampling,0,50000,768,0.0035,2000,warmup_constant,1,0.0001,1,0.9,10000000,0.1,0.999,0.0001,0.02,price,1,clip,0.5,normal,full,0,persistent,false,true,true,0.999,16.9,17,/data1/lsj9862/VR/ptrm_public_runs/clean_ivon_lrclip_phase1_260711/evals/p1_lr0p0035_c0p020/step_12000/eval.json
2026-07-14T11:34:41Z,,full_train__subset1000__d16__ivon_parameter_sampling,selected|pass_at_10,completed,debugged_ivon_scratch_hp_260705,a_combo_14,10000,full_train,subset,1000,1000,1000,,0,,16,1,ivon_parameter_sampling,0,50000,128,0.001,600,,1,0.0001,1,0.9,10000000,1,0.99,0.0001,0.2,price,0.5,clip,0.35,delayed_fixed_depth,delayed_token_only,2500,persistent,false,true,true,0.999,16.7,18.8,/data1/lsj9862/VR/ptrm_public_runs/debugged_ivon_scratch_hp_260705/evals/a_combo_14/step_10000/eval.json
2026-07-14T11:34:41Z,,full_train__subset1000__d16__ivon_parameter_sampling,selected|pass_at_10,completed,debugged_ivon_scratch_hp_260705,a_noise_0p75,10000,full_train,subset,1000,1000,1000,,0,,16,1,ivon_parameter_sampling,0,50000,128,0.0007,600,,1,0.0001,1,0.9,10000000,1,0.99,0.0001,0.2,price,0.75,clip,0.35,delayed_fixed_depth,delayed_token_only,2500,persistent,false,true,true,0.999,16.7,17.2,/data1/lsj9862/VR/ptrm_public_runs/debugged_ivon_scratch_hp_260705/evals/a_noise_0p75/step_10000/eval.json
2026-07-14T11:34:41Z,,full_train__subset1000__d16__ivon_parameter_sampling,selected|pass_at_10,completed,debugged_ivon_scratch_hp_260705,a_puzlr0p0003_delay1000,10000,full_train,subset,1000,1000,1000,,0,,16,1,ivon_parameter_sampling,0,50000,128,0.0007,600,,1,0.0003,1,0.9,10000000,1,0.99,0.0001,0.2,price,0.275,clip,0.35,delayed_fixed_depth,delayed_token_only,1000,persistent,false,true,true,0.999,16.5,19.6,/data1/lsj9862/VR/ptrm_public_runs/debugged_ivon_scratch_hp_260705/evals/a_puzlr0p0003_delay1000/step_10000/eval.json
2026-07-14T11:34:41Z,,full_train__subset1000__d16__ivon_parameter_sampling,selected|pass_at_10,completed,debugged_ivon_scratch_hp_260705,a_combo_11,10000,full_train,subset,1000,1000,1000,,0,,16,1,ivon_parameter_sampling,0,50000,128,0.001,600,,1,0.001,1,0.9,10000000,1,0.99,0.0001,0.1,price,0.275,clip,0.35,delayed_fixed_depth,delayed_token_only,1000,persistent,false,true,true,0.999,16.4,23.6,/data1/lsj9862/VR/ptrm_public_runs/debugged_ivon_scratch_hp_260705/evals/a_combo_11/step_10000/eval.json
2026-07-14T11:34:41Z,,full_train__subset1000__d16__ivon_parameter_sampling,selected|pass_at_10,completed,ivon_goal_search_260712,act_delay500,12000,full_train,subset,1000,1000,1000,,0,,16,1,ivon_parameter_sampling,0,50000,768,0.0007,600,piece_v36v416,1,0.0001,1,0.9,10000000,1,0.99,0.0001,0.2,price,0.25,clip,0.35,delayed_fixed_depth,full,500,persistent,false,true,true,0.999,16.2,42.9,/data1/lsj9862/VR/ptrm_public_runs/ivon_goal_search_260712/evals/act_delay500/step_12000/eval.json
2026-07-14T11:34:41Z,,full_train__subset1000__d16__ivon_parameter_sampling,selected|pass_at_10,completed,debugged_ivon_scratch_hp_260705,a_delay_0,10000,full_train,subset,1000,1000,1000,,0,,16,1,ivon_parameter_sampling,0,50000,128,0.0007,600,,1,0.0001,1,0.9,10000000,1,0.99,0.0001,0.2,price,0.275,clip,0.35,delayed_fixed_depth,delayed_token_only,0,persistent,false,true,true,0.999,16.2,18,/data1/lsj9862/VR/ptrm_public_runs/debugged_ivon_scratch_hp_260705/evals/a_delay_0/step_10000/eval.json
2026-07-14T11:34:41Z,,full_train__subset1000__d16__ivon_parameter_sampling,selected|pass_at_10,completed,debugged_ivon_scratch_hp_260705,a_puzwd_0p1,10000,full_train,subset,1000,1000,1000,,0,,16,1,ivon_parameter_sampling,0,50000,128,0.0007,600,,1,0.0001,0.1,0.9,10000000,1,0.99,0.0001,0.2,price,0.275,clip,0.35,delayed_fixed_depth,delayed_token_only,2500,persistent,false,true,true,0.999,15.7,17.4,/data1/lsj9862/VR/ptrm_public_runs/debugged_ivon_scratch_hp_260705/evals/a_puzwd_0p1/step_10000/eval.json
2026-07-14T11:34:41Z,,full_train__subset1000__d16__ivon_parameter_sampling,selected|pass_at_10,completed,debugged_ivon_scratch_hp_260705,b_r2_q_0p1,10000,full_train,subset,1000,1000,1000,,0,,16,1,ivon_parameter_sampling,0,50000,128,0.0007,600,,1,0.0001,1,0.9,10000000,0.01,0.99,0.0001,0.2,price,0.275,clip,0.1,delayed_fixed_depth,delayed_token_only,2500,persistent,false,true,true,0.999,15.4,21.7,/data1/lsj9862/VR/ptrm_public_runs/debugged_ivon_scratch_hp_260705/evals/b_r2_q_0p1/step_10000/eval.json
2026-07-14T11:34:41Z,,full_train__subset1000__d16__ivon_parameter_sampling,selected|pass_at_10,completed,debugged_ivon_scratch_hp_260705,a_noise_1,10000,full_train,subset,1000,1000,1000,,0,,16,1,ivon_parameter_sampling,0,50000,128,0.0007,600,,1,0.0001,1,0.9,10000000,1,0.99,0.0001,0.2,price,1,clip,0.35,delayed_fixed_depth,delayed_token_only,2500,persistent,false,true,true,0.999,15.3,16.6,/data1/lsj9862/VR/ptrm_public_runs/debugged_ivon_scratch_hp_260705/evals/a_noise_1/step_10000/eval.json
2026-07-14T11:34:41Z,,full_train__subset1000__d16__ivon_parameter_sampling,selected|pass_at_10,completed,debugged_ivon_scratch_hp_260705,b_r2_delay_1000,10000,full_train,subset,1000,1000,1000,,0,,16,1,ivon_parameter_sampling,0,50000,128,0.0007,600,,1,0.0001,1,0.9,10000000,0.01,0.99,0.0001,0.2,price,0.275,clip,0.35,delayed_fixed_depth,delayed_token_only,1000,persistent,false,true,true,0.999,15,23.2,/data1/lsj9862/VR/ptrm_public_runs/debugged_ivon_scratch_hp_260705/evals/b_r2_delay_1000/step_10000/eval.json
2026-07-14T11:34:41Z,,full_train__subset1000__d16__ivon_parameter_sampling,selected|pass_at_10,completed,clean_ivon_lrclip_phase1_260711,p1_lr0p004_c0p012,12000,full_train,subset,1000,1000,1000,,0,,16,1,ivon_parameter_sampling,0,50000,768,0.004,2000,warmup_constant,1,0.0001,1,0.9,10000000,0.1,0.999,0.0001,0.012,price,1,clip,0.5,normal,full,0,persistent,false,true,true,0.999,14.9,14.9,/data1/lsj9862/VR/ptrm_public_runs/clean_ivon_lrclip_phase1_260711/evals/p1_lr0p004_c0p012/step_12000/eval.json
2026-07-14T11:34:41Z,,full_train__subset1000__d16__ivon_parameter_sampling,selected|pass_at_10,completed,debugged_ivon_scratch_hp_260705,b_r2_lr_0p00091,10000,full_train,subset,1000,1000,1000,,0,,16,1,ivon_parameter_sampling,0,50000,128,0.00091,600,,1,0.0001,1,0.9,10000000,0.01,0.99,0.0001,0.2,price,0.275,clip,0.35,delayed_fixed_depth,delayed_token_only,2500,persistent,false,true,true,0.999,13.9,17,/data1/lsj9862/VR/ptrm_public_runs/debugged_ivon_scratch_hp_260705/evals/b_r2_lr_0p00091/step_10000/eval.json
2026-07-14T11:34:41Z,,full_train__subset1000__d16__ivon_parameter_sampling,selected|pass_at_10,completed,clean_ivon_direct_followup_260710,w1_lr0p005_clip0p006_b768,12000,full_train,subset,1000,1000,1000,,0,,16,1,ivon_parameter_sampling,0,50000,768,0.005,2000,warmup_constant,1,0.0001,1,0.9,10000000,0.1,0.999,0.0001,0.006,price,1,clip,0.5,normal,full,0,persistent,false,true,true,0.999,13.9,15.9,/data1/lsj9862/VR/ptrm_public_runs/clean_ivon_direct_followup_260710/evals/w1_lr0p005_clip0p006_b768/step_12000/eval.json
2026-07-14T11:34:41Z,,full_train__subset1000__d16__ivon_parameter_sampling,selected|pass_at_10,completed,debugged_ivon_scratch_hp_260705,b_r3_puzlr_0p0003,10000,full_train,subset,1000,1000,1000,,0,,16,1,ivon_parameter_sampling,0,50000,128,0.0007,600,,1,0.0003,1,0.9,10000000,1,0.99,0.0001,0.2,price,0.275,clip,0.7,delayed_fixed_depth,delayed_token_only,2500,persistent,false,true,true,0.999,13.8,14.1,/data1/lsj9862/VR/ptrm_public_runs/debugged_ivon_scratch_hp_260705/evals/b_r3_puzlr_0p0003/step_10000/eval.json
2026-07-14T11:34:41Z,,full_train__subset1000__d16__ivon_parameter_sampling,selected,completed,v4_20_lownoise_formation,v4_20_006_keepopt_cos01_q045_n005_pz1,38000,full_train,subset,1000,1000,1000,,0,128,16,1,ivon_parameter_sampling,0,40000,128,7e-05,600,cosine_min0p1,1,1e-05,1,0.9,10000000,1,0.99,0.0001,0.3,price,0.05,,0.45,delayed_fixed_depth,full,2500,persistent,false,true,true,0.9995,13.1,37.8,/data1/lsj9862/VR/trm_sudoku_ivon_hpsearch_260619/v4_20_lownoise_formation_260626/quick_eval_limit1000_k10_d16/v4_20q_080_raw_v4_20_006_keepopt_cos01_q045_n005_pz1_step38000/output.json
2026-07-14T11:34:41Z,,full_train__subset1000__d16__ivon_parameter_sampling,selected|pass_at_10,completed,clean_ivon_direct_followup_260710,w1_batch128,12000,full_train,subset,1000,1000,1000,,0,,16,1,ivon_parameter_sampling,0,50000,128,0.005,2000,warmup_constant,1,0.0001,1,0.9,10000000,0.1,0.999,0.0001,0.01,price,1,clip,0.5,normal,full,0,persistent,false,true,true,0.999,12.8,13.7,/data1/lsj9862/VR/ptrm_public_runs/clean_ivon_direct_followup_260710/evals/w1_batch128/step_12000/eval.json
2026-07-14T11:34:41Z,,full_train__subset1000__d16__ivon_parameter_sampling,selected|pass_at_10,completed,debugged_ivon_scratch_hp_260705,b_r1_puzlr_3p33333em05,10000,full_train,subset,1000,1000,1000,,0,,16,1,ivon_parameter_sampling,0,50000,128,0.001,600,,1,3.33333333333e-05,1,0.9,10000000,1,0.99,0.0001,0.2,price,0.5,clip,0.35,delayed_fixed_depth,delayed_token_only,2500,persistent,false,true,true,0.999,12.6,14.9,/data1/lsj9862/VR/ptrm_public_runs/debugged_ivon_scratch_hp_260705/evals/b_r1_puzlr_3p33333em05/step_10000/eval.json
2026-07-14T11:34:41Z,,full_train__subset1000__d16__ivon_parameter_sampling,selected|pass_at_10,completed,clean_ivon_direct_hp_260706,a_curv_07_ess1e+08_h1_b0p99,30000,full_train,subset,1000,1000,1000,,0,,16,1,ivon_parameter_sampling,0,50000,768,0.0003,2000,warmup_constant,1,0.0001,1,0.9,100000000,1,0.99,0.0001,0.1,price,1,clip,0.5,normal,full,0,persistent,false,true,true,0.999,12.5,12.7,/data1/lsj9862/VR/ptrm_public_runs/clean_ivon_direct_hp_260706/evals/a_curv_07_ess1e+08_h1_b0p99/step_30000/eval.json
2026-07-14T11:34:41Z,,full_train__subset1000__d16__ivon_parameter_sampling,pass_at_10,completed,v4_20_lownoise_formation,v4_20_006_keepopt_cos01_q045_n005_pz1,32000,full_train,subset,1000,1000,1000,,0,128,16,1,ivon_parameter_sampling,0,40000,128,7e-05,600,cosine_min0p1,1,1e-05,1,0.9,10000000,1,0.99,0.0001,0.3,price,0.05,,0.45,delayed_fixed_depth,full,2500,persistent,false,true,true,0.9995,12.3,40.8,/data1/lsj9862/VR/trm_sudoku_ivon_hpsearch_260619/v4_20_lownoise_formation_260626/quick_eval_limit1000_k10_d16/v4_20q_075_ema_v4_20_006_keepopt_cos01_q045_n005_pz1_step32000/output.json
2026-07-14T11:34:41Z,,full_train__subset1000__d16__ivon_parameter_sampling,selected|pass_at_10,completed,v20_small_clip_large_lr_260703,v20_01_bridge_clip0p03_lr15e4,30000,full_train,subset,1000,1000,1000,,0,128,16,1,ivon_parameter_sampling,0,50000,128,0.0015,600,,1,0.000214285714286,1,0.9,10000000,1,0.99,0.0001,0.03,price,0.275,,0.35,delayed_fixed_depth,delayed_token_only,2500,persistent,false,true,true,0.999,12.2,34,/data1/lsj9862/VR/trm_sudoku_ivon_hpsearch_260619/source_server_autonomous_hp_260630/v20_small_clip_large_lr_260703/eval_queue/v20_01_bridge_clip0p03_lr15e4/raw_step_30000_k10d16_limit1000/output.json
2026-07-14T11:34:41Z,,full_train__subset1000__d16__ivon_parameter_sampling,selected|pass_at_10,completed,ivon_goal_batch128_smallclip_sidecar_260713,b128_sc_lr0p004_c0p016_w1000,12000,full_train,subset,1000,1000,1000,,0,,16,1,ivon_parameter_sampling,0,50000,128,0.004,1000,old_piece_20_30_385,1,0.0001,1,0.9,10000000,1,0.99,0.0001,0.016,price,0.275,clip,0.35,delayed_fixed_depth,delayed_token_only,2500,persistent,false,true,true,0.999,11.6,19.8,/data1/lsj9862/VR/ptrm_public_runs/ivon_goal_batch128_smallclip_sidecar_260713/evals/b128_sc_lr0p004_c0p016_w1000/step_12000/eval.json
2026-07-14T11:34:41Z,,full_train__subset1000__d16__ivon_parameter_sampling,selected|pass_at_10,completed,ivon_goal_batch128_revival_260713,b128_w1000_puz1e5,12000,full_train,subset,1000,1000,1000,,0,,16,1,ivon_parameter_sampling,0,50000,128,0.0007,1000,old_piece_20_30_385,1,1e-05,1,0.9,10000000,1,0.99,0.0001,0.2,price,0.275,clip,0.35,delayed_fixed_depth,delayed_token_only,2500,persistent,false,true,true,0.999,11,11.6,/data1/lsj9862/VR/ptrm_public_runs/ivon_goal_batch128_revival_260713/evals/b128_w1000_puz1e5/step_12000/eval.json
2026-07-14T11:34:41Z,,full_train__subset1000__d16__ivon_parameter_sampling,selected|pass_at_10,completed,clean_ivon_direct_followup_260710,w1_lr0p006_clip0p006_b768,12000,full_train,subset,1000,1000,1000,,0,,16,1,ivon_parameter_sampling,0,50000,768,0.006,2000,warmup_constant,1,0.0001,1,0.9,10000000,0.1,0.999,0.0001,0.006,price,1,clip,0.5,normal,full,0,persistent,false,true,true,0.999,11,11.3,/data1/lsj9862/VR/ptrm_public_runs/clean_ivon_direct_followup_260710/evals/w1_lr0p006_clip0p006_b768/step_12000/eval.json
2026-07-14T11:34:41Z,,full_train__subset1000__d16__ivon_parameter_sampling,selected|pass_at_10,completed,v7_clean50k_posterior_quality_gen00,v7g00_005_r5_q030_n0275_ess5e6_b99_piece_v36v416_lr0p0007_q0p3_n0p275_clip0p2_delayed_fixed_depth_full,45000,full_train,subset,1000,1000,1000,,0,128,16,1,ivon_parameter_sampling,0,50000,768,0.0007,600,piece_v36v416,1,0.0001,1,0.9,5000000,1,0.99,0.0001,0.2,price,0.275,,0.3,delayed_fixed_depth,full,2500,persistent,false,true,true,0.999,10.7,14.7,/data1/lsj9862/VR/trm_sudoku_ivon_hpsearch_260619/v7_clean50k_posterior_quality_260629/gen00_clean50k/quick_eval_limit1000_k10_d16/v7q_016_raw_v7g00_005_r5_q030_n0275_ess5e6_b99_piece_v36v416_lr0p0007_q0p3_n0p275_clip0p2_delayed_fixed_depth_full_step45000/output.json
2026-07-14T11:34:41Z,,full_train__subset1000__d16__ivon_parameter_sampling,selected|pass_at_10,completed,debugged_ivon_scratch_hp_260705,b_r2_lr_0p00049,10000,full_train,subset,1000,1000,1000,,0,,16,1,ivon_parameter_sampling,0,50000,128,0.00049,600,,1,0.0001,1,0.9,10000000,0.01,0.99,0.0001,0.2,price,0.275,clip,0.35,delayed_fixed_depth,delayed_token_only,2500,persistent,false,true,true,0.999,10.1,15.8,/data1/lsj9862/VR/ptrm_public_runs/debugged_ivon_scratch_hp_260705/evals/b_r2_lr_0p00049/step_10000/eval.json
2026-07-14T11:34:41Z,,full_train__subset1000__d16__ivon_parameter_sampling,selected|pass_at_10,completed,debugged_ivon_scratch_hp_260705,b_r2_clip_0p3,10000,full_train,subset,1000,1000,1000,,0,,16,1,ivon_parameter_sampling,0,50000,128,0.0007,600,,1,0.0001,1,0.9,10000000,0.01,0.99,0.0001,0.3,price,0.275,clip,0.35,delayed_fixed_depth,delayed_token_only,2500,persistent,false,true,true,0.999,10.1,11.9,/data1/lsj9862/VR/ptrm_public_runs/debugged_ivon_scratch_hp_260705/evals/b_r2_clip_0p3/step_10000/eval.json
2026-07-14T11:34:41Z,,full_train__subset1000__d16__ivon_parameter_sampling,selected|pass_at_10,completed,v15_exact_lowlevel_hp_260702,v15_00_v10_control,5000,full_train,subset,1000,1000,1000,,0,,16,1,ivon_parameter_sampling,0,50000,128,0.0007,600,,1,0.0001,1,0.9,10000000,1,0.99,0.0001,0.2,price,0.275,,0.35,delayed_fixed_depth,delayed_token_only,2500,persistent,false,true,true,0.999,10.1,11.8,/data1/lsj9862/VR/ptrm_public_runs/fixed_depth_embedding_fix_260705/evals/old_v15_00_step5000_limit1000_k10d16/eval.json
2026-07-14T11:34:41Z,,full_train__subset1000__d16__ivon_parameter_sampling,selected|pass_at_10,completed,debugged_ivon_scratch_hp_260705,a_lrclip_06_c1_lr0p001,10000,full_train,subset,1000,1000,1000,,0,,16,1,ivon_parameter_sampling,0,50000,128,0.001,600,,1,0.0001,1,0.9,10000000,1,0.99,0.0001,1,price,0.275,clip,0.35,delayed_fixed_depth,delayed_token_only,2500,persistent,false,true,true,0.999,10,10.2,/data1/lsj9862/VR/ptrm_public_runs/debugged_ivon_scratch_hp_260705/evals/a_lrclip_06_c1_lr0p001/step_10000/eval.json
2026-07-14T11:34:41Z,,full_train__subset1000__d16__ivon_parameter_sampling,selected|pass_at_10,completed,clean_ivon_lrclip_phase1_260711,p1_lr0p004_c0p016_noise0p5,12000,full_train,subset,1000,1000,1000,,0,,16,1,ivon_parameter_sampling,0,50000,768,0.004,2000,warmup_constant,1,0.0001,1,0.9,10000000,0.1,0.999,0.0001,0.016,price,0.5,clip,0.5,normal,full,0,persistent,false,true,true,0.999,9.9,16,/data1/lsj9862/VR/ptrm_public_runs/clean_ivon_lrclip_phase1_260711/evals/p1_lr0p004_c0p016_noise0p5/step_12000/eval.json
2026-07-14T11:34:41Z,,full_train__subset1000__d16__ivon_parameter_sampling,selected,completed,v4_20_lownoise_formation,v4_20_001_keepopt_cos01_q035_n005_pz1,32000,full_train,subset,1000,1000,1000,,0,128,16,1,ivon_parameter_sampling,0,40000,128,7e-05,600,cosine_min0p1,1,1e-05,1,0.9,10000000,1,0.99,0.0001,0.3,price,0.05,,0.35,delayed_fixed_depth,full,2500,persistent,false,true,true,0.9995,9.6,24.2,/data1/lsj9862/VR/trm_sudoku_ivon_hpsearch_260619/v4_20_lownoise_formation_260626/quick_eval_limit1000_k10_d16/v4_20q_014_raw_v4_20_001_keepopt_cos01_q035_n005_pz1_step32000/output.json
2026-07-14T11:34:41Z,,full_train__subset1000__d16__ivon_parameter_sampling,pass_at_10,completed,v4_20_lownoise_formation,v4_20_001_keepopt_cos01_q035_n005_pz1,32000,full_train,subset,1000,1000,1000,,0,128,16,1,ivon_parameter_sampling,0,40000,128,7e-05,600,cosine_min0p1,1,1e-05,1,0.9,10000000,1,0.99,0.0001,0.3,price,0.05,,0.35,delayed_fixed_depth,full,2500,persistent,false,true,true,0.9995,9.4,26.6,/data1/lsj9862/VR/trm_sudoku_ivon_hpsearch_260619/v4_20_lownoise_formation_260626/quick_eval_limit1000_k10_d16/v4_20q_015_ema_v4_20_001_keepopt_cos01_q035_n005_pz1_step32000/output.json
2026-07-14T11:34:41Z,,full_train__subset1000__d16__ivon_parameter_sampling,selected|pass_at_10,completed,v4_20_lownoise_formation,v4_20_004_keepopt_const_q035_n005_pz1,36000,full_train,subset,1000,1000,1000,,0,128,16,1,ivon_parameter_sampling,0,40000,128,7e-05,600,constant,1,1e-05,1,0.9,10000000,1,0.99,0.0001,0.3,price,0.05,,0.35,delayed_fixed_depth,full,2500,persistent,false,true,true,0.9995,8.8,37.7,/data1/lsj9862/VR/trm_sudoku_ivon_hpsearch_260619/v4_20_lownoise_formation_260626/quick_eval_limit1000_k10_d16/v4_20q_055_ema_v4_20_004_keepopt_const_q035_n005_pz1_step36000/output.json
2026-07-14T11:34:41Z,,full_train__subset1000__d16__ivon_parameter_sampling,selected|pass_at_10,completed,debugged_ivon_scratch_hp_260705,a_noise_0p5,5000,full_train,subset,1000,1000,1000,,0,,16,1,ivon_parameter_sampling,0,50000,128,0.0007,600,,1,0.0001,1,0.9,10000000,1,0.99,0.0001,0.2,price,0.5,clip,0.35,delayed_fixed_depth,delayed_token_only,2500,persistent,false,true,true,0.999,8.6,11.1,/data1/lsj9862/VR/ptrm_public_runs/debugged_ivon_scratch_hp_260705/evals/a_noise_0p5/step_5000/eval.json
2026-07-14T11:34:41Z,,full_train__subset1000__d16__ivon_parameter_sampling,selected|pass_at_10,completed,ptrm_ivon_scratch_best,scratch_v10_control_fix_5k_seed0,5000,full_train,subset,1000,1000,1000,,0,,16,1,ivon_parameter_sampling,0,50000,128,0.0007,600,,1,0.0001,1,0.9,10000000,1,0.99,0.0001,0.2,price,0.275,clip,0.35,delayed_fixed_depth,delayed_token_only,2500,persistent,false,true,true,0.999,8.5,11.1,/data1/lsj9862/VR/ptrm_public_runs/fixed_depth_embedding_fix_260705/evals/new_fix_step5000_limit1000_k10d16/eval.json
2026-07-14T11:34:41Z,,full_train__subset1000__d16__ivon_parameter_sampling,selected|pass_at_10,completed,debugged_ivon_scratch_hp_260705,b_r2_clip_0p1,10000,full_train,subset,1000,1000,1000,,0,,16,1,ivon_parameter_sampling,0,50000,128,0.0007,600,,1,0.0001,1,0.9,10000000,0.01,0.99,0.0001,0.1,price,0.275,clip,0.35,delayed_fixed_depth,delayed_token_only,2500,persistent,false,true,true,0.999,8,21.1,/data1/lsj9862/VR/ptrm_public_runs/debugged_ivon_scratch_hp_260705/evals/b_r2_clip_0p1/step_10000/eval.json
2026-07-14T11:34:41Z,,full_train__subset1000__d16__ivon_parameter_sampling,selected|pass_at_10,completed,ivon_goal_batch128_smallclip_sidecar_260713,b128_sc_lr0p006_c0p010_w1000,12000,full_train,subset,1000,1000,1000,,0,,16,1,ivon_parameter_sampling,0,50000,128,0.006,1000,old_piece_20_30_385,1,0.0001,1,0.9,10000000,1,0.99,0.0001,0.01,price,0.275,clip,0.35,delayed_fixed_depth,delayed_token_only,2500,persistent,false,true,true,0.999,7,21,/data1/lsj9862/VR/ptrm_public_runs/ivon_goal_batch128_smallclip_sidecar_260713/evals/b128_sc_lr0p006_c0p010_w1000/step_12000/eval.json
2026-07-14T11:34:41Z,,full_train__subset1000__d16__ivon_parameter_sampling,selected|pass_at_10,completed,v4_20_lownoise_formation,v4_20_007_keepopt_cos01_q035_n005_pz05,34000,full_train,subset,1000,1000,1000,,0,128,16,1,ivon_parameter_sampling,0,40000,128,7e-05,600,cosine_min0p1,1,5e-06,1,0.9,10000000,1,0.99,0.0001,0.3,price,0.05,,0.35,delayed_fixed_depth,full,2500,persistent,false,true,true,0.9995,5.9,18.8,/data1/lsj9862/VR/trm_sudoku_ivon_hpsearch_260619/v4_20_lownoise_formation_260626/quick_eval_limit1000_k10_d16/v4_20q_089_ema_v4_20_007_keepopt_cos01_q035_n005_pz05_step34000/output.json
2026-07-14T11:34:41Z,,full_train__subset1000__d16__ivon_parameter_sampling,selected|pass_at_10,completed,ivon_goal_search_260712,lr05e3_clip02,12000,full_train,subset,1000,1000,1000,,0,,16,1,ivon_parameter_sampling,0,50000,768,0.0005,600,piece_v36v416,1,0.0001,1,0.9,10000000,1,0.99,0.0001,0.2,price,0.25,clip,0.35,delayed_fixed_depth,full,2500,persistent,false,true,true,0.999,5.7,23.4,/data1/lsj9862/VR/ptrm_public_runs/ivon_goal_search_260712/evals/lr05e3_clip02/step_12000/eval.json
2026-07-14T11:34:41Z,,full_train__subset1000__d16__ivon_parameter_sampling,selected|pass_at_10,completed,debugged_ivon_scratch_hp_260705,b_r2_puzlr_3p33333em05,10000,full_train,subset,1000,1000,1000,,0,,16,1,ivon_parameter_sampling,0,50000,128,0.0007,600,,1,3.33333333333e-05,1,0.9,10000000,0.01,0.99,0.0001,0.2,price,0.275,clip,0.35,delayed_fixed_depth,delayed_token_only,2500,persistent,false,true,true,0.999,5.7,6.4,/data1/lsj9862/VR/ptrm_public_runs/debugged_ivon_scratch_hp_260705/evals/b_r2_puzlr_3p33333em05/step_10000/eval.json
2026-07-14T11:34:41Z,,full_train__subset1000__d16__ivon_parameter_sampling,selected|pass_at_10,completed,debugged_ivon_scratch_hp_260705,a_delay_1000,5000,full_train,subset,1000,1000,1000,,0,,16,1,ivon_parameter_sampling,0,50000,128,0.0007,600,,1,0.0001,1,0.9,10000000,1,0.99,0.0001,0.2,price,0.275,clip,0.35,delayed_fixed_depth,delayed_token_only,1000,persistent,false,true,true,0.999,5.7,6.3,/data1/lsj9862/VR/ptrm_public_runs/debugged_ivon_scratch_hp_260705/evals/a_delay_1000/step_5000/eval.json
2026-07-14T11:34:41Z,,full_train__subset1000__d16__ivon_parameter_sampling,selected|pass_at_10,completed,v19_lowlevel_coarse_fill_260702,v19_06_posterior_wide,50000,full_train,subset,1000,1000,1000,,0,128,16,1,ivon_parameter_sampling,0,50000,128,0.0007,600,,1,0.0001,1,0.9,5000000,0.5,0.99,0.0001,0.3,price,0.275,,0.35,delayed_fixed_depth,delayed_token_only,2500,persistent,false,true,true,0.999,5.2,21.2,/data1/lsj9862/VR/trm_sudoku_ivon_hpsearch_260619/source_server_autonomous_hp_260630/v19_lowlevel_coarse_fill_260702/eval_queue/v19_06_posterior_wide/raw_step_50000_k10d16_limit1000/output.json
2026-07-14T11:34:41Z,,full_train__subset1000__d16__ivon_parameter_sampling,selected|pass_at_10,completed,clean_ivon_direct_followup_260710,w1_batch384,12000,full_train,subset,1000,1000,1000,,0,,16,1,ivon_parameter_sampling,0,50000,384,0.005,2000,warmup_constant,1,0.0001,1,0.9,10000000,0.1,0.999,0.0001,0.01,price,1,clip,0.5,normal,full,0,persistent,false,true,true,0.999,5.2,5.2,/data1/lsj9862/VR/ptrm_public_runs/clean_ivon_direct_followup_260710/evals/w1_batch384/step_12000/eval.json
2026-07-14T11:34:41Z,,full_train__subset1000__d16__ivon_parameter_sampling,selected|pass_at_10,completed,ivon_goal_search_260712,core_v6_beta0999,12000,full_train,subset,1000,1000,1000,,0,,16,1,ivon_parameter_sampling,0,50000,768,0.0007,600,piece_v36v416,1,0.0001,1,0.9,10000000,1,0.999,0.0001,0.2,price,0.25,clip,0.35,delayed_fixed_depth,full,2500,persistent,false,true,true,0.999,4.6,10.5,/data1/lsj9862/VR/ptrm_public_runs/ivon_goal_search_260712/evals/core_v6_beta0999/step_12000/eval.json
2026-07-14T11:34:41Z,,full_train__subset1000__d16__ivon_parameter_sampling,selected,completed,v4_20_lownoise_formation,v4_20_005_keepopt_cos01_q025_n005_pz1,40000,full_train,subset,1000,1000,1000,,0,128,16,1,ivon_parameter_sampling,0,40000,128,7e-05,600,cosine_min0p1,1,1e-05,1,0.9,10000000,1,0.99,0.0001,0.3,price,0.05,,0.25,delayed_fixed_depth,full,2500,persistent,false,true,true,0.9995,4.5,12.6,/data1/lsj9862/VR/trm_sudoku_ivon_hpsearch_260619/v4_20_lownoise_formation_260626/quick_eval_limit1000_k10_d16/v4_20q_071_ema_v4_20_005_keepopt_cos01_q025_n005_pz1_step40000/output.json
2026-07-14T11:34:41Z,,full_train__subset1000__d16__ivon_parameter_sampling,pass_at_10,completed,v4_20_lownoise_formation,v4_20_005_keepopt_cos01_q025_n005_pz1,40000,full_train,subset,1000,1000,1000,,0,128,16,1,ivon_parameter_sampling,0,40000,128,7e-05,600,cosine_min0p1,1,1e-05,1,0.9,10000000,1,0.99,0.0001,0.3,price,0.05,,0.25,delayed_fixed_depth,full,2500,persistent,false,true,true,0.9995,4.2,12.8,/data1/lsj9862/VR/trm_sudoku_ivon_hpsearch_260619/v4_20_lownoise_formation_260626/quick_eval_limit1000_k10_d16/v4_20q_070_raw_v4_20_005_keepopt_cos01_q025_n005_pz1_step40000/output.json
2026-07-14T11:34:41Z,,full_train__subset1000__d16__ivon_parameter_sampling,selected|pass_at_10,completed,debugged_ivon_scratch_hp_260705,a_qloss_1,5000,full_train,subset,1000,1000,1000,,0,,16,1,ivon_parameter_sampling,0,50000,128,0.0007,600,,1,0.0001,1,0.9,10000000,1,0.99,0.0001,0.2,price,0.275,clip,1,delayed_fixed_depth,delayed_token_only,2500,persistent,false,true,true,0.999,4,4,/data1/lsj9862/VR/ptrm_public_runs/debugged_ivon_scratch_hp_260705/evals/a_qloss_1/step_5000/eval.json
2026-07-14T11:34:41Z,,full_train__subset1000__d16__ivon_parameter_sampling,selected|pass_at_10,completed,debugged_ivon_scratch_hp_260705,a_warmup_100,5000,full_train,subset,1000,1000,1000,,0,,16,1,ivon_parameter_sampling,0,50000,128,0.0007,100,,1,0.0001,1,0.9,10000000,1,0.99,0.0001,0.2,price,0.275,clip,0.35,delayed_fixed_depth,delayed_token_only,2500,persistent,false,true,true,0.999,3.4,4,/data1/lsj9862/VR/ptrm_public_runs/debugged_ivon_scratch_hp_260705/evals/a_warmup_100/step_5000/eval.json
2026-07-14T11:34:41Z,,full_train__subset1000__d16__ivon_parameter_sampling,selected|pass_at_10,completed,debugged_ivon_scratch_hp_260705,a_ess_1e+08,5000,full_train,subset,1000,1000,1000,,0,,16,1,ivon_parameter_sampling,0,50000,128,0.0007,600,,1,0.0001,1,0.9,100000000,1,0.99,0.0001,0.2,price,0.275,clip,0.35,delayed_fixed_depth,delayed_token_only,2500,persistent,false,true,true,0.999,3.4,3.6,/data1/lsj9862/VR/ptrm_public_runs/debugged_ivon_scratch_hp_260705/evals/a_ess_1e+08/step_5000/eval.json
2026-07-14T11:34:41Z,,full_train__subset1000__d16__ivon_parameter_sampling,selected,completed,v4_8_posterior_optimizer_axis,v4_8_008_ess5e6,36500,full_train,subset,1000,1000,1000,,0,128,16,1,ivon_parameter_sampling,0,37000,128,3.85e-05,600,cosine_min0p1,1,5.5e-06,1,0.9,5000000,1,0.99,0.0001,0.2,price,0.2,,0.35,delayed_fixed_depth,full,2500,persistent,false,true,true,0.9995,3.3,10.5,/data1/lsj9862/VR/trm_sudoku_ivon_hpsearch_260619/v4_8_posterior_optimizer_axis_260626/quick_eval_limit1000_k10_d16/v4_8q_049_ema_v4_8_008_ess5e6_step36500/output.json
2026-07-14T11:34:41Z,,full_train__subset1000__d16__ivon_parameter_sampling,selected|pass_at_10,completed,debugged_ivon_scratch_hp_260705,a_ess_3e+07,5000,full_train,subset,1000,1000,1000,,0,,16,1,ivon_parameter_sampling,0,50000,128,0.0007,600,,1,0.0001,1,0.9,30000000,1,0.99,0.0001,0.2,price,0.275,clip,0.35,delayed_fixed_depth,delayed_token_only,2500,persistent,false,true,true,0.999,3.3,3.6,/data1/lsj9862/VR/ptrm_public_runs/debugged_ivon_scratch_hp_260705/evals/a_ess_3e+07/step_5000/eval.json
2026-07-14T11:34:41Z,,full_train__subset1000__d16__ivon_parameter_sampling,selected|pass_at_10,completed,debugged_ivon_scratch_hp_260705,a_puzwd_3,5000,full_train,subset,1000,1000,1000,,0,,16,1,ivon_parameter_sampling,0,50000,128,0.0007,600,,1,0.0001,3,0.9,10000000,1,0.99,0.0001,0.2,price,0.275,clip,0.35,delayed_fixed_depth,delayed_token_only,2500,persistent,false,true,true,0.999,3.2,3.4,/data1/lsj9862/VR/ptrm_public_runs/debugged_ivon_scratch_hp_260705/evals/a_puzwd_3/step_5000/eval.json
2026-07-14T11:34:41Z,,full_train__subset1000__d16__ivon_parameter_sampling,selected|pass_at_10,completed,debugged_ivon_scratch_hp_260705,a_warmup_2000,5000,full_train,subset,1000,1000,1000,,0,,16,1,ivon_parameter_sampling,0,50000,128,0.0007,2000,,1,0.0001,1,0.9,10000000,1,0.99,0.0001,0.2,price,0.275,clip,0.35,delayed_fixed_depth,delayed_token_only,2500,persistent,false,true,true,0.999,3,3.3,/data1/lsj9862/VR/ptrm_public_runs/debugged_ivon_scratch_hp_260705/evals/a_warmup_2000/step_5000/eval.json
2026-07-14T11:34:41Z,,full_train__subset1000__d16__ivon_parameter_sampling,selected|pass_at_10,completed,debugged_ivon_scratch_hp_260705,a_lrclip_10_c0p3_lr0p0015,5000,full_train,subset,1000,1000,1000,,0,,16,1,ivon_parameter_sampling,0,50000,128,0.0015,600,,1,0.0001,1,0.9,10000000,1,0.99,0.0001,0.3,price,0.275,clip,0.35,delayed_fixed_depth,delayed_token_only,2500,persistent,false,true,true,0.999,3,3.2,/data1/lsj9862/VR/ptrm_public_runs/debugged_ivon_scratch_hp_260705/evals/a_lrclip_10_c0p3_lr0p0015/step_5000/eval.json
2026-07-14T11:34:41Z,,full_train__subset1000__d16__ivon_parameter_sampling,pass_at_10,completed,v4_8_posterior_optimizer_axis,v4_8_008_ess5e6,36750,full_train,subset,1000,1000,1000,,0,128,16,1,ivon_parameter_sampling,0,37000,128,3.85e-05,600,cosine_min0p1,1,5.5e-06,1,0.9,5000000,1,0.99,0.0001,0.2,price,0.2,,0.35,delayed_fixed_depth,full,2500,persistent,false,true,true,0.9995,2.9,10.6,/data1/lsj9862/VR/trm_sudoku_ivon_hpsearch_260619/v4_8_posterior_optimizer_axis_260626/quick_eval_limit1000_k10_d16/v4_8q_050_raw_v4_8_008_ess5e6_step36750/output.json
2026-07-14T11:34:41Z,,full_train__subset1000__d16__ivon_parameter_sampling,selected|pass_at_10,completed,debugged_ivon_scratch_hp_260705,a_lrclip_11_c0p2_lr0p0005,5000,full_train,subset,1000,1000,1000,,0,,16,1,ivon_parameter_sampling,0,50000,128,0.0005,600,,1,0.0001,1,0.9,10000000,1,0.99,0.0001,0.2,price,0.275,clip,0.35,delayed_fixed_depth,delayed_token_only,2500,persistent,false,true,true,0.999,2.9,4.1,/data1/lsj9862/VR/ptrm_public_runs/debugged_ivon_scratch_hp_260705/evals/a_lrclip_11_c0p2_lr0p0005/step_5000/eval.json
2026-07-14T11:34:41Z,,full_train__subset1000__d16__ivon_parameter_sampling,selected|pass_at_10,completed,debugged_ivon_scratch_hp_260705,a_qloss_0p1,5000,full_train,subset,1000,1000,1000,,0,,16,1,ivon_parameter_sampling,0,50000,128,0.0007,600,,1,0.0001,1,0.9,10000000,1,0.99,0.0001,0.2,price,0.275,clip,0.1,delayed_fixed_depth,delayed_token_only,2500,persistent,false,true,true,0.999,2.9,3.5,/data1/lsj9862/VR/ptrm_public_runs/debugged_ivon_scratch_hp_260705/evals/a_qloss_0p1/step_5000/eval.json
2026-07-14T11:34:41Z,,full_train__subset1000__d16__ivon_parameter_sampling,selected|pass_at_10,completed,debugged_ivon_scratch_hp_260705,a_puzlr0p001_delay1000,5000,full_train,subset,1000,1000,1000,,0,,16,1,ivon_parameter_sampling,0,50000,128,0.0007,600,,1,0.001,1,0.9,10000000,1,0.99,0.0001,0.2,price,0.275,clip,0.35,delayed_fixed_depth,delayed_token_only,1000,persistent,false,true,true,0.999,2.9,3,/data1/lsj9862/VR/ptrm_public_runs/debugged_ivon_scratch_hp_260705/evals/a_puzlr0p001_delay1000/step_5000/eval.json
2026-07-14T11:34:41Z,,full_train__subset1000__d16__ivon_parameter_sampling,selected|pass_at_10,completed,debugged_ivon_scratch_hp_260705,a_lrclip_09_c0p3_lr0p001,5000,full_train,subset,1000,1000,1000,,0,,16,1,ivon_parameter_sampling,0,50000,128,0.001,600,,1,0.0001,1,0.9,10000000,1,0.99,0.0001,0.3,price,0.275,clip,0.35,delayed_fixed_depth,delayed_token_only,2500,persistent,false,true,true,0.999,2.8,3.1,/data1/lsj9862/VR/ptrm_public_runs/debugged_ivon_scratch_hp_260705/evals/a_lrclip_09_c0p3_lr0p001/step_5000/eval.json
2026-07-14T11:34:41Z,,full_train__subset1000__d16__ivon_parameter_sampling,selected|pass_at_10,completed,debugged_ivon_scratch_hp_260705,a_puzlr_0p001,5000,full_train,subset,1000,1000,1000,,0,,16,1,ivon_parameter_sampling,0,50000,128,0.0007,600,,1,0.001,1,0.9,10000000,1,0.99,0.0001,0.2,price,0.275,clip,0.35,delayed_fixed_depth,delayed_token_only,2500,persistent,false,true,true,0.999,2.7,2.9,/data1/lsj9862/VR/ptrm_public_runs/debugged_ivon_scratch_hp_260705/evals/a_puzlr_0p001/step_5000/eval.json
2026-07-14T11:34:41Z,,full_train__subset1000__d16__ivon_parameter_sampling,selected|pass_at_10,completed,debugged_ivon_scratch_hp_260705,a_noise_0p2,5000,full_train,subset,1000,1000,1000,,0,,16,1,ivon_parameter_sampling,0,50000,128,0.0007,600,,1,0.0001,1,0.9,10000000,1,0.99,0.0001,0.2,price,0.2,clip,0.35,delayed_fixed_depth,delayed_token_only,2500,persistent,false,true,true,0.999,2.5,3.5,/data1/lsj9862/VR/ptrm_public_runs/debugged_ivon_scratch_hp_260705/evals/a_noise_0p2/step_5000/eval.json
2026-07-14T11:34:41Z,,full_train__subset1000__d16__ivon_parameter_sampling,selected|pass_at_10,completed,debugged_ivon_scratch_hp_260705,a_hinit_10,5000,full_train,subset,1000,1000,1000,,0,,16,1,ivon_parameter_sampling,0,50000,128,0.0007,600,,1,0.0001,1,0.9,10000000,10,0.99,0.0001,0.2,price,0.275,clip,0.35,delayed_fixed_depth,delayed_token_only,2500,persistent,false,true,true,0.999,2.4,2.8,/data1/lsj9862/VR/ptrm_public_runs/debugged_ivon_scratch_hp_260705/evals/a_hinit_10/step_5000/eval.json
2026-07-14T11:34:41Z,,full_train__subset1000__d16__ivon_parameter_sampling,selected|pass_at_10,completed,debugged_ivon_scratch_hp_260705,a_puzwd_10,5000,full_train,subset,1000,1000,1000,,0,,16,1,ivon_parameter_sampling,0,50000,128,0.0007,600,,1,0.0001,10,0.9,10000000,1,0.99,0.0001,0.2,price,0.275,clip,0.35,delayed_fixed_depth,delayed_token_only,2500,persistent,false,true,true,0.999,2.4,2.6,/data1/lsj9862/VR/ptrm_public_runs/debugged_ivon_scratch_hp_260705/evals/a_puzwd_10/step_5000/eval.json
2026-07-14T11:34:41Z,,full_train__subset1000__d16__ivon_parameter_sampling,selected|pass_at_10,completed,debugged_ivon_scratch_hp_260705,a_qloss_0p05,5000,full_train,subset,1000,1000,1000,,0,,16,1,ivon_parameter_sampling,0,50000,128,0.0007,600,,1,0.0001,1,0.9,10000000,1,0.99,0.0001,0.2,price,0.275,clip,0.05,delayed_fixed_depth,delayed_token_only,2500,persistent,false,true,true,0.999,2.3,2.6,/data1/lsj9862/VR/ptrm_public_runs/debugged_ivon_scratch_hp_260705/evals/a_qloss_0p05/step_5000/eval.json
2026-07-14T11:34:41Z,,full_train__subset1000__d16__ivon_parameter_sampling,selected|pass_at_10,completed,debugged_ivon_scratch_hp_260705,a_lrclip_05_c1_lr0p0007,5000,full_train,subset,1000,1000,1000,,0,,16,1,ivon_parameter_sampling,0,50000,128,0.0007,600,,1,0.0001,1,0.9,10000000,1,0.99,0.0001,1,price,0.275,clip,0.35,delayed_fixed_depth,delayed_token_only,2500,persistent,false,true,true,0.999,2.2,2.4,/data1/lsj9862/VR/ptrm_public_runs/debugged_ivon_scratch_hp_260705/evals/a_lrclip_05_c1_lr0p0007/step_5000/eval.json
2026-07-14T11:34:41Z,,full_train__subset1000__d16__ivon_parameter_sampling,selected|pass_at_10,completed,v20_small_clip_large_lr_260703,v20_05_clip0p01_lr3e3,30000,full_train,subset,1000,1000,1000,,0,128,16,1,ivon_parameter_sampling,0,50000,128,0.003,600,,1,0.000428571428571,1,0.9,10000000,1,0.99,0.0001,0.01,price,0.275,,0.35,delayed_fixed_depth,delayed_token_only,2500,persistent,false,true,true,0.999,2,7.6,/data1/lsj9862/VR/trm_sudoku_ivon_hpsearch_260619/source_server_autonomous_hp_260630/v20_small_clip_large_lr_260703/eval_queue/v20_05_clip0p01_lr3e3/raw_step_30000_k10d16_limit1000/output.json
2026-07-14T11:34:41Z,,full_train__subset1000__d16__ivon_parameter_sampling,selected|pass_at_10,completed,debugged_ivon_scratch_hp_260705,a_lrclip_04_c1_lr0p0003,5000,full_train,subset,1000,1000,1000,,0,,16,1,ivon_parameter_sampling,0,50000,128,0.0003,600,,1,0.0001,1,0.9,10000000,1,0.99,0.0001,1,price,0.275,clip,0.35,delayed_fixed_depth,delayed_token_only,2500,persistent,false,true,true,0.999,2,2.5,/data1/lsj9862/VR/ptrm_public_runs/debugged_ivon_scratch_hp_260705/evals/a_lrclip_04_c1_lr0p0003/step_5000/eval.json
2026-07-14T11:34:41Z,,full_train__subset1000__d16__ivon_parameter_sampling,selected|pass_at_10,completed,debugged_ivon_scratch_hp_260705,a_lrclip_12_c0p2_lr0p001,5000,full_train,subset,1000,1000,1000,,0,,16,1,ivon_parameter_sampling,0,50000,128,0.001,600,,1,0.0001,1,0.9,10000000,1,0.99,0.0001,0.2,price,0.275,clip,0.35,delayed_fixed_depth,delayed_token_only,2500,persistent,false,true,true,0.999,2,2.1,/data1/lsj9862/VR/ptrm_public_runs/debugged_ivon_scratch_hp_260705/evals/a_lrclip_12_c0p2_lr0p001/step_5000/eval.json
2026-07-14T11:34:41Z,,full_train__subset1000__d16__ivon_parameter_sampling,selected|pass_at_10,completed,ivon_goal_search_260712,lr07e3_clip01,12000,full_train,subset,1000,1000,1000,,0,,16,1,ivon_parameter_sampling,0,50000,768,0.0007,600,piece_v36v416,1,0.0001,1,0.9,10000000,1,0.99,0.0001,0.1,price,0.25,clip,0.35,delayed_fixed_depth,full,2500,persistent,false,true,true,0.999,1.9,8.6,/data1/lsj9862/VR/ptrm_public_runs/ivon_goal_search_260712/evals/lr07e3_clip01/step_12000/eval.json
2026-07-14T11:34:41Z,,full_train__subset1000__d16__ivon_parameter_sampling,selected|pass_at_10,completed,debugged_ivon_scratch_hp_260705,a_puzlr_0p0003,5000,full_train,subset,1000,1000,1000,,0,,16,1,ivon_parameter_sampling,0,50000,128,0.0007,600,,1,0.0003,1,0.9,10000000,1,0.99,0.0001,0.2,price,0.275,clip,0.35,delayed_fixed_depth,delayed_token_only,2500,persistent,false,true,true,0.999,1.9,2.6,/data1/lsj9862/VR/ptrm_public_runs/debugged_ivon_scratch_hp_260705/evals/a_puzlr_0p0003/step_5000/eval.json
2026-07-14T11:34:41Z,,full_train__subset1000__d16__ivon_parameter_sampling,selected|pass_at_10,completed,debugged_ivon_scratch_hp_260705,a_combo_15,5000,full_train,subset,1000,1000,1000,,0,,16,1,ivon_parameter_sampling,0,50000,128,0.0015,1000,,1,0.0001,1,0.9,10000000,1,0.99,0.0001,0.1,price,0.275,clip,0.35,delayed_fixed_depth,delayed_token_only,2500,persistent,false,true,true,0.999,1.9,2.1,/data1/lsj9862/VR/ptrm_public_runs/debugged_ivon_scratch_hp_260705/evals/a_combo_15/step_5000/eval.json
2026-07-14T11:34:41Z,,full_train__subset1000__d16__ivon_parameter_sampling,selected|pass_at_10,completed,debugged_ivon_scratch_hp_260705,a_combo_12,5000,full_train,subset,1000,1000,1000,,0,,16,1,ivon_parameter_sampling,0,50000,128,0.001,600,,1,0.001,1,0.9,10000000,1,0.99,0.0001,0.1,price,0.275,clip,0.1,delayed_fixed_depth,delayed_token_only,2500,persistent,false,true,true,0.999,1.7,2.1,/data1/lsj9862/VR/ptrm_public_runs/debugged_ivon_scratch_hp_260705/evals/a_combo_12/step_5000/eval.json
2026-07-14T11:34:41Z,,full_train__subset1000__d16__ivon_parameter_sampling,selected|pass_at_10,completed,debugged_ivon_scratch_hp_260705,a_lrclip_15_c0p1_lr0p001,5000,full_train,subset,1000,1000,1000,,0,,16,1,ivon_parameter_sampling,0,50000,128,0.001,600,,1,0.0001,1,0.9,10000000,1,0.99,0.0001,0.1,price,0.275,clip,0.35,delayed_fixed_depth,delayed_token_only,2500,persistent,false,true,true,0.999,1.7,2.1,/data1/lsj9862/VR/ptrm_public_runs/debugged_ivon_scratch_hp_260705/evals/a_lrclip_15_c0p1_lr0p001/step_5000/eval.json
2026-07-14T11:34:41Z,,full_train__subset1000__d16__ivon_parameter_sampling,selected|pass_at_10,completed,debugged_ivon_scratch_hp_260705,a_lrclip_20_c0p03_lr0p003,5000,full_train,subset,1000,1000,1000,,0,,16,1,ivon_parameter_sampling,0,50000,128,0.003,600,,1,0.0001,1,0.9,10000000,1,0.99,0.0001,0.03,price,0.275,clip,0.35,delayed_fixed_depth,delayed_token_only,2500,persistent,false,true,true,0.999,1.6,2.4,/data1/lsj9862/VR/ptrm_public_runs/debugged_ivon_scratch_hp_260705/evals/a_lrclip_20_c0p03_lr0p003/step_5000/eval.json
2026-07-14T11:34:41Z,,full_train__subset1000__d16__ivon_parameter_sampling,selected|pass_at_10,completed,debugged_ivon_scratch_hp_260705,a_lrclip_17_c0p1_lr0p003,5000,full_train,subset,1000,1000,1000,,0,,16,1,ivon_parameter_sampling,0,50000,128,0.003,600,,1,0.0001,1,0.9,10000000,1,0.99,0.0001,0.1,price,0.275,clip,0.35,delayed_fixed_depth,delayed_token_only,2500,persistent,false,true,true,0.999,1.6,2.2,/data1/lsj9862/VR/ptrm_public_runs/debugged_ivon_scratch_hp_260705/evals/a_lrclip_17_c0p1_lr0p003/step_5000/eval.json
2026-07-14T11:34:41Z,,full_train__subset1000__d16__ivon_parameter_sampling,selected|pass_at_10,completed,debugged_ivon_scratch_hp_260705,a_delay_10000,5000,full_train,subset,1000,1000,1000,,0,,16,1,ivon_parameter_sampling,0,50000,128,0.0007,600,,1,0.0001,1,0.9,10000000,1,0.99,0.0001,0.2,price,0.275,clip,0.35,delayed_fixed_depth,delayed_token_only,10000,persistent,false,true,true,0.999,1.6,2.1,/data1/lsj9862/VR/ptrm_public_runs/debugged_ivon_scratch_hp_260705/evals/a_delay_10000/step_5000/eval.json
2026-07-14T11:34:41Z,,full_train__subset1000__d16__ivon_parameter_sampling,selected|pass_at_10,completed,debugged_ivon_scratch_hp_260705,a_delay_5000,5000,full_train,subset,1000,1000,1000,,0,,16,1,ivon_parameter_sampling,0,50000,128,0.0007,600,,1,0.0001,1,0.9,10000000,1,0.99,0.0001,0.2,price,0.275,clip,0.35,delayed_fixed_depth,delayed_token_only,5000,persistent,false,true,true,0.999,1.6,2.1,/data1/lsj9862/VR/ptrm_public_runs/debugged_ivon_scratch_hp_260705/evals/a_delay_5000/step_5000/eval.json
2026-07-14T11:34:41Z,,full_train__subset1000__d16__ivon_parameter_sampling,selected|pass_at_10,completed,debugged_ivon_scratch_hp_260705,a_puzlr0p0003_delay5000,5000,full_train,subset,1000,1000,1000,,0,,16,1,ivon_parameter_sampling,0,50000,128,0.0007,600,,1,0.0003,1,0.9,10000000,1,0.99,0.0001,0.2,price,0.275,clip,0.35,delayed_fixed_depth,delayed_token_only,5000,persistent,false,true,true,0.999,1.4,2.1,/data1/lsj9862/VR/ptrm_public_runs/debugged_ivon_scratch_hp_260705/evals/a_puzlr0p0003_delay5000/step_5000/eval.json
2026-07-14T11:34:41Z,,full_train__subset1000__d16__ivon_parameter_sampling,selected|pass_at_10,completed,debugged_ivon_scratch_hp_260705,a_lrclip_25_c0p01_lr0p008,5000,full_train,subset,1000,1000,1000,,0,,16,1,ivon_parameter_sampling,0,50000,128,0.008,600,,1,0.0001,1,0.9,10000000,1,0.99,0.0001,0.01,price,0.275,clip,0.35,delayed_fixed_depth,delayed_token_only,2500,persistent,false,true,true,0.999,1.4,2,/data1/lsj9862/VR/ptrm_public_runs/debugged_ivon_scratch_hp_260705/evals/a_lrclip_25_c0p01_lr0p008/step_5000/eval.json
2026-07-14T11:34:41Z,,full_train__subset1000__d16__ivon_parameter_sampling,selected|pass_at_10,completed,debugged_ivon_scratch_hp_260705,a_lrclip_02_cinf_lr0p0003,5000,full_train,subset,1000,1000,1000,,0,,16,1,ivon_parameter_sampling,0,50000,128,0.0003,600,,1,0.0001,1,0.9,10000000,1,0.99,0.0001,inf,price,0.275,clip,0.35,delayed_fixed_depth,delayed_token_only,2500,persistent,false,true,true,0.999,1.3,2.2,/data1/lsj9862/VR/ptrm_public_runs/debugged_ivon_scratch_hp_260705/evals/a_lrclip_02_cinf_lr0p0003/step_5000/eval.json
2026-07-14T11:34:41Z,,full_train__subset1000__d16__ivon_parameter_sampling,selected|pass_at_10,completed,debugged_ivon_scratch_hp_260705,a_qloss_0,5000,full_train,subset,1000,1000,1000,,0,,16,1,ivon_parameter_sampling,0,50000,128,0.0007,600,,1,0.0001,1,0.9,10000000,1,0.99,0.0001,0.2,price,0.275,clip,0,delayed_fixed_depth,delayed_token_only,2500,persistent,false,true,true,0.999,1.2,2.1,/data1/lsj9862/VR/ptrm_public_runs/debugged_ivon_scratch_hp_260705/evals/a_qloss_0/step_5000/eval.json
2026-07-14T11:34:41Z,,full_train__subset1000__d16__ivon_parameter_sampling,selected|pass_at_10,completed,clean_ivon_direct_hp_260706,b_r1_clip_0p03,6000,full_train,subset,1000,1000,1000,,0,,16,1,ivon_parameter_sampling,0,50000,768,0.005,2000,warmup_constant,1,0.0001,1,0.9,1000000,0.1,0.999,0.0001,0.03,price,1,clip,0.5,normal,full,0,persistent,false,true,true,0.999,1.2,2,/data1/lsj9862/VR/ptrm_public_runs/clean_ivon_direct_hp_260706/evals/b_r1_clip_0p03/step_6000/eval.json
2026-07-14T11:34:41Z,,full_train__subset1000__d16__ivon_parameter_sampling,selected|pass_at_10,completed,v20_small_clip_large_lr_260703,v20_04_clip0p01_lr2e3,30000,full_train,subset,1000,1000,1000,,0,128,16,1,ivon_parameter_sampling,0,50000,128,0.002,600,,1,0.000285714285714,1,0.9,10000000,1,0.99,0.0001,0.01,price,0.275,,0.35,delayed_fixed_depth,delayed_token_only,2500,persistent,false,true,true,0.999,1.1,3.1,/data1/lsj9862/VR/trm_sudoku_ivon_hpsearch_260619/source_server_autonomous_hp_260630/v20_small_clip_large_lr_260703/eval_queue/v20_04_clip0p01_lr2e3/raw_step_30000_k10d16_limit1000/output.json
2026-07-14T11:34:41Z,,full_train__subset1000__d16__ivon_parameter_sampling,selected|pass_at_10,completed,debugged_ivon_scratch_hp_260705,a_puzlr0p001_delay5000,5000,full_train,subset,1000,1000,1000,,0,,16,1,ivon_parameter_sampling,0,50000,128,0.0007,600,,1,0.001,1,0.9,10000000,1,0.99,0.0001,0.2,price,0.275,clip,0.35,delayed_fixed_depth,delayed_token_only,5000,persistent,false,true,true,0.999,1.1,2.2,/data1/lsj9862/VR/ptrm_public_runs/debugged_ivon_scratch_hp_260705/evals/a_puzlr0p001_delay5000/step_5000/eval.json
2026-07-14T11:34:41Z,,full_train__subset1000__d16__ivon_parameter_sampling,selected|pass_at_10,completed,debugged_ivon_scratch_hp_260705,a_noise_0p1,5000,full_train,subset,1000,1000,1000,,0,,16,1,ivon_parameter_sampling,0,50000,128,0.0007,600,,1,0.0001,1,0.9,10000000,1,0.99,0.0001,0.2,price,0.1,clip,0.35,delayed_fixed_depth,delayed_token_only,2500,persistent,false,true,true,0.999,1.1,1.9,/data1/lsj9862/VR/ptrm_public_runs/debugged_ivon_scratch_hp_260705/evals/a_noise_0p1/step_5000/eval.json
2026-07-14T11:34:41Z,,full_train__subset1000__d16__ivon_parameter_sampling,selected,completed,source_server_v8_gpu5_9_controlled,v8b02a_batch768_compute_matched_q035_n0275,5000,full_train,subset,1000,1000,1000,,0,128,16,1,ivon_parameter_sampling,0,8334,768,0.0007,100,,1,0.0001,1,0.9,10000000,1,0.99,0.0001,0.2,price,0.275,,0.35,delayed_fixed_depth,full,2500,persistent,false,true,true,0.999,1,2,/data1/lsj9862/VR/trm_sudoku_ivon_hpsearch_260619/source_server_v8_gpu5_9_260630/phase_b_eval_queue/v8b02a_batch768_compute_matched_q035_n0275/raw_step_5000_k10d16_limit1000/output.json
2026-07-14T11:34:41Z,,full_train__subset1000__d16__ivon_parameter_sampling,selected|pass_at_10,completed,debugged_ivon_scratch_hp_260705,a_lrclip_14_c0p1_lr0p0007,5000,full_train,subset,1000,1000,1000,,0,,16,1,ivon_parameter_sampling,0,50000,128,0.0007,600,,1,0.0001,1,0.9,10000000,1,0.99,0.0001,0.1,price,0.275,clip,0.35,delayed_fixed_depth,delayed_token_only,2500,persistent,false,true,true,0.999,0.9,1.8,/data1/lsj9862/VR/ptrm_public_runs/debugged_ivon_scratch_hp_260705/evals/a_lrclip_14_c0p1_lr0p0007/step_5000/eval.json
2026-07-14T11:34:41Z,,full_train__subset1000__d16__ivon_parameter_sampling,pass_at_10,completed,source_server_v8_gpu5_9_controlled,v8b02a_batch768_compute_matched_q035_n0275,6500,full_train,subset,1000,1000,1000,,0,128,16,1,ivon_parameter_sampling,0,8334,768,0.0007,100,,1,0.0001,1,0.9,10000000,1,0.99,0.0001,0.2,price,0.275,,0.35,delayed_fixed_depth,full,2500,persistent,false,true,true,0.999,0.8,2.1,/data1/lsj9862/VR/trm_sudoku_ivon_hpsearch_260619/source_server_v8_gpu5_9_260630/phase_b_eval_queue/v8b02a_batch768_compute_matched_q035_n0275/raw_step_6500_k10d16_limit1000/output.json
2026-07-14T11:34:41Z,,full_train__subset1000__d16__ivon_parameter_sampling,selected|pass_at_10,completed,clean_ivon_direct_hp_260706,b_r1_hinit_0p01,12000,full_train,subset,1000,1000,1000,,0,,16,1,ivon_parameter_sampling,0,50000,768,0.005,2000,warmup_constant,1,0.0001,1,0.9,1000000,0.01,0.999,0.0001,0.01,price,1,clip,0.5,normal,full,0,persistent,false,true,true,0.999,0.6,1.4,/data1/lsj9862/VR/ptrm_public_runs/clean_ivon_direct_hp_260706/evals/b_r1_hinit_0p01/step_12000/eval.json
2026-07-14T11:34:41Z,,full_train__subset1000__d16__ivon_parameter_sampling,selected|pass_at_10,completed,clean_ivon_direct_hp_260706,b_r1_hinit_1,6000,full_train,subset,1000,1000,1000,,0,,16,1,ivon_parameter_sampling,0,50000,768,0.005,2000,warmup_constant,1,0.0001,1,0.9,1000000,1,0.999,0.0001,0.01,price,1,clip,0.5,normal,full,0,persistent,false,true,true,0.999,0.6,1.2,/data1/lsj9862/VR/ptrm_public_runs/clean_ivon_direct_hp_260706/evals/b_r1_hinit_1/step_6000/eval.json
2026-07-14T11:34:41Z,,full_train__subset1000__d16__ivon_parameter_sampling,selected|pass_at_10,completed,debugged_ivon_scratch_hp_260705,a_lrclip_03_cinf_lr0p0007,5000,full_train,subset,1000,1000,1000,,0,,16,1,ivon_parameter_sampling,0,50000,128,0.0007,600,,1,0.0001,1,0.9,10000000,1,0.99,0.0001,inf,price,0.275,clip,0.35,delayed_fixed_depth,delayed_token_only,2500,persistent,false,true,true,0.999,0.6,0.8,/data1/lsj9862/VR/ptrm_public_runs/debugged_ivon_scratch_hp_260705/evals/a_lrclip_03_cinf_lr0p0007/step_5000/eval.json
2026-07-14T11:34:41Z,,full_train__subset1000__d16__ivon_parameter_sampling,selected|pass_at_10,completed,clean_ivon_direct_hp_260706,b_r1_lr_0p0065,30000,full_train,subset,1000,1000,1000,,0,,16,1,ivon_parameter_sampling,0,50000,768,0.0065,2000,warmup_constant,1,0.0001,1,0.9,1000000,0.1,0.999,0.0001,0.01,price,1,clip,0.5,normal,full,0,persistent,false,true,true,0.999,0.5,1.8,/data1/lsj9862/VR/ptrm_public_runs/clean_ivon_direct_hp_260706/evals/b_r1_lr_0p0065/step_30000/eval.json
2026-07-14T11:34:41Z,,full_train__subset1000__d16__ivon_parameter_sampling,selected,completed,v4_20_lownoise_formation,v4_20_000_keepopt_cos01_q035_n000_pz1,32000,full_train,subset,1000,1000,1000,,0,128,16,1,ivon_parameter_sampling,0,40000,128,7e-05,600,cosine_min0p1,1,1e-05,1,0.9,10000000,1,0.99,0.0001,0.3,price,0,,0.35,delayed_fixed_depth,full,2500,persistent,false,true,true,0.9995,0.5,1.2,/data1/lsj9862/VR/trm_sudoku_ivon_hpsearch_260619/v4_20_lownoise_formation_260626/quick_eval_limit1000_k10_d16/v4_20q_003_ema_v4_20_000_keepopt_cos01_q035_n000_pz1_step32000/output.json
2026-07-14T11:34:41Z,,full_train__subset1000__d16__ivon_parameter_sampling,pass_at_10,completed,v4_20_lownoise_formation,v4_20_000_keepopt_cos01_q035_n000_pz1,32000,full_train,subset,1000,1000,1000,,0,128,16,1,ivon_parameter_sampling,0,40000,128,7e-05,600,cosine_min0p1,1,1e-05,1,0.9,10000000,1,0.99,0.0001,0.3,price,0,,0.35,delayed_fixed_depth,full,2500,persistent,false,true,true,0.9995,0.3,1.3,/data1/lsj9862/VR/trm_sudoku_ivon_hpsearch_260619/v4_20_lownoise_formation_260626/quick_eval_limit1000_k10_d16/v4_20q_002_raw_v4_20_000_keepopt_cos01_q035_n000_pz1_step32000/output.json
2026-07-14T11:34:41Z,,full_train__subset1000__d16__ivon_parameter_sampling,selected|pass_at_10,completed,clean_ivon_direct_hp_260706,a_lrclip_07_c0p03_lr0p002,12000,full_train,subset,1000,1000,1000,,0,,16,1,ivon_parameter_sampling,0,50000,768,0.002,2000,warmup_constant,1,0.0001,1,0.9,1000000,0.1,0.999,0.0001,0.03,price,1,clip,0.5,normal,full,0,persistent,false,true,true,0.999,0.3,1,/data1/lsj9862/VR/ptrm_public_runs/clean_ivon_direct_hp_260706/evals/a_lrclip_07_c0p03_lr0p002/step_12000/eval.json
2026-07-14T11:34:41Z,,full_train__subset1000__d16__ivon_parameter_sampling,selected,completed,clean_ivon_direct_hp_260706,a_lrclip_09_c0p01_lr0p005,6000,full_train,subset,1000,1000,1000,,0,,16,1,ivon_parameter_sampling,0,50000,768,0.005,2000,warmup_constant,1,0.0001,1,0.9,1000000,0.1,0.999,0.0001,0.01,price,1,clip,0.5,normal,full,0,persistent,false,true,true,0.999,0.3,1,/data1/lsj9862/VR/ptrm_public_runs/clean_ivon_direct_hp_260706/evals/a_lrclip_09_c0p01_lr0p005/step_6000/eval.json
2026-07-14T11:34:41Z,,full_train__subset1000__d16__ivon_parameter_sampling,selected|pass_at_10,completed,clean_ivon_direct_hp_260706,a_sched_06_warmup_piecewise_late_lr0p002,12000,full_train,subset,1000,1000,1000,,0,,16,1,ivon_parameter_sampling,0,50000,768,0.002,2000,warmup_piecewise_late,1,0.0001,1,0.9,1000000,0.1,0.999,0.0001,0.03,price,1,clip,0.5,normal,full,0,persistent,false,true,true,0.999,0.3,1,/data1/lsj9862/VR/ptrm_public_runs/clean_ivon_direct_hp_260706/evals/a_sched_06_warmup_piecewise_late_lr0p002/step_12000/eval.json
2026-07-14T11:34:41Z,,full_train__subset1000__d16__ivon_parameter_sampling,pass_at_10,completed,clean_ivon_direct_hp_260706,a_lrclip_09_c0p01_lr0p005,12000,full_train,subset,1000,1000,1000,,0,,16,1,ivon_parameter_sampling,0,50000,768,0.005,2000,warmup_constant,1,0.0001,1,0.9,1000000,0.1,0.999,0.0001,0.01,price,1,clip,0.5,normal,full,0,persistent,false,true,true,0.999,0.2,1.3,/data1/lsj9862/VR/ptrm_public_runs/clean_ivon_direct_hp_260706/evals/a_lrclip_09_c0p01_lr0p005/step_12000/eval.json
2026-07-14T11:34:41Z,,full_train__subset1000__d16__ivon_parameter_sampling,selected|pass_at_10,completed,debugged_ivon_scratch_hp_260705,a_combo_13,5000,full_train,subset,1000,1000,1000,,0,,16,1,ivon_parameter_sampling,0,50000,128,0.0005,600,,1,0.0001,1,0.9,10000000,1,0.99,0.0001,0.2,price,0.1,clip,0.35,delayed_fixed_depth,delayed_token_only,2500,persistent,false,true,true,0.999,0.2,0.5,/data1/lsj9862/VR/ptrm_public_runs/debugged_ivon_scratch_hp_260705/evals/a_combo_13/step_5000/eval.json
2026-07-14T11:34:41Z,,full_train__subset1000__d16__ivon_parameter_sampling,selected|pass_at_10,completed,ivon_goal_search_260712,lr05e3_clip01,12000,full_train,subset,1000,1000,1000,,0,,16,1,ivon_parameter_sampling,0,50000,768,0.0005,600,piece_v36v416,1,0.0001,1,0.9,10000000,1,0.99,0.0001,0.1,price,0.25,clip,0.35,delayed_fixed_depth,full,2500,persistent,false,true,true,0.999,0.1,0.9,/data1/lsj9862/VR/ptrm_public_runs/ivon_goal_search_260712/evals/lr05e3_clip01/step_12000/eval.json
2026-07-14T11:34:41Z,,full_train__subset1000__d16__ivon_parameter_sampling,selected|pass_at_10,completed,clean_ivon_direct_hp_260706,b_r1_beta2_0p99995,6000,full_train,subset,1000,1000,1000,,0,,16,1,ivon_parameter_sampling,0,50000,768,0.005,2000,warmup_constant,1,0.0001,1,0.9,1000000,0.1,0.99995,0.0001,0.01,price,1,clip,0.5,normal,full,0,persistent,false,true,true,0.999,0,0.1,/data1/lsj9862/VR/ptrm_public_runs/clean_ivon_direct_hp_260706/evals/b_r1_beta2_0p99995/step_6000/eval.json
2026-07-14T11:34:41Z,,full_train__subset1000__d16__ivon_parameter_sampling,selected|pass_at_10,completed,clean_ivon_direct_hp_260706,b_r1_lr_0p0035,6000,full_train,subset,1000,1000,1000,,0,,16,1,ivon_parameter_sampling,0,50000,768,0.0035,2000,warmup_constant,1,0.0001,1,0.9,1000000,0.1,0.999,0.0001,0.01,price,1,clip,0.5,normal,full,0,persistent,false,true,true,0.999,0,0.1,/data1/lsj9862/VR/ptrm_public_runs/clean_ivon_direct_hp_260706/evals/b_r1_lr_0p0035/step_6000/eval.json
2026-07-14T11:34:41Z,,full_train__subset1000__d16__ivon_parameter_sampling,selected|pass_at_10,completed,clean_ivon_direct_hp_260706,a_curv_01_ess100000_h1_b0p99999,2500,full_train,subset,1000,1000,1000,,0,,16,1,ivon_parameter_sampling,0,50000,768,0.0003,2000,warmup_constant,1,0.0001,1,0.9,100000,1,0.99999,0.0001,0.1,price,1,clip,0.5,normal,full,0,persistent,false,true,true,0.999,0,0,/data1/lsj9862/VR/ptrm_public_runs/clean_ivon_direct_hp_260706/evals/a_curv_01_ess100000_h1_b0p99999/step_2500/eval.json
2026-07-14T11:34:41Z,,full_train__subset1000__d16__ivon_parameter_sampling,selected|pass_at_10,completed,clean_ivon_direct_hp_260706,a_curv_02_ess1e+06_h1_b0p99995,2500,full_train,subset,1000,1000,1000,,0,,16,1,ivon_parameter_sampling,0,50000,768,0.0003,2000,warmup_constant,1,0.0001,1,0.9,1000000,1,0.99995,0.0001,0.1,price,1,clip,0.5,normal,full,0,persistent,false,true,true,0.999,0,0,/data1/lsj9862/VR/ptrm_public_runs/clean_ivon_direct_hp_260706/evals/a_curv_02_ess1e+06_h1_b0p99995/step_2500/eval.json
2026-07-14T11:34:41Z,,full_train__subset1000__d16__ivon_parameter_sampling,selected|pass_at_10,completed,clean_ivon_direct_hp_260706,a_curv_03_ess1e+06_h0p1_b0p999,2500,full_train,subset,1000,1000,1000,,0,,16,1,ivon_parameter_sampling,0,50000,768,0.0003,2000,warmup_constant,1,0.0001,1,0.9,1000000,0.1,0.999,0.0001,0.1,price,1,clip,0.5,normal,full,0,persistent,false,true,true,0.999,0,0,/data1/lsj9862/VR/ptrm_public_runs/clean_ivon_direct_hp_260706/evals/a_curv_03_ess1e+06_h0p1_b0p999/step_2500/eval.json
2026-07-14T11:34:41Z,,full_train__subset1000__d16__ivon_parameter_sampling,selected|pass_at_10,completed,clean_ivon_direct_hp_260706,a_curv_04_ess1e+06_h0p01_b0p99995,2500,full_train,subset,1000,1000,1000,,0,,16,1,ivon_parameter_sampling,0,50000,768,0.0003,2000,warmup_constant,1,0.0001,1,0.9,1000000,0.01,0.99995,0.0001,0.1,price,1,clip,0.5,normal,full,0,persistent,false,true,true,0.999,0,0,/data1/lsj9862/VR/ptrm_public_runs/clean_ivon_direct_hp_260706/evals/a_curv_04_ess1e+06_h0p01_b0p99995/step_2500/eval.json
2026-07-14T11:34:41Z,,full_train__subset1000__d16__ivon_parameter_sampling,selected|pass_at_10,completed,clean_ivon_direct_hp_260706,a_curv_06_ess1e+07_h0p1_b0p999,2500,full_train,subset,1000,1000,1000,,0,,16,1,ivon_parameter_sampling,0,50000,768,0.0003,2000,warmup_constant,1,0.0001,1,0.9,10000000,0.1,0.999,0.0001,0.1,price,1,clip,0.5,normal,full,0,persistent,false,true,true,0.999,0,0,/data1/lsj9862/VR/ptrm_public_runs/clean_ivon_direct_hp_260706/evals/a_curv_06_ess1e+07_h0p1_b0p999/step_2500/eval.json
2026-07-14T11:34:41Z,,full_train__subset1000__d16__ivon_parameter_sampling,selected|pass_at_10,completed,clean_ivon_direct_hp_260706,a_curv_08_ess1e+08_h0p01_b0p99995,2500,full_train,subset,1000,1000,1000,,0,,16,1,ivon_parameter_sampling,0,50000,768,0.0003,2000,warmup_constant,1,0.0001,1,0.9,100000000,0.01,0.99995,0.0001,0.1,price,1,clip,0.5,normal,full,0,persistent,false,true,true,0.999,0,0,/data1/lsj9862/VR/ptrm_public_runs/clean_ivon_direct_hp_260706/evals/a_curv_08_ess1e+08_h0p01_b0p99995/step_2500/eval.json
2026-07-14T11:34:41Z,,full_train__subset1000__d16__ivon_parameter_sampling,selected|pass_at_10,completed,clean_ivon_direct_hp_260706,a_lrclip_01_cinf_lr0p0001,2500,full_train,subset,1000,1000,1000,,0,,16,1,ivon_parameter_sampling,0,50000,768,0.0001,2000,warmup_constant,1,0.0001,1,0.9,1000000,0.1,0.999,0.0001,inf,price,1,clip,0.5,normal,full,0,persistent,true,true,true,0.999,0,0,/data1/lsj9862/VR/ptrm_public_runs/clean_ivon_direct_hp_260706/evals/a_lrclip_01_cinf_lr0p0001/step_2500/eval.json
2026-07-14T11:34:41Z,,full_train__subset1000__d16__ivon_parameter_sampling,selected|pass_at_10,completed,clean_ivon_direct_hp_260706,a_lrclip_03_c1_lr0p0003,2500,full_train,subset,1000,1000,1000,,0,,16,1,ivon_parameter_sampling,0,50000,768,0.0003,2000,warmup_constant,1,0.0001,1,0.9,1000000,0.1,0.999,0.0001,1,price,1,clip,0.5,normal,full,0,persistent,true,true,true,0.999,0,0,/data1/lsj9862/VR/ptrm_public_runs/clean_ivon_direct_hp_260706/evals/a_lrclip_03_c1_lr0p0003/step_2500/eval.json
2026-07-14T11:34:41Z,,full_train__subset1000__d16__ivon_parameter_sampling,selected|pass_at_10,completed,clean_ivon_direct_hp_260706,a_lrclip_04_c1_lr0p0007,2500,full_train,subset,1000,1000,1000,,0,,16,1,ivon_parameter_sampling,0,50000,768,0.0007,2000,warmup_constant,1,0.0001,1,0.9,1000000,0.1,0.999,0.0001,1,price,1,clip,0.5,normal,full,0,persistent,false,true,true,0.999,0,0,/data1/lsj9862/VR/ptrm_public_runs/clean_ivon_direct_hp_260706/evals/a_lrclip_04_c1_lr0p0007/step_2500/eval.json
2026-07-14T11:34:41Z,,full_train__subset1000__d16__ivon_parameter_sampling,selected|pass_at_10,completed,clean_ivon_direct_hp_260706,a_lrclip_05_c0p3_lr0p0007,2500,full_train,subset,1000,1000,1000,,0,,16,1,ivon_parameter_sampling,0,50000,768,0.0007,2000,warmup_constant,1,0.0001,1,0.9,1000000,0.1,0.999,0.0001,0.3,price,1,clip,0.5,normal,full,0,persistent,false,true,true,0.999,0,0,/data1/lsj9862/VR/ptrm_public_runs/clean_ivon_direct_hp_260706/evals/a_lrclip_05_c0p3_lr0p0007/step_2500/eval.json
2026-07-14T11:34:41Z,,full_train__subset1000__d16__ivon_parameter_sampling,selected|pass_at_10,completed,clean_ivon_direct_hp_260706,a_lrclip_06_c0p1_lr0p001,6000,full_train,subset,1000,1000,1000,,0,,16,1,ivon_parameter_sampling,0,50000,768,0.001,2000,warmup_constant,1,0.0001,1,0.9,1000000,0.1,0.999,0.0001,0.1,price,1,clip,0.5,normal,full,0,persistent,false,true,true,0.999,0,0,/data1/lsj9862/VR/ptrm_public_runs/clean_ivon_direct_hp_260706/evals/a_lrclip_06_c0p1_lr0p001/step_6000/eval.json
2026-07-14T11:34:41Z,,full_train__subset1000__d16__ivon_parameter_sampling,selected|pass_at_10,completed,clean_ivon_direct_hp_260706,a_lrclip_08_c0p01_lr0p003,6000,full_train,subset,1000,1000,1000,,0,,16,1,ivon_parameter_sampling,0,50000,768,0.003,2000,warmup_constant,1,0.0001,1,0.9,1000000,0.1,0.999,0.0001,0.01,price,1,clip,0.5,normal,full,0,persistent,false,true,true,0.999,0,0,/data1/lsj9862/VR/ptrm_public_runs/clean_ivon_direct_hp_260706/evals/a_lrclip_08_c0p01_lr0p003/step_6000/eval.json
2026-07-14T11:34:41Z,,full_train__subset1000__d16__ivon_parameter_sampling,selected|pass_at_10,completed,clean_ivon_direct_hp_260706,a_lrclip_11_c0p001_lr0p008,6000,full_train,subset,1000,1000,1000,,0,,16,1,ivon_parameter_sampling,0,50000,768,0.008,2000,warmup_constant,1,0.0001,1,0.9,1000000,0.1,0.999,0.0001,0.001,price,1,clip,0.5,normal,full,0,persistent,false,true,true,0.999,0,0,/data1/lsj9862/VR/ptrm_public_runs/clean_ivon_direct_hp_260706/evals/a_lrclip_11_c0p001_lr0p008/step_6000/eval.json
2026-07-14T11:34:41Z,,full_train__subset1000__d16__ivon_parameter_sampling,selected|pass_at_10,completed,clean_ivon_direct_hp_260706,a_lrclip_12_c0p001_lr0p01,6000,full_train,subset,1000,1000,1000,,0,,16,1,ivon_parameter_sampling,0,50000,768,0.01,2000,warmup_constant,1,0.0001,1,0.9,1000000,0.1,0.999,0.0001,0.001,price,1,clip,0.5,normal,full,0,persistent,false,true,true,0.999,0,0,/data1/lsj9862/VR/ptrm_public_runs/clean_ivon_direct_hp_260706/evals/a_lrclip_12_c0p001_lr0p01/step_6000/eval.json
2026-07-14T11:34:41Z,,full_train__subset1000__d16__ivon_parameter_sampling,selected|pass_at_10,completed,clean_ivon_direct_hp_260706,a_sched_03_warmup_cosine_0p1_lr0p0007,2500,full_train,subset,1000,1000,1000,,0,,16,1,ivon_parameter_sampling,0,50000,768,0.0007,2000,warmup_cosine_0p1,1,0.0001,1,0.9,1000000,0.1,0.999,0.0001,0.3,price,1,clip,0.5,normal,full,0,persistent,false,true,true,0.999,0,0,/data1/lsj9862/VR/ptrm_public_runs/clean_ivon_direct_hp_260706/evals/a_sched_03_warmup_cosine_0p1_lr0p0007/step_2500/eval.json
2026-07-14T11:34:41Z,,full_train__subset1000__d16__ivon_parameter_sampling,selected|pass_at_10,completed,clean_ivon_direct_hp_260706,a_sched_04_warmup_cosine_0p3_lr0p001,2500,full_train,subset,1000,1000,1000,,0,,16,1,ivon_parameter_sampling,0,50000,768,0.001,2000,warmup_cosine_0p3,1,0.0001,1,0.9,1000000,0.1,0.999,0.0001,0.1,price,1,clip,0.5,normal,full,0,persistent,false,true,true,0.999,0,0,/data1/lsj9862/VR/ptrm_public_runs/clean_ivon_direct_hp_260706/evals/a_sched_04_warmup_cosine_0p3_lr0p001/step_2500/eval.json
2026-07-14T11:34:41Z,,full_train__subset1000__d16__ivon_parameter_sampling,selected|pass_at_10,completed,clean_ivon_direct_hp_260706,a_sched_05_warmup_piecewise_mid_lr0p001,2500,full_train,subset,1000,1000,1000,,0,,16,1,ivon_parameter_sampling,0,50000,768,0.001,2000,warmup_piecewise_mid,1,0.0001,1,0.9,1000000,0.1,0.999,0.0001,0.1,price,1,clip,0.5,normal,full,0,persistent,false,true,true,0.999,0,0,/data1/lsj9862/VR/ptrm_public_runs/clean_ivon_direct_hp_260706/evals/a_sched_05_warmup_piecewise_mid_lr0p001/step_2500/eval.json
2026-07-14T11:34:41Z,,full_train__subset1000__d16__ivon_parameter_sampling,selected|pass_at_10,completed,clean_ivon_direct_hp_260706,a_wd_01_wd0_price,2500,full_train,subset,1000,1000,1000,,0,,16,1,ivon_parameter_sampling,0,50000,768,0.0003,2000,warmup_constant,1,0.0001,1,0.9,1000000,0.1,0.999,0,0.1,price,1,clip,0.5,normal,full,0,persistent,false,true,true,0.999,0,0,/data1/lsj9862/VR/ptrm_public_runs/clean_ivon_direct_hp_260706/evals/a_wd_01_wd0_price/step_2500/eval.json
2026-07-14T11:34:41Z,,full_train__subset1000__d16__ivon_parameter_sampling,selected|pass_at_10,completed,clean_ivon_direct_hp_260706,a_wd_02_wd1em05_price,2500,full_train,subset,1000,1000,1000,,0,,16,1,ivon_parameter_sampling,0,50000,768,0.0003,2000,warmup_constant,1,0.0001,1,0.9,1000000,0.1,0.999,1e-05,0.1,price,1,clip,0.5,normal,full,0,persistent,false,true,true,0.999,0,0,/data1/lsj9862/VR/ptrm_public_runs/clean_ivon_direct_hp_260706/evals/a_wd_02_wd1em05_price/step_2500/eval.json
2026-07-14T11:34:41Z,,full_train__subset1000__d16__ivon_parameter_sampling,selected|pass_at_10,completed,clean_ivon_direct_hp_260706,a_wd_03_wd0p001_price,2500,full_train,subset,1000,1000,1000,,0,,16,1,ivon_parameter_sampling,0,50000,768,0.0003,2000,warmup_constant,1,0.0001,1,0.9,1000000,0.1,0.999,0.001,0.1,price,1,clip,0.5,normal,full,0,persistent,false,true,true,0.999,0,0,/data1/lsj9862/VR/ptrm_public_runs/clean_ivon_direct_hp_260706/evals/a_wd_03_wd0p001_price/step_2500/eval.json
2026-07-14T11:34:41Z,,full_train__subset1000__d16__ivon_parameter_sampling,selected|pass_at_10,completed,clean_ivon_direct_hp_260706,a_wd_04_wd0p03_price,2500,full_train,subset,1000,1000,1000,,0,,16,1,ivon_parameter_sampling,0,50000,768,0.0003,2000,warmup_constant,1,0.0001,1,0.9,1000000,0.1,0.999,0.03,0.1,price,1,clip,0.5,normal,full,0,persistent,false,true,true,0.999,0,0,/data1/lsj9862/VR/ptrm_public_runs/clean_ivon_direct_hp_260706/evals/a_wd_04_wd0p03_price/step_2500/eval.json
2026-07-14T11:34:41Z,,full_train__subset1000__d16__ivon_parameter_sampling,selected|pass_at_10,completed,clean_ivon_direct_hp_260706,a_wd_05_wd0p1_price,2500,full_train,subset,1000,1000,1000,,0,,16,1,ivon_parameter_sampling,0,50000,768,0.0003,2000,warmup_constant,1,0.0001,1,0.9,1000000,0.1,0.999,0.1,0.1,price,1,clip,0.5,normal,full,0,persistent,false,true,true,0.999,0,0,/data1/lsj9862/VR/ptrm_public_runs/clean_ivon_direct_hp_260706/evals/a_wd_05_wd0p1_price/step_2500/eval.json
2026-07-14T11:34:41Z,,full_train__subset1000__d16__ivon_parameter_sampling,selected|pass_at_10,completed,clean_ivon_direct_hp_260706,a_wd_06_wd0p0001_gradsq,2500,full_train,subset,1000,1000,1000,,0,,16,1,ivon_parameter_sampling,0,50000,768,0.0003,2000,warmup_constant,1,0.0001,1,0.9,1000000,0.1,0.999,0.0001,0.1,gradsq,1,clip,0.5,normal,full,0,persistent,false,true,true,0.999,0,0,/data1/lsj9862/VR/ptrm_public_runs/clean_ivon_direct_hp_260706/evals/a_wd_06_wd0p0001_gradsq/step_2500/eval.json
2026-07-14T11:34:41Z,,full_train__subset1000__d16__ivon_parameter_sampling,selected|pass_at_10,completed,clean_ivon_direct_hp_260706,b_r1_beta2_0p99,6000,full_train,subset,1000,1000,1000,,0,,16,1,ivon_parameter_sampling,0,50000,768,0.005,2000,warmup_constant,1,0.0001,1,0.9,1000000,0.1,0.99,0.0001,0.01,price,1,clip,0.5,normal,full,0,persistent,false,true,true,0.999,0,0,/data1/lsj9862/VR/ptrm_public_runs/clean_ivon_direct_hp_260706/evals/b_r1_beta2_0p99/step_6000/eval.json
2026-07-14T11:34:41Z,,full_train__subset1000__d16__ivon_parameter_sampling,selected|pass_at_10,completed,clean_ivon_direct_hp_260706,b_r1_clip_0p003,6000,full_train,subset,1000,1000,1000,,0,,16,1,ivon_parameter_sampling,0,50000,768,0.005,2000,warmup_constant,1,0.0001,1,0.9,1000000,0.1,0.999,0.0001,0.003,price,1,clip,0.5,normal,full,0,persistent,false,true,true,0.999,0,0,/data1/lsj9862/VR/ptrm_public_runs/clean_ivon_direct_hp_260706/evals/b_r1_clip_0p003/step_6000/eval.json
2026-07-14T11:34:41Z,,full_train__subset1000__d16__ivon_parameter_sampling,selected|pass_at_10,completed,clean_ivon_direct_hp_260706,b_r1_ess_100000,6000,full_train,subset,1000,1000,1000,,0,,16,1,ivon_parameter_sampling,0,50000,768,0.005,2000,warmup_constant,1,0.0001,1,0.9,100000,0.1,0.999,0.0001,0.01,price,1,clip,0.5,normal,full,0,persistent,false,true,true,0.999,0,0,/data1/lsj9862/VR/ptrm_public_runs/clean_ivon_direct_hp_260706/evals/b_r1_ess_100000/step_6000/eval.json
2026-07-14T11:34:41Z,,full_train__subset1000__d16__ivon_parameter_sampling,selected|pass_at_10,completed,debugged_ivon_scratch_hp_260705,a_beta2_0p999,5000,full_train,subset,1000,1000,1000,,0,,16,1,ivon_parameter_sampling,0,50000,128,0.0007,600,,1,0.0001,1,0.9,10000000,1,0.999,0.0001,0.2,price,0.275,clip,0.35,delayed_fixed_depth,delayed_token_only,2500,persistent,false,true,true,0.999,0,0,/data1/lsj9862/VR/ptrm_public_runs/debugged_ivon_scratch_hp_260705/evals/a_beta2_0p999/step_5000/eval.json
2026-07-14T11:34:41Z,,full_train__subset1000__d16__ivon_parameter_sampling,selected|pass_at_10,completed,debugged_ivon_scratch_hp_260705,a_beta2_0p9999,5000,full_train,subset,1000,1000,1000,,0,,16,1,ivon_parameter_sampling,0,50000,128,0.0007,600,,1,0.0001,1,0.9,10000000,1,0.9999,0.0001,0.2,price,0.275,clip,0.35,delayed_fixed_depth,delayed_token_only,2500,persistent,false,true,true,0.999,0,0,/data1/lsj9862/VR/ptrm_public_runs/debugged_ivon_scratch_hp_260705/evals/a_beta2_0p9999/step_5000/eval.json
2026-07-14T11:34:41Z,,full_train__subset1000__d16__ivon_parameter_sampling,selected|pass_at_10,completed,debugged_ivon_scratch_hp_260705,a_beta2_0p99999,5000,full_train,subset,1000,1000,1000,,0,,16,1,ivon_parameter_sampling,0,50000,128,0.0007,600,,1,0.0001,1,0.9,10000000,1,0.99999,0.0001,0.2,price,0.275,clip,0.35,delayed_fixed_depth,delayed_token_only,2500,persistent,false,true,true,0.999,0,0,/data1/lsj9862/VR/ptrm_public_runs/debugged_ivon_scratch_hp_260705/evals/a_beta2_0p99999/step_5000/eval.json
2026-07-14T11:34:41Z,,full_train__subset1000__d16__ivon_parameter_sampling,selected|pass_at_10,completed,debugged_ivon_scratch_hp_260705,a_combo_01,5000,full_train,subset,1000,1000,1000,,0,,16,1,ivon_parameter_sampling,0,50000,128,0.0015,600,,1,0.0003,1,0.9,10000000,1,0.99,0.0001,0.03,price,0.275,clip,0.35,delayed_fixed_depth,delayed_token_only,2500,persistent,false,true,true,0.999,0,0,/data1/lsj9862/VR/ptrm_public_runs/debugged_ivon_scratch_hp_260705/evals/a_combo_01/step_5000/eval.json
2026-07-14T11:34:41Z,,full_train__subset1000__d16__ivon_parameter_sampling,selected|pass_at_10,completed,debugged_ivon_scratch_hp_260705,a_combo_02,5000,full_train,subset,1000,1000,1000,,0,,16,1,ivon_parameter_sampling,0,50000,128,0.003,600,,1,0.0003,1,0.9,10000000,1,0.99,0.0001,0.01,price,0.275,clip,0.35,delayed_fixed_depth,delayed_token_only,2500,persistent,false,true,true,0.999,0,0,/data1/lsj9862/VR/ptrm_public_runs/debugged_ivon_scratch_hp_260705/evals/a_combo_02/step_5000/eval.json
2026-07-14T11:34:41Z,,full_train__subset1000__d16__ivon_parameter_sampling,selected|pass_at_10,completed,debugged_ivon_scratch_hp_260705,a_combo_03,5000,full_train,subset,1000,1000,1000,,0,,16,1,ivon_parameter_sampling,0,50000,128,0.005,600,,1,0.0003,1,0.9,10000000,1,0.99,0.0001,0.003,price,0.275,clip,0.35,delayed_fixed_depth,delayed_token_only,2500,persistent,false,true,true,0.999,0,0,/data1/lsj9862/VR/ptrm_public_runs/debugged_ivon_scratch_hp_260705/evals/a_combo_03/step_5000/eval.json
2026-07-14T11:34:41Z,,full_train__subset1000__d16__ivon_parameter_sampling,selected|pass_at_10,completed,debugged_ivon_scratch_hp_260705,a_combo_04,5000,full_train,subset,1000,1000,1000,,0,,16,1,ivon_parameter_sampling,0,50000,128,0.008,600,,1,0.0003,1,0.9,10000000,1,0.99,0.0001,0.001,price,0.275,clip,0.35,delayed_fixed_depth,delayed_token_only,2500,persistent,false,true,true,0.999,0,0,/data1/lsj9862/VR/ptrm_public_runs/debugged_ivon_scratch_hp_260705/evals/a_combo_04/step_5000/eval.json
2026-07-14T11:34:41Z,,full_train__subset1000__d16__ivon_parameter_sampling,selected|pass_at_10,completed,debugged_ivon_scratch_hp_260705,a_combo_05,5000,full_train,subset,1000,1000,1000,,0,,16,1,ivon_parameter_sampling,0,50000,128,0.003,600,,1,0.0001,1,0.9,10000000,1,0.99,0.0001,0.01,price,0.275,clip,0.35,delayed_fixed_depth,delayed_token_only,1000,persistent,false,true,true,0.999,0,0,/data1/lsj9862/VR/ptrm_public_runs/debugged_ivon_scratch_hp_260705/evals/a_combo_05/step_5000/eval.json
2026-07-14T11:34:41Z,,full_train__subset1000__d16__ivon_parameter_sampling,selected|pass_at_10,completed,debugged_ivon_scratch_hp_260705,a_combo_06,5000,full_train,subset,1000,1000,1000,,0,,16,1,ivon_parameter_sampling,0,50000,128,0.003,600,,1,0.0001,1,0.9,10000000,1,0.99,0.0001,0.01,price,0.275,clip,0.1,delayed_fixed_depth,delayed_token_only,2500,persistent,false,true,true,0.999,0,0,/data1/lsj9862/VR/ptrm_public_runs/debugged_ivon_scratch_hp_260705/evals/a_combo_06/step_5000/eval.json
2026-07-14T11:34:41Z,,full_train__subset1000__d16__ivon_parameter_sampling,selected|pass_at_10,completed,debugged_ivon_scratch_hp_260705,a_combo_07,5000,full_train,subset,1000,1000,1000,,0,,16,1,ivon_parameter_sampling,0,50000,128,0.003,600,,1,0.0001,1,0.9,3000000,1,0.99,0.0001,0.01,price,0.275,clip,0.35,delayed_fixed_depth,delayed_token_only,2500,persistent,false,true,true,0.999,0,0,/data1/lsj9862/VR/ptrm_public_runs/debugged_ivon_scratch_hp_260705/evals/a_combo_07/step_5000/eval.json
2026-07-14T11:34:41Z,,full_train__subset1000__d16__ivon_parameter_sampling,selected|pass_at_10,completed,debugged_ivon_scratch_hp_260705,a_combo_08,5000,full_train,subset,1000,1000,1000,,0,,16,1,ivon_parameter_sampling,0,50000,128,0.003,600,,1,0.0001,1,0.9,10000000,1,0.999,0.0001,0.01,price,0.275,clip,0.35,delayed_fixed_depth,delayed_token_only,2500,persistent,false,true,true,0.999,0,0,/data1/lsj9862/VR/ptrm_public_runs/debugged_ivon_scratch_hp_260705/evals/a_combo_08/step_5000/eval.json
2026-07-14T11:34:41Z,,full_train__subset1000__d16__ivon_parameter_sampling,selected|pass_at_10,completed,debugged_ivon_scratch_hp_260705,a_combo_09,5000,full_train,subset,1000,1000,1000,,0,,16,1,ivon_parameter_sampling,0,50000,128,0.005,600,,1,0.0001,1,0.9,3000000,1,0.99,0.0001,0.003,price,0.275,clip,0.35,delayed_fixed_depth,delayed_token_only,2500,persistent,false,true,true,0.999,0,0,/data1/lsj9862/VR/ptrm_public_runs/debugged_ivon_scratch_hp_260705/evals/a_combo_09/step_5000/eval.json
2026-07-14T11:34:41Z,,full_train__subset1000__d16__ivon_parameter_sampling,selected|pass_at_10,completed,debugged_ivon_scratch_hp_260705,a_combo_10,5000,full_train,subset,1000,1000,1000,,0,,16,1,ivon_parameter_sampling,0,50000,128,0.005,600,,1,0.0001,1,0.9,10000000,1,0.999,0.0001,0.003,price,0.275,clip,0.35,delayed_fixed_depth,delayed_token_only,2500,persistent,false,true,true,0.999,0,0,/data1/lsj9862/VR/ptrm_public_runs/debugged_ivon_scratch_hp_260705/evals/a_combo_10/step_5000/eval.json
2026-07-14T11:34:41Z,,full_train__subset1000__d16__ivon_parameter_sampling,selected|pass_at_10,completed,debugged_ivon_scratch_hp_260705,a_ess_100000,5000,full_train,subset,1000,1000,1000,,0,,16,1,ivon_parameter_sampling,0,50000,128,0.0007,600,,1,0.0001,1,0.9,100000,1,0.99,0.0001,0.2,price,0.275,clip,0.35,delayed_fixed_depth,delayed_token_only,2500,persistent,false,true,true,0.999,0,0,/data1/lsj9862/VR/ptrm_public_runs/debugged_ivon_scratch_hp_260705/evals/a_ess_100000/step_5000/eval.json
2026-07-14T11:34:41Z,,full_train__subset1000__d16__ivon_parameter_sampling,selected|pass_at_10,completed,debugged_ivon_scratch_hp_260705,a_ess_1e+06,5000,full_train,subset,1000,1000,1000,,0,,16,1,ivon_parameter_sampling,0,50000,128,0.0007,600,,1,0.0001,1,0.9,1000000,1,0.99,0.0001,0.2,price,0.275,clip,0.35,delayed_fixed_depth,delayed_token_only,2500,persistent,false,true,true,0.999,0,0,/data1/lsj9862/VR/ptrm_public_runs/debugged_ivon_scratch_hp_260705/evals/a_ess_1e+06/step_5000/eval.json
2026-07-14T11:34:41Z,,full_train__subset1000__d16__ivon_parameter_sampling,selected|pass_at_10,completed,debugged_ivon_scratch_hp_260705,a_ess_300000,5000,full_train,subset,1000,1000,1000,,0,,16,1,ivon_parameter_sampling,0,50000,128,0.0007,600,,1,0.0001,1,0.9,300000,1,0.99,0.0001,0.2,price,0.275,clip,0.35,delayed_fixed_depth,delayed_token_only,2500,persistent,false,true,true,0.999,0,0,/data1/lsj9862/VR/ptrm_public_runs/debugged_ivon_scratch_hp_260705/evals/a_ess_300000/step_5000/eval.json
2026-07-14T11:34:41Z,,full_train__subset1000__d16__ivon_parameter_sampling,selected|pass_at_10,completed,debugged_ivon_scratch_hp_260705,a_ess_3e+06,5000,full_train,subset,1000,1000,1000,,0,,16,1,ivon_parameter_sampling,0,50000,128,0.0007,600,,1,0.0001,1,0.9,3000000,1,0.99,0.0001,0.2,price,0.275,clip,0.35,delayed_fixed_depth,delayed_token_only,2500,persistent,false,true,true,0.999,0,0,/data1/lsj9862/VR/ptrm_public_runs/debugged_ivon_scratch_hp_260705/evals/a_ess_3e+06/step_5000/eval.json
2026-07-14T11:34:41Z,,full_train__subset1000__d16__ivon_parameter_sampling,selected|pass_at_10,completed,debugged_ivon_scratch_hp_260705,a_happrox_gradsq,5000,full_train,subset,1000,1000,1000,,0,,16,1,ivon_parameter_sampling,0,50000,128,0.0007,600,,1,0.0001,1,0.9,10000000,1,0.99,0.0001,0.2,gradsq,0.275,clip,0.35,delayed_fixed_depth,delayed_token_only,2500,persistent,false,true,true,0.999,0,0,/data1/lsj9862/VR/ptrm_public_runs/debugged_ivon_scratch_hp_260705/evals/a_happrox_gradsq/step_5000/eval.json
2026-07-14T11:34:41Z,,full_train__subset1000__d16__ivon_parameter_sampling,selected|pass_at_10,completed,debugged_ivon_scratch_hp_260705,a_ivonwd_0,5000,full_train,subset,1000,1000,1000,,0,,16,1,ivon_parameter_sampling,0,50000,128,0.0007,600,,1,0.0001,1,0.9,10000000,1,0.99,0,0.2,price,0.275,clip,0.35,delayed_fixed_depth,delayed_token_only,2500,persistent,false,true,true,0.999,0,0,/data1/lsj9862/VR/ptrm_public_runs/debugged_ivon_scratch_hp_260705/evals/a_ivonwd_0/step_5000/eval.json
2026-07-14T11:34:41Z,,full_train__subset1000__d16__ivon_parameter_sampling,selected|pass_at_10,completed,debugged_ivon_scratch_hp_260705,a_ivonwd_0p001,5000,full_train,subset,1000,1000,1000,,0,,16,1,ivon_parameter_sampling,0,50000,128,0.0007,600,,1,0.0001,1,0.9,10000000,1,0.99,0.001,0.2,price,0.275,clip,0.35,delayed_fixed_depth,delayed_token_only,2500,persistent,false,true,true,0.999,0,0,/data1/lsj9862/VR/ptrm_public_runs/debugged_ivon_scratch_hp_260705/evals/a_ivonwd_0p001/step_5000/eval.json
2026-07-14T11:34:41Z,,full_train__subset1000__d16__ivon_parameter_sampling,selected|pass_at_10,completed,debugged_ivon_scratch_hp_260705,a_ivonwd_1em05,5000,full_train,subset,1000,1000,1000,,0,,16,1,ivon_parameter_sampling,0,50000,128,0.0007,600,,1,0.0001,1,0.9,10000000,1,0.99,1e-05,0.2,price,0.275,clip,0.35,delayed_fixed_depth,delayed_token_only,2500,persistent,false,true,true,0.999,0,0,/data1/lsj9862/VR/ptrm_public_runs/debugged_ivon_scratch_hp_260705/evals/a_ivonwd_1em05/step_5000/eval.json
2026-07-14T11:34:41Z,,full_train__subset1000__d16__ivon_parameter_sampling,selected|pass_at_10,completed,debugged_ivon_scratch_hp_260705,a_lrclip_01_cinf_lr0p0001,5000,full_train,subset,1000,1000,1000,,0,,16,1,ivon_parameter_sampling,0,50000,128,0.0001,600,,1,0.0001,1,0.9,10000000,1,0.99,0.0001,inf,price,0.275,clip,0.35,delayed_fixed_depth,delayed_token_only,2500,persistent,false,true,true,0.999,0,0,/data1/lsj9862/VR/ptrm_public_runs/debugged_ivon_scratch_hp_260705/evals/a_lrclip_01_cinf_lr0p0001/step_5000/eval.json
2026-07-14T11:34:41Z,,full_train__subset1000__d16__ivon_parameter_sampling,selected|pass_at_10,completed,debugged_ivon_scratch_hp_260705,a_lrclip_18_c0p03_lr0p001,5000,full_train,subset,1000,1000,1000,,0,,16,1,ivon_parameter_sampling,0,50000,128,0.001,600,,1,0.0001,1,0.9,10000000,1,0.99,0.0001,0.03,price,0.275,clip,0.35,delayed_fixed_depth,delayed_token_only,2500,persistent,false,true,true,0.999,0,0,/data1/lsj9862/VR/ptrm_public_runs/debugged_ivon_scratch_hp_260705/evals/a_lrclip_18_c0p03_lr0p001/step_5000/eval.json
2026-07-14T11:34:41Z,,full_train__subset1000__d16__ivon_parameter_sampling,selected|pass_at_10,completed,debugged_ivon_scratch_hp_260705,a_lrclip_19_c0p03_lr0p0015,5000,full_train,subset,1000,1000,1000,,0,,16,1,ivon_parameter_sampling,0,50000,128,0.0015,600,,1,0.0001,1,0.9,10000000,1,0.99,0.0001,0.03,price,0.275,clip,0.35,delayed_fixed_depth,delayed_token_only,2500,persistent,false,true,true,0.999,0,0,/data1/lsj9862/VR/ptrm_public_runs/debugged_ivon_scratch_hp_260705/evals/a_lrclip_19_c0p03_lr0p0015/step_5000/eval.json
2026-07-14T11:34:41Z,,full_train__subset1000__d16__ivon_parameter_sampling,selected|pass_at_10,completed,debugged_ivon_scratch_hp_260705,a_lrclip_22_c0p01_lr0p0015,5000,full_train,subset,1000,1000,1000,,0,,16,1,ivon_parameter_sampling,0,50000,128,0.0015,600,,1,0.0001,1,0.9,10000000,1,0.99,0.0001,0.01,price,0.275,clip,0.35,delayed_fixed_depth,delayed_token_only,2500,persistent,false,true,true,0.999,0,0,/data1/lsj9862/VR/ptrm_public_runs/debugged_ivon_scratch_hp_260705/evals/a_lrclip_22_c0p01_lr0p0015/step_5000/eval.json
2026-07-14T11:34:41Z,,full_train__subset1000__d16__ivon_parameter_sampling,selected|pass_at_10,completed,debugged_ivon_scratch_hp_260705,a_lrclip_23_c0p01_lr0p003,5000,full_train,subset,1000,1000,1000,,0,,16,1,ivon_parameter_sampling,0,50000,128,0.003,600,,1,0.0001,1,0.9,10000000,1,0.99,0.0001,0.01,price,0.275,clip,0.35,delayed_fixed_depth,delayed_token_only,2500,persistent,false,true,true,0.999,0,0,/data1/lsj9862/VR/ptrm_public_runs/debugged_ivon_scratch_hp_260705/evals/a_lrclip_23_c0p01_lr0p003/step_5000/eval.json
2026-07-14T11:34:41Z,,full_train__subset1000__d16__ivon_parameter_sampling,selected|pass_at_10,completed,debugged_ivon_scratch_hp_260705,a_lrclip_24_c0p01_lr0p005,5000,full_train,subset,1000,1000,1000,,0,,16,1,ivon_parameter_sampling,0,50000,128,0.005,600,,1,0.0001,1,0.9,10000000,1,0.99,0.0001,0.01,price,0.275,clip,0.35,delayed_fixed_depth,delayed_token_only,2500,persistent,false,true,true,0.999,0,0,/data1/lsj9862/VR/ptrm_public_runs/debugged_ivon_scratch_hp_260705/evals/a_lrclip_24_c0p01_lr0p005/step_5000/eval.json
2026-07-14T11:34:41Z,,full_train__subset1000__d16__ivon_parameter_sampling,selected|pass_at_10,completed,debugged_ivon_scratch_hp_260705,a_lrclip_26_c0p003_lr0p003,5000,full_train,subset,1000,1000,1000,,0,,16,1,ivon_parameter_sampling,0,50000,128,0.003,600,,1,0.0001,1,0.9,10000000,1,0.99,0.0001,0.003,price,0.275,clip,0.35,delayed_fixed_depth,delayed_token_only,2500,persistent,false,true,true,0.999,0,0,/data1/lsj9862/VR/ptrm_public_runs/debugged_ivon_scratch_hp_260705/evals/a_lrclip_26_c0p003_lr0p003/step_5000/eval.json
2026-07-14T11:34:41Z,,full_train__subset1000__d16__ivon_parameter_sampling,selected|pass_at_10,completed,debugged_ivon_scratch_hp_260705,a_lrclip_27_c0p003_lr0p005,5000,full_train,subset,1000,1000,1000,,0,,16,1,ivon_parameter_sampling,0,50000,128,0.005,600,,1,0.0001,1,0.9,10000000,1,0.99,0.0001,0.003,price,0.275,clip,0.35,delayed_fixed_depth,delayed_token_only,2500,persistent,false,true,true,0.999,0,0,/data1/lsj9862/VR/ptrm_public_runs/debugged_ivon_scratch_hp_260705/evals/a_lrclip_27_c0p003_lr0p005/step_5000/eval.json
2026-07-14T11:34:41Z,,full_train__subset1000__d16__ivon_parameter_sampling,selected|pass_at_10,completed,debugged_ivon_scratch_hp_260705,a_lrclip_28_c0p003_lr0p008,5000,full_train,subset,1000,1000,1000,,0,,16,1,ivon_parameter_sampling,0,50000,128,0.008,600,,1,0.0001,1,0.9,10000000,1,0.99,0.0001,0.003,price,0.275,clip,0.35,delayed_fixed_depth,delayed_token_only,2500,persistent,false,true,true,0.999,0,0,/data1/lsj9862/VR/ptrm_public_runs/debugged_ivon_scratch_hp_260705/evals/a_lrclip_28_c0p003_lr0p008/step_5000/eval.json
2026-07-14T11:34:41Z,,full_train__subset1000__d16__ivon_parameter_sampling,selected|pass_at_10,completed,debugged_ivon_scratch_hp_260705,a_lrclip_29_c0p003_lr0p01,5000,full_train,subset,1000,1000,1000,,0,,16,1,ivon_parameter_sampling,0,50000,128,0.01,600,,1,0.0001,1,0.9,10000000,1,0.99,0.0001,0.003,price,0.275,clip,0.35,delayed_fixed_depth,delayed_token_only,2500,persistent,false,true,true,0.999,0,0,/data1/lsj9862/VR/ptrm_public_runs/debugged_ivon_scratch_hp_260705/evals/a_lrclip_29_c0p003_lr0p01/step_5000/eval.json
2026-07-14T11:34:41Z,,full_train__subset1000__d16__ivon_parameter_sampling,selected|pass_at_10,completed,debugged_ivon_scratch_hp_260705,a_lrclip_30_c0p001_lr0p005,5000,full_train,subset,1000,1000,1000,,0,,16,1,ivon_parameter_sampling,0,50000,128,0.005,600,,1,0.0001,1,0.9,10000000,1,0.99,0.0001,0.001,price,0.275,clip,0.35,delayed_fixed_depth,delayed_token_only,2500,persistent,false,true,true,0.999,0,0,/data1/lsj9862/VR/ptrm_public_runs/debugged_ivon_scratch_hp_260705/evals/a_lrclip_30_c0p001_lr0p005/step_5000/eval.json
2026-07-14T11:34:41Z,,full_train__subset1000__d16__ivon_parameter_sampling,selected|pass_at_10,completed,debugged_ivon_scratch_hp_260705,a_lrclip_31_c0p001_lr0p008,5000,full_train,subset,1000,1000,1000,,0,,16,1,ivon_parameter_sampling,0,50000,128,0.008,600,,1,0.0001,1,0.9,10000000,1,0.99,0.0001,0.001,price,0.275,clip,0.35,delayed_fixed_depth,delayed_token_only,2500,persistent,false,true,true,0.999,0,0,/data1/lsj9862/VR/ptrm_public_runs/debugged_ivon_scratch_hp_260705/evals/a_lrclip_31_c0p001_lr0p008/step_5000/eval.json
2026-07-14T11:34:41Z,,full_train__subset1000__d16__ivon_parameter_sampling,selected|pass_at_10,completed,debugged_ivon_scratch_hp_260705,a_lrclip_32_c0p001_lr0p01,5000,full_train,subset,1000,1000,1000,,0,,16,1,ivon_parameter_sampling,0,50000,128,0.01,600,,1,0.0001,1,0.9,10000000,1,0.99,0.0001,0.001,price,0.275,clip,0.35,delayed_fixed_depth,delayed_token_only,2500,persistent,false,true,true,0.999,0,0,/data1/lsj9862/VR/ptrm_public_runs/debugged_ivon_scratch_hp_260705/evals/a_lrclip_32_c0p001_lr0p01/step_5000/eval.json
2026-07-14T11:34:41Z,,full_train__subset1000__d16__ivon_parameter_sampling,selected|pass_at_10,completed,debugged_ivon_scratch_hp_260705,a_paperish_h001_ess1e6,5000,full_train,subset,1000,1000,1000,,0,,16,1,ivon_parameter_sampling,0,50000,128,0.0007,600,,1,0.0001,1,0.9,1000000,0.01,0.99995,0.0001,inf,price,0.275,clip,0.35,delayed_fixed_depth,delayed_token_only,2500,persistent,true,true,true,0.999,0,0,/data1/lsj9862/VR/ptrm_public_runs/debugged_ivon_scratch_hp_260705/evals/a_paperish_h001_ess1e6/step_5000/eval.json
2026-07-14T11:34:41Z,,full_train__subset1000__d16__ivon_parameter_sampling,selected|pass_at_10,completed,debugged_ivon_scratch_hp_260705,a_rescale_on_b0p99995_cinf,5000,full_train,subset,1000,1000,1000,,0,,16,1,ivon_parameter_sampling,0,50000,128,0.0007,600,,1,0.0001,1,0.9,10000000,1,0.99995,0.0001,inf,price,0.275,clip,0.35,delayed_fixed_depth,delayed_token_only,2500,persistent,true,true,true,0.999,0,0,/data1/lsj9862/VR/ptrm_public_runs/debugged_ivon_scratch_hp_260705/evals/a_rescale_on_b0p99995_cinf/step_5000/eval.json
2026-07-14T11:34:41Z,,full_train__subset1000__d16__ivon_parameter_sampling,selected|pass_at_10,completed,debugged_ivon_scratch_hp_260705,a_rescale_on_b0p99999_cinf,5000,full_train,subset,1000,1000,1000,,0,,16,1,ivon_parameter_sampling,0,50000,128,0.0007,600,,1,0.0001,1,0.9,10000000,1,0.99999,0.0001,inf,price,0.275,clip,0.35,delayed_fixed_depth,delayed_token_only,2500,persistent,true,true,true,0.999,0,0,/data1/lsj9862/VR/ptrm_public_runs/debugged_ivon_scratch_hp_260705/evals/a_rescale_on_b0p99999_cinf/step_5000/eval.json
2026-07-14T11:34:41Z,,full_train__subset1000__d16__ivon_parameter_sampling,selected|pass_at_10,completed,debugged_ivon_scratch_hp_260705,a_rescale_on_b0p9999_cinf,5000,full_train,subset,1000,1000,1000,,0,,16,1,ivon_parameter_sampling,0,50000,128,0.0007,600,,1,0.0001,1,0.9,10000000,1,0.9999,0.0001,inf,price,0.275,clip,0.35,delayed_fixed_depth,delayed_token_only,2500,persistent,true,true,true,0.999,0,0,/data1/lsj9862/VR/ptrm_public_runs/debugged_ivon_scratch_hp_260705/evals/a_rescale_on_b0p9999_cinf/step_5000/eval.json
2026-07-14T11:34:41Z,,full_train__subset1000__d16__ivon_parameter_sampling,selected|pass_at_10,completed,debugged_ivon_scratch_hp_260705,a_rescale_on_b0p999_cinf,5000,full_train,subset,1000,1000,1000,,0,,16,1,ivon_parameter_sampling,0,50000,128,0.0007,600,,1,0.0001,1,0.9,10000000,1,0.999,0.0001,inf,price,0.275,clip,0.35,delayed_fixed_depth,delayed_token_only,2500,persistent,true,true,true,0.999,0,0,/data1/lsj9862/VR/ptrm_public_runs/debugged_ivon_scratch_hp_260705/evals/a_rescale_on_b0p999_cinf/step_5000/eval.json
2026-07-14T11:34:41Z,,full_train__subset1024__d16__ivon_parameter_sampling,selected|pass_at_10,completed,early_s1,scratch_s1_lr1e-4_ess1e7_h1e-3_b9999_clip1,1000,full_train,subset,1024,1024,1024,,0,,16,1,ivon_parameter_sampling,0,1000,128,0.0001,,,0.1,0.01,0.1,0.9,10000000,0.001,0.9999,1,1,price,,,,,,,,true,true,,,0,0,/data1/lsj9862/VR/trm_sudoku_ivon_260618/from_scratch_hp_search_summary.json
2026-07-14T11:34:41Z,,full_train__subset1024__d16__ivon_parameter_sampling,selected|pass_at_10,completed,early_s1,scratch_s1_lr1e-4_ess1e8_h1e-3_b99995_clip0p3,1000,full_train,subset,1024,1024,1024,,0,,16,1,ivon_parameter_sampling,0,1000,128,0.0001,,,0.1,0.01,0.1,0.9,100000000,0.001,0.99995,1,0.3,price,,,,,,,,true,true,,,0,0,/data1/lsj9862/VR/trm_sudoku_ivon_260618/from_scratch_hp_search_summary.json
2026-07-14T11:34:41Z,,full_train__subset1024__d16__ivon_parameter_sampling,selected|pass_at_10,completed,early_s1,scratch_s1_lr1e-4_ess1e8_h1e-3_b9999_clip1,1000,full_train,subset,1024,1024,1024,,0,,16,1,ivon_parameter_sampling,0,1000,128,0.0001,,,0.1,0.01,0.1,0.9,100000000,0.001,0.9999,1,1,price,,,,,,,,true,true,,,0,0,/data1/lsj9862/VR/trm_sudoku_ivon_260618/from_scratch_hp_search_summary.json
2026-07-14T11:34:41Z,,full_train__subset1024__d16__ivon_parameter_sampling,selected|pass_at_10,completed,early_s1,scratch_s1_lr3e-4_ess1e8_h1e-3_b9999_clip0p3,1000,full_train,subset,1024,1024,1024,,0,,16,1,ivon_parameter_sampling,0,1000,128,0.0003,,,0.1,0.01,0.1,0.9,100000000,0.001,0.9999,1,0.3,price,,,,,,,,true,true,,,0,0,/data1/lsj9862/VR/trm_sudoku_ivon_260618/from_scratch_hp_search_summary.json
2026-07-14T11:34:41Z,,full_train__subset1024__d16__ivon_parameter_sampling,selected|pass_at_10,completed,early_s1,scratch_s1_lr3e-5_ess1e8_h1e-3_b99995_clip1,1000,full_train,subset,1024,1024,1024,,0,,16,1,ivon_parameter_sampling,0,1000,128,3e-05,,,0.1,0.01,0.1,0.9,100000000,0.001,0.99995,1,1,price,,,,,,,,true,true,,,0,0,/data1/lsj9862/VR/trm_sudoku_ivon_260618/from_scratch_hp_search_summary.json
2026-07-14T11:34:41Z,,full_train__subset512__d16__ivon_parameter_sampling,selected|pass_at_10,completed,early_s2,scratch_s2_lr1e-4_ess1e5_h1e-3_b99995_inf,5000,full_train,subset,512,512,512,,0,,16,1,ivon_parameter_sampling,0,5000,128,0.0001,,,0.1,0.01,0.1,0.9,100000,0.001,0.99995,1,inf,price,,,,,,,,true,true,,,0,0,/data1/lsj9862/VR/trm_sudoku_ivon_260618/from_scratch_hp_search_summary.json
2026-07-14T11:34:41Z,,full_train__subset512__d16__ivon_parameter_sampling,selected|pass_at_10,completed,early_s2,scratch_s2_lr1e-4_ess1e6_h1e-1_b99999_inf,5000,full_train,subset,512,512,512,,0,,16,1,ivon_parameter_sampling,0,5000,128,0.0001,,,0.1,0.01,0.1,0.9,1000000,0.1,0.99999,1,inf,price,,,,,,,,true,true,,,0,0,/data1/lsj9862/VR/trm_sudoku_ivon_260618/from_scratch_hp_search_summary.json
2026-07-14T11:34:41Z,,full_train__subset512__d16__ivon_parameter_sampling,selected|pass_at_10,completed,early_s2,scratch_s2_lr1e-4_ess1e6_h1e-3_b99995_inf,5000,full_train,subset,512,512,512,,0,,16,1,ivon_parameter_sampling,0,5000,128,0.0001,,,0.1,0.01,0.1,0.9,1000000,0.001,0.99995,1,inf,price,,,,,,,,true,true,,,0,0,/data1/lsj9862/VR/trm_sudoku_ivon_260618/from_scratch_hp_search_summary.json
2026-07-14T11:34:41Z,,full_train__subset512__d16__ivon_parameter_sampling,selected|pass_at_10,completed,early_s2,scratch_s2_lr1e-4_ess1e7_h1e-2_b99995_clip1,5000,full_train,subset,512,512,512,,0,,16,1,ivon_parameter_sampling,0,5000,128,0.0001,,,0.1,0.01,0.1,0.9,10000000,0.01,0.99995,1,1,price,,,,,,,,true,true,,,0,0,/data1/lsj9862/VR/trm_sudoku_ivon_260618/from_scratch_hp_search_summary.json
2026-07-14T11:34:41Z,,full_train__subset512__d16__ivon_parameter_sampling,selected|pass_at_10,completed,early_s2,scratch_s2_lr3e-4_ess1e6_h1e-2_b99995_inf,5000,full_train,subset,512,512,512,,0,,16,1,ivon_parameter_sampling,0,5000,128,0.0003,,,0.1,0.01,0.1,0.9,1000000,0.01,0.99995,1,inf,price,,,,,,,,true,true,,,0,0,/data1/lsj9862/VR/trm_sudoku_ivon_260618/from_scratch_hp_search_summary.json
2026-07-14T11:34:41Z,,full_train__subset512__d16__ivon_parameter_sampling,selected|pass_at_10,completed,early_s2,scratch_s2_old_like_lr1e-4_ess1e5_h1_b99999_inf,5000,full_train,subset,512,512,512,,0,,16,1,ivon_parameter_sampling,0,5000,128,0.0001,,,0.1,0.01,0.1,0.9,100000,1,0.99999,1,inf,price,,,,,,,,true,true,,,0,0,/data1/lsj9862/VR/trm_sudoku_ivon_260618/from_scratch_hp_search_summary.json
2026-07-14T11:34:41Z,,full_train__subset512__d16__ivon_parameter_sampling,selected|pass_at_10,completed,early_s3,scratch_s3_lr1e-3_ess1e6_h1e-2_b99995_inf,10000,full_train,subset,512,512,512,,0,,16,1,ivon_parameter_sampling,0,10000,128,0.001,,,0.1,0.01,0.1,0.9,1000000,0.01,0.99995,1,inf,price,,,,,,,,true,true,,,0,0,/data1/lsj9862/VR/trm_sudoku_ivon_260618/from_scratch_hp_search_summary.json
2026-07-14T11:34:41Z,,full_train__subset512__d16__ivon_parameter_sampling,selected|pass_at_10,completed,early_s3,scratch_s3_lr3e-4_ess1e5_h1e-2_b99995_inf,10000,full_train,subset,512,512,512,,0,,16,1,ivon_parameter_sampling,0,10000,128,0.0003,,,0.1,0.01,0.1,0.9,100000,0.01,0.99995,1,inf,price,,,,,,,,true,true,,,0,0,/data1/lsj9862/VR/trm_sudoku_ivon_260618/from_scratch_hp_search_summary.json
2026-07-14T11:34:41Z,,full_train__subset512__d16__ivon_parameter_sampling,selected|pass_at_10,completed,early_s3,scratch_s3_lr3e-4_ess1e6_h1e-2_b99995_inf,10000,full_train,subset,512,512,512,,0,,16,1,ivon_parameter_sampling,0,10000,128,0.0003,,,0.1,0.01,0.1,0.9,1000000,0.01,0.99995,1,inf,price,,,,,,,,true,true,,,0,0,/data1/lsj9862/VR/trm_sudoku_ivon_260618/from_scratch_hp_search_summary.json
2026-07-14T11:34:41Z,,full_train__subset512__d16__ivon_parameter_sampling,selected|pass_at_10,completed,early_s3,scratch_s3_lr3e-4_ess1e6_h1e-3_b99995_inf,10000,full_train,subset,512,512,512,,0,,16,1,ivon_parameter_sampling,0,10000,128,0.0003,,,0.1,0.01,0.1,0.9,1000000,0.001,0.99995,1,inf,price,,,,,,,,true,true,,,0,0,/data1/lsj9862/VR/trm_sudoku_ivon_260618/from_scratch_hp_search_summary.json
2026-07-14T11:34:41Z,,full_train__subset512__d16__ivon_parameter_sampling,selected|pass_at_10,completed,early_s3,scratch_s3_lr5e-4_ess1e5_h1e-2_b99995_inf,10000,full_train,subset,512,512,512,,0,,16,1,ivon_parameter_sampling,0,10000,128,0.0005,,,0.1,0.01,0.1,0.9,100000,0.01,0.99995,1,inf,price,,,,,,,,true,true,,,0,0,/data1/lsj9862/VR/trm_sudoku_ivon_260618/from_scratch_hp_search_summary.json
2026-07-14T11:34:41Z,,full_train__subset512__d16__ivon_parameter_sampling,selected|pass_at_10,completed,early_s3,scratch_s3_lr5e-4_ess1e6_h1e-2_b99995_inf,10000,full_train,subset,512,512,512,,0,,16,1,ivon_parameter_sampling,0,10000,128,0.0005,,,0.1,0.01,0.1,0.9,1000000,0.01,0.99995,1,inf,price,,,,,,,,true,true,,,0,0,/data1/lsj9862/VR/trm_sudoku_ivon_260618/from_scratch_hp_search_summary.json
2026-07-14T11:34:41Z,,full_train__subset1000__d16__ivon_parameter_sampling,selected|pass_at_10,completed,full_stage4_quick_eval_final_limit1000_k10_d16_260622,fs4_004_from_ms3_013_from_ms2_019_from_ts1_000_anchor_s7_s7g0,,full_train,subset,1000,1000,1000,,0,128,16,1,ivon_parameter_sampling,,,,,,,,,,,,,,,,,,,,,,,,,,,,0,0,/data1/lsj9862/VR/trm_sudoku_ivon_hpsearch_260619/full_stage4_quick_eval_final_limit1000_k10_d16_260622/fs4_004_from_ms3_013_from_ms2_019_from_ts1_000_anchor_s7_s7g0/output.json
2026-07-14T11:34:41Z,,full_train__subset1000__d16__ivon_parameter_sampling,selected|pass_at_10,completed,ivon_goal_batch128_smallclip_sidecar_260713,b128_sc_lr0p010_c0p001_w1000,12000,full_train,subset,1000,1000,1000,,0,,16,1,ivon_parameter_sampling,0,50000,128,0.01,1000,old_piece_20_30_385,1,0.0001,1,0.9,10000000,1,0.99,0.0001,0.001,price,0.275,clip,0.35,delayed_fixed_depth,delayed_token_only,2500,persistent,false,true,true,0.999,0,0,/data1/lsj9862/VR/ptrm_public_runs/ivon_goal_batch128_smallclip_sidecar_260713/evals/b128_sc_lr0p010_c0p001_w1000/step_12000/eval.json
2026-07-14T11:34:41Z,,full_train__subset1000__d16__ivon_parameter_sampling,selected|pass_at_10,completed,ivon_goal_search_260712,core_v6_ess3e6,12000,full_train,subset,1000,1000,1000,,0,,16,1,ivon_parameter_sampling,0,50000,768,0.0007,600,piece_v36v416,1,0.0001,1,0.9,3000000,1,0.99,0.0001,0.2,price,0.25,clip,0.35,delayed_fixed_depth,full,2500,persistent,false,true,true,0.999,0,0,/data1/lsj9862/VR/ptrm_public_runs/ivon_goal_search_260712/evals/core_v6_ess3e6/step_12000/eval.json
2026-07-14T11:34:41Z,,full_train__subset1000__d16__ivon_parameter_sampling,selected|pass_at_10,completed,ivon_goal_search_260712,muon_whiten_clip01,12000,full_train,subset,1000,1000,1000,,0,,16,1,ivon_parameter_sampling,0,50000,768,0.0007,600,piece_v36v416,1,0.0001,1,0.9,10000000,1,0.99,0.0001,0.1,price,0.25,muon_whiten,0.35,delayed_fixed_depth,full,2500,persistent,false,true,true,0.999,0,0,/data1/lsj9862/VR/ptrm_public_runs/ivon_goal_search_260712/evals/muon_whiten_clip01/step_12000/eval.json
2026-07-14T11:34:41Z,,full_train__subset1000__d16__ivon_parameter_sampling,selected|pass_at_10,completed,ivon_goal_search_260712,muon_whiten_clip02,12000,full_train,subset,1000,1000,1000,,0,,16,1,ivon_parameter_sampling,0,50000,768,0.0007,600,piece_v36v416,1,0.0001,1,0.9,10000000,1,0.99,0.0001,0.2,price,0.25,muon_whiten,0.35,delayed_fixed_depth,full,2500,persistent,false,true,true,0.999,0,0,/data1/lsj9862/VR/ptrm_public_runs/ivon_goal_search_260712/evals/muon_whiten_clip02/step_12000/eval.json
2026-07-14T11:34:41Z,,full_train__subset1000__d16__ivon_parameter_sampling,selected|pass_at_10,completed,quick_eval_s6_limit1000,s6_g0_b128_official_wd1_lr1e-4_ess1e5_h1_b99999_pelr1e-4,65100,full_train,subset,1000,1000,1000,,0,128,16,1,ivon_parameter_sampling,0,65100,128,0.0001,2000,,1,0.0001,1,0.9,100000,1,0.99999,1,inf,price,,,,,,,,true,true,,,0,0,/data1/lsj9862/VR/trm_sudoku_ivon_from_scratch_260618/quick_eval_s6_limit1000/s6_g0_b128_official_wd1_lr1e-4_ess1e5_h1_b99999_pelr1e-4.json
2026-07-14T11:34:41Z,,full_train__subset1000__d16__ivon_parameter_sampling,selected|pass_at_10,completed,quick_eval_s6_limit1000,s6_g1_b128_wd1_lr3e-4_ess1e6_h1e-2_b99995_pelr1e-4,65100,full_train,subset,1000,1000,1000,,0,128,16,1,ivon_parameter_sampling,0,65100,128,0.0003,2000,,1,0.0001,1,0.9,1000000,0.01,0.99995,1,inf,price,,,,,,,,true,true,,,0,0,/data1/lsj9862/VR/trm_sudoku_ivon_from_scratch_260618/quick_eval_s6_limit1000/s6_g1_b128_wd1_lr3e-4_ess1e6_h1e-2_b99995_pelr1e-4.json
2026-07-14T11:34:41Z,,full_train__subset1000__d16__ivon_parameter_sampling,selected|pass_at_10,completed,quick_eval_s6_limit1000,s6_g2_b128_wd0p1_lr3e-4_ess1e6_h1e-2_b99995_pelr1e-4,65100,full_train,subset,1000,1000,1000,,0,128,16,1,ivon_parameter_sampling,0,65100,128,0.0003,2000,,0.1,0.0001,0.1,0.9,1000000,0.01,0.99995,0.1,inf,price,,,,,,,,true,true,,,0,0,/data1/lsj9862/VR/trm_sudoku_ivon_from_scratch_260618/quick_eval_s6_limit1000/s6_g2_b128_wd0p1_lr3e-4_ess1e6_h1e-2_b99995_pelr1e-4.json
2026-07-14T11:34:41Z,,full_train__subset1000__d16__ivon_parameter_sampling,selected|pass_at_10,completed,quick_eval_s6_limit1000,s6_g3_b128_wd0p01_lr3e-4_ess1e6_h1e-2_b99995_pelr1e-4,65100,full_train,subset,1000,1000,1000,,0,128,16,1,ivon_parameter_sampling,0,65100,128,0.0003,2000,,0.01,0.0001,0.1,0.9,1000000,0.01,0.99995,0.01,inf,price,,,,,,,,true,true,,,0,0,/data1/lsj9862/VR/trm_sudoku_ivon_from_scratch_260618/quick_eval_s6_limit1000/s6_g3_b128_wd0p01_lr3e-4_ess1e6_h1e-2_b99995_pelr1e-4.json
2026-07-14T11:34:41Z,,full_train__subset1000__d16__ivon_parameter_sampling,selected|pass_at_10,completed,quick_eval_s6_limit1000,s6_g4_b128_wd0p001_lr5e-4_ess1e6_h1e-2_b99995_pelr1e-4,65100,full_train,subset,1000,1000,1000,,0,128,16,1,ivon_parameter_sampling,0,65100,128,0.0005,2000,,0.001,0.0001,0.1,0.9,1000000,0.01,0.99995,0.001,inf,price,,,,,,,,true,true,,,0,0,/data1/lsj9862/VR/trm_sudoku_ivon_from_scratch_260618/quick_eval_s6_limit1000/s6_g4_b128_wd0p001_lr5e-4_ess1e6_h1e-2_b99995_pelr1e-4.json
2026-07-14T11:34:41Z,,full_train__subset1000__d16__ivon_parameter_sampling,selected|pass_at_10,completed,quick_eval_s6_limit1000,s6_g5_b128_wd0p01_lr3e-4_ess1e6_h1e-2_b99995_pelr1e-3,65100,full_train,subset,1000,1000,1000,,0,128,16,1,ivon_parameter_sampling,0,65100,128,0.0003,2000,,0.01,0.001,0.1,0.9,1000000,0.01,0.99995,0.01,inf,price,,,,,,,,true,true,,,0,0,/data1/lsj9862/VR/trm_sudoku_ivon_from_scratch_260618/quick_eval_s6_limit1000/s6_g5_b128_wd0p01_lr3e-4_ess1e6_h1e-2_b99995_pelr1e-3.json
2026-07-14T11:34:41Z,,full_train__subset1000__d16__ivon_parameter_sampling,selected|pass_at_10,completed,quick_eval_s7_step20000_limit1000,s7_g0_b768_ema_official_wd1_lr1e-4_ess1e5_h1_b99999,20000,full_train,subset,1000,1000,1000,,0,128,16,1,ivon_parameter_sampling,0,65100,768,0.0001,2000,,1,0.0001,1,0.9,100000,1,0.99999,1,inf,price,,,,,,,,true,true,true,0.999,0,0,/data1/lsj9862/VR/trm_sudoku_ivon_from_scratch_260618/quick_eval_s7_step20000_limit1000/s7_g0_b768_ema_official_wd1_lr1e-4_ess1e5_h1_b99999.json
2026-07-14T11:34:41Z,,full_train__subset1000__d16__ivon_parameter_sampling,selected|pass_at_10,completed,quick_eval_s7_step20000_limit1000,s7_g1_b768_ema_wd0p1_lr1e-4_ess1e6_h1e-2_b99995,20000,full_train,subset,1000,1000,1000,,0,128,16,1,ivon_parameter_sampling,0,65100,768,0.0001,2000,,0.1,0.0001,0.1,0.9,1000000,0.01,0.99995,0.1,inf,price,,,,,,,,true,true,true,0.999,0,0,/data1/lsj9862/VR/trm_sudoku_ivon_from_scratch_260618/quick_eval_s7_step20000_limit1000/s7_g1_b768_ema_wd0p1_lr1e-4_ess1e6_h1e-2_b99995.json
2026-07-14T11:34:41Z,,full_train__subset1000__d16__ivon_parameter_sampling,selected|pass_at_10,completed,quick_eval_s7_step20000_limit1000,s7_g2_b768_ema_wd0p1_lr3e-4_ess1e6_h1e-2_b99995,20000,full_train,subset,1000,1000,1000,,0,128,16,1,ivon_parameter_sampling,0,65100,768,0.0003,2000,,0.1,0.0001,0.1,0.9,1000000,0.01,0.99995,0.1,inf,price,,,,,,,,true,true,true,0.999,0,0,/data1/lsj9862/VR/trm_sudoku_ivon_from_scratch_260618/quick_eval_s7_step20000_limit1000/s7_g2_b768_ema_wd0p1_lr3e-4_ess1e6_h1e-2_b99995.json
2026-07-14T11:34:41Z,,full_train__subset1000__d16__ivon_parameter_sampling,selected|pass_at_10,completed,quick_eval_s7_step20000_limit1000,s7_g3_b768_ema_wd0p01_lr3e-4_ess1e6_h1e-3_b99995,20000,full_train,subset,1000,1000,1000,,0,128,16,1,ivon_parameter_sampling,0,65100,768,0.0003,2000,,0.01,0.0001,0.1,0.9,1000000,0.001,0.99995,0.01,inf,price,,,,,,,,true,true,true,0.999,0,0,/data1/lsj9862/VR/trm_sudoku_ivon_from_scratch_260618/quick_eval_s7_step20000_limit1000/s7_g3_b768_ema_wd0p01_lr3e-4_ess1e6_h1e-3_b99995.json
2026-07-14T11:34:41Z,,full_train__subset1000__d16__ivon_parameter_sampling,selected|pass_at_10,completed,quick_eval_s7_step20000_limit1000,s7_g4_b768_ema_wd0p001_lr5e-4_ess1e6_h1e-3_b99995,20000,full_train,subset,1000,1000,1000,,0,128,16,1,ivon_parameter_sampling,0,65100,768,0.0005,2000,,0.001,0.0001,0.1,0.9,1000000,0.001,0.99995,0.001,inf,price,,,,,,,,true,true,true,0.999,0,0,/data1/lsj9862/VR/trm_sudoku_ivon_from_scratch_260618/quick_eval_s7_step20000_limit1000/s7_g4_b768_ema_wd0p001_lr5e-4_ess1e6_h1e-3_b99995.json
2026-07-14T11:34:41Z,,full_train__subset1000__d16__ivon_parameter_sampling,selected|pass_at_10,completed,quick_eval_s7_step20000_limit1000,s7_g5_b768_ema_wd0p1_lr1e-4_ess1e7_h1e-3_b99995,20000,full_train,subset,1000,1000,1000,,0,128,16,1,ivon_parameter_sampling,0,65100,768,0.0001,2000,,0.1,0.0001,0.1,0.9,10000000,0.001,0.99995,0.1,inf,price,,,,,,,,true,true,true,0.999,0,0,/data1/lsj9862/VR/trm_sudoku_ivon_from_scratch_260618/quick_eval_s7_step20000_limit1000/s7_g5_b768_ema_wd0p1_lr1e-4_ess1e7_h1e-3_b99995.json
2026-07-14T11:34:41Z,,full_train__subset1000__d16__ivon_parameter_sampling,selected|pass_at_10,completed,v11_ivon_anchor_axis_260701,v11a_delayed_token_gradsq,35000,full_train,subset,1000,1000,1000,,0,128,16,1,ivon_parameter_sampling,0,50000,128,0.0007,600,,1,0.0001,1,0.9,10000000,1,0.99,0.0001,0.2,gradsq,0.275,,0.35,delayed_fixed_depth,delayed_token_only,2500,persistent,false,true,true,0.999,0,0,/data1/lsj9862/VR/trm_sudoku_ivon_hpsearch_260619/source_server_autonomous_hp_260630/v11_ivon_anchor_axis_260701/eval_queue/v11a_delayed_token_gradsq/raw_step_35000_k10d16_limit1000/output.json
2026-07-14T11:34:41Z,,full_train__subset1000__d16__ivon_parameter_sampling,selected|pass_at_10,completed,v11_ivon_anchor_axis_260701,v11a_delayed_token_gradsq,37500,full_train,subset,1000,1000,1000,,0,128,16,1,ivon_parameter_sampling,0,50000,128,0.0007,600,,1,0.0001,1,0.9,10000000,1,0.99,0.0001,0.2,gradsq,0.275,,0.35,delayed_fixed_depth,delayed_token_only,2500,persistent,false,true,true,0.999,0,0,/data1/lsj9862/VR/trm_sudoku_ivon_hpsearch_260619/source_server_autonomous_hp_260630/v11_ivon_anchor_axis_260701/eval_queue/v11a_delayed_token_gradsq/raw_step_37500_k10d16_limit1000/output.json
2026-07-14T11:34:41Z,,full_train__subset1000__d16__ivon_parameter_sampling,selected|pass_at_10,completed,v11_ivon_anchor_axis_260701,v11a_delayed_token_gradsq,40000,full_train,subset,1000,1000,1000,,0,128,16,1,ivon_parameter_sampling,0,50000,128,0.0007,600,,1,0.0001,1,0.9,10000000,1,0.99,0.0001,0.2,gradsq,0.275,,0.35,delayed_fixed_depth,delayed_token_only,2500,persistent,false,true,true,0.999,0,0,/data1/lsj9862/VR/trm_sudoku_ivon_hpsearch_260619/source_server_autonomous_hp_260630/v11_ivon_anchor_axis_260701/eval_queue/v11a_delayed_token_gradsq/raw_step_40000_k10d16_limit1000/output.json
2026-07-14T11:34:41Z,,full_train__subset1000__d16__ivon_parameter_sampling,selected|pass_at_10,completed,v11_ivon_anchor_axis_260701,v11a_delayed_token_gradsq,42500,full_train,subset,1000,1000,1000,,0,128,16,1,ivon_parameter_sampling,0,50000,128,0.0007,600,,1,0.0001,1,0.9,10000000,1,0.99,0.0001,0.2,gradsq,0.275,,0.35,delayed_fixed_depth,delayed_token_only,2500,persistent,false,true,true,0.999,0,0,/data1/lsj9862/VR/trm_sudoku_ivon_hpsearch_260619/source_server_autonomous_hp_260630/v11_ivon_anchor_axis_260701/eval_queue/v11a_delayed_token_gradsq/raw_step_42500_k10d16_limit1000/output.json
2026-07-14T11:34:41Z,,full_train__subset1000__d16__ivon_parameter_sampling,selected|pass_at_10,completed,v11_ivon_anchor_axis_260701,v11a_delayed_token_gradsq,45000,full_train,subset,1000,1000,1000,,0,128,16,1,ivon_parameter_sampling,0,50000,128,0.0007,600,,1,0.0001,1,0.9,10000000,1,0.99,0.0001,0.2,gradsq,0.275,,0.35,delayed_fixed_depth,delayed_token_only,2500,persistent,false,true,true,0.999,0,0,/data1/lsj9862/VR/trm_sudoku_ivon_hpsearch_260619/source_server_autonomous_hp_260630/v11_ivon_anchor_axis_260701/eval_queue/v11a_delayed_token_gradsq/raw_step_45000_k10d16_limit1000/output.json
2026-07-14T11:34:41Z,,full_train__subset1000__d16__ivon_parameter_sampling,selected|pass_at_10,completed,v11_ivon_anchor_axis_260701,v11a_delayed_token_gradsq,47500,full_train,subset,1000,1000,1000,,0,128,16,1,ivon_parameter_sampling,0,50000,128,0.0007,600,,1,0.0001,1,0.9,10000000,1,0.99,0.0001,0.2,gradsq,0.275,,0.35,delayed_fixed_depth,delayed_token_only,2500,persistent,false,true,true,0.999,0,0,/data1/lsj9862/VR/trm_sudoku_ivon_hpsearch_260619/source_server_autonomous_hp_260630/v11_ivon_anchor_axis_260701/eval_queue/v11a_delayed_token_gradsq/raw_step_47500_k10d16_limit1000/output.json
2026-07-14T11:34:41Z,,full_train__subset1000__d16__ivon_parameter_sampling,selected|pass_at_10,completed,v11_ivon_anchor_axis_260701,v11a_delayed_token_gradsq,50000,full_train,subset,1000,1000,1000,,0,128,16,1,ivon_parameter_sampling,0,50000,128,0.0007,600,,1,0.0001,1,0.9,10000000,1,0.99,0.0001,0.2,gradsq,0.275,,0.35,delayed_fixed_depth,delayed_token_only,2500,persistent,false,true,true,0.999,0,0,/data1/lsj9862/VR/trm_sudoku_ivon_hpsearch_260619/source_server_autonomous_hp_260630/v11_ivon_anchor_axis_260701/eval_queue/v11a_delayed_token_gradsq/raw_final_k10d16_limit1000/output.json
2026-07-14T11:34:41Z,,full_train__subset1000__d16__ivon_parameter_sampling,selected|pass_at_10,completed,v15_exact_lowlevel_hp_260702,v15_03_ess3e6,30000,full_train,subset,1000,1000,1000,,0,128,16,1,ivon_parameter_sampling,0,50000,128,0.0007,600,,1,0.0001,1,0.9,3000000,1,0.99,0.0001,0.2,price,0.275,,0.35,delayed_fixed_depth,delayed_token_only,2500,persistent,false,true,true,0.999,0,0,/data1/lsj9862/VR/trm_sudoku_ivon_hpsearch_260619/source_server_autonomous_hp_260630/v15_exact_lowlevel_hp_260702/eval_queue/v15_03_ess3e6/raw_step_30000_k10d16_limit1000/output.json
2026-07-14T11:34:41Z,,full_train__subset1000__d16__ivon_parameter_sampling,selected|pass_at_10,completed,v15_exact_lowlevel_hp_260702,v15_06_beta9999,30000,full_train,subset,1000,1000,1000,,0,128,16,1,ivon_parameter_sampling,0,50000,128,0.0007,600,,1,0.0001,1,0.9,10000000,1,0.9999,0.0001,0.2,price,0.275,,0.35,delayed_fixed_depth,delayed_token_only,2500,persistent,false,true,true,0.999,0,0,/data1/lsj9862/VR/trm_sudoku_ivon_hpsearch_260619/source_server_autonomous_hp_260630/v15_exact_lowlevel_hp_260702/eval_queue/v15_06_beta9999/raw_step_30000_k10d16_limit1000/output.json
2026-07-14T11:34:41Z,,full_train__subset1000__d16__ivon_parameter_sampling,selected|pass_at_10,completed,v15_exact_lowlevel_hp_260702,v15_07_rescale_b99999_clipinf,30000,full_train,subset,1000,1000,1000,,0,128,16,1,ivon_parameter_sampling,0,50000,128,0.0007,600,,1,0.0001,1,0.9,10000000,1,0.99999,0.0001,inf,price,0.275,,0.35,delayed_fixed_depth,delayed_token_only,2500,persistent,true,true,true,0.999,0,0,/data1/lsj9862/VR/trm_sudoku_ivon_hpsearch_260619/source_server_autonomous_hp_260630/v15_exact_lowlevel_hp_260702/eval_queue/v15_07_rescale_b99999_clipinf/raw_step_30000_k10d16_limit1000/output.json
2026-07-14T11:34:41Z,,full_train__subset1000__d16__ivon_parameter_sampling,selected|pass_at_10,completed,v15_exact_lowlevel_hp_260702,v15_08_paperish_h001_ess1e6,30000,full_train,subset,1000,1000,1000,,0,128,16,1,ivon_parameter_sampling,0,50000,128,0.0007,600,,1,0.0001,1,0.9,1000000,0.01,0.99995,0.0001,inf,price,0.275,,0.35,delayed_fixed_depth,delayed_token_only,2500,persistent,true,true,true,0.999,0,0,/data1/lsj9862/VR/trm_sudoku_ivon_hpsearch_260619/source_server_autonomous_hp_260630/v15_exact_lowlevel_hp_260702/eval_queue/v15_08_paperish_h001_ess1e6/raw_step_30000_k10d16_limit1000/output.json
2026-07-14T11:34:41Z,,full_train__subset1000__d16__ivon_parameter_sampling,selected|pass_at_10,completed,v15_exact_lowlevel_hp_260702,v15_09_gradsq,30000,full_train,subset,1000,1000,1000,,0,128,16,1,ivon_parameter_sampling,0,50000,128,0.0007,600,,1,0.0001,1,0.9,10000000,1,0.99,0.0001,0.2,gradsq,0.275,,0.35,delayed_fixed_depth,delayed_token_only,2500,persistent,false,true,true,0.999,0,0,/data1/lsj9862/VR/trm_sudoku_ivon_hpsearch_260619/source_server_autonomous_hp_260630/v15_exact_lowlevel_hp_260702/eval_queue/v15_09_gradsq/raw_step_30000_k10d16_limit1000/output.json
2026-07-14T11:34:41Z,,full_train__subset1000__d16__ivon_parameter_sampling,selected|pass_at_10,completed,v20_small_clip_large_lr_260703,v20_03_clip0p01_lr1e3,30000,full_train,subset,1000,1000,1000,,0,128,16,1,ivon_parameter_sampling,0,50000,128,0.001,600,,1,0.000142857142857,1,0.9,10000000,1,0.99,0.0001,0.01,price,0.275,,0.35,delayed_fixed_depth,delayed_token_only,2500,persistent,false,true,true,0.999,0,0,/data1/lsj9862/VR/trm_sudoku_ivon_hpsearch_260619/source_server_autonomous_hp_260630/v20_small_clip_large_lr_260703/eval_queue/v20_03_clip0p01_lr1e3/raw_step_30000_k10d16_limit1000/output.json
2026-07-14T11:34:41Z,,full_train__subset1000__d16__ivon_parameter_sampling,selected|pass_at_10,completed,v20_small_clip_large_lr_260703,v20_07_clip0p001_lr3e3,30000,full_train,subset,1000,1000,1000,,0,128,16,1,ivon_parameter_sampling,0,50000,128,0.003,600,,1,0.000428571428571,1,0.9,10000000,1,0.99,0.0001,0.001,price,0.275,,0.35,delayed_fixed_depth,delayed_token_only,2500,persistent,false,true,true,0.999,0,0,/data1/lsj9862/VR/trm_sudoku_ivon_hpsearch_260619/source_server_autonomous_hp_260630/v20_small_clip_large_lr_260703/eval_queue/v20_07_clip0p001_lr3e3/raw_step_30000_k10d16_limit1000/output.json
2026-07-14T11:34:41Z,,full_train__subset1000__d16__ivon_parameter_sampling,selected|pass_at_10,completed,v20_small_clip_large_lr_260703,v20_08_clip0p001_lr5e3,30000,full_train,subset,1000,1000,1000,,0,128,16,1,ivon_parameter_sampling,0,50000,128,0.005,600,,1,0.000714285714286,1,0.9,10000000,1,0.99,0.0001,0.001,price,0.275,,0.35,delayed_fixed_depth,delayed_token_only,2500,persistent,false,true,true,0.999,0,0,/data1/lsj9862/VR/trm_sudoku_ivon_hpsearch_260619/source_server_autonomous_hp_260630/v20_small_clip_large_lr_260703/eval_queue/v20_08_clip0p001_lr5e3/raw_step_30000_k10d16_limit1000/output.json
2026-07-14T11:34:41Z,,full_train__subset1000__d16__ivon_parameter_sampling,selected|pass_at_10,completed,v20_small_clip_large_lr_260703,v20_09_clip0p001_lr1e2,30000,full_train,subset,1000,1000,1000,,0,128,16,1,ivon_parameter_sampling,0,50000,128,0.01,600,,1,0.00142857142857,1,0.9,10000000,1,0.99,0.0001,0.001,price,0.275,,0.35,delayed_fixed_depth,delayed_token_only,2500,persistent,false,true,true,0.999,0,0,/data1/lsj9862/VR/trm_sudoku_ivon_hpsearch_260619/source_server_autonomous_hp_260630/v20_small_clip_large_lr_260703/eval_queue/v20_09_clip0p001_lr1e2/raw_step_30000_k10d16_limit1000/output.json
2026-07-14T11:34:41Z,,full_train__subset1000__d16__ivon_parameter_sampling,selected|pass_at_10,completed,v2_3_quick_eval_step20000_limit1000_k10_d16_260622,v2_3_003_piecewise_14k_7e4__price_ess1e6,20000,full_train,subset,1000,1000,1000,,0,128,16,1,ivon_parameter_sampling,,,,,,,,,,,,,,,,,,,,,,,,,,,,0,0,/data1/lsj9862/VR/trm_sudoku_ivon_hpsearch_260619/v2_3_quick_eval_step20000_limit1000_k10_d16_260622/v2_3_003_piecewise_14k_7e4__price_ess1e6/output.json
2026-07-14T11:34:41Z,,subset_025__subset1000__d16__ivon_parameter_sampling,selected|pass_at_10,completed,v3_4b_act_qhead_isolation_subset025,v3_4b_003_fixed_full_q0p5_fixed_depth_full_q0p5_delay0_noise0p3_norescale,4000,subset_025,subset,1000,1000,1000,,0,128,16,1,ivon_parameter_sampling,0,5000,128,0.0007,600,,1,0.0001,1,0.9,10000000,1,0.99,0.0001,0.3,price,0.3,,0.5,fixed_depth,full,0,persistent,false,true,false,0.999,6.2,7,/data1/lsj9862/VR/trm_sudoku_ivon_hpsearch_260619/v3_4c_peak_grid_eval_260624/quick_eval_limit1000_k10_d16/v3_4c_q023_v3_4b_003_fixed_full_q0p5_fixed_depth_full_q0p5_delay0_noise0p3_norescale_step4000/output.json
2026-07-14T11:34:41Z,,subset_025__subset1000__d16__ivon_parameter_sampling,selected|pass_at_10,completed,v3_4b_act_qhead_isolation_subset025,v3_4b_006_delay_fixed_full2500_delayed_fixed_depth_full_q0p5_delay2500_noise0p3_norescale,4000,subset_025,subset,1000,1000,1000,,0,128,16,1,ivon_parameter_sampling,0,5000,128,0.0007,600,,1,0.0001,1,0.9,10000000,1,0.99,0.0001,0.3,price,0.3,,0.5,delayed_fixed_depth,full,2500,persistent,false,true,false,0.999,5.5,5.8,/data1/lsj9862/VR/trm_sudoku_ivon_hpsearch_260619/v3_4c_peak_grid_eval_260624/quick_eval_limit1000_k10_d16/v3_4c_q041_v3_4b_006_delay_fixed_full2500_delayed_fixed_depth_full_q0p5_delay2500_noise0p3_norescale_step4000/output.json
2026-07-14T11:34:41Z,,subset_025__subset1000__d16__ivon_parameter_sampling,selected|pass_at_10,completed,v3_4b_act_qhead_isolation_subset025,v3_4b_000_normal_full_q0p5_normal_full_q0p5_delay0_noise0p3_norescale,4000,subset_025,subset,1000,1000,1000,,0,128,16,1,ivon_parameter_sampling,0,5000,128,0.0007,600,,1,0.0001,1,0.9,10000000,1,0.99,0.0001,0.3,price,0.3,,0.5,normal,full,0,persistent,false,true,false,0.999,5.4,5.9,/data1/lsj9862/VR/trm_sudoku_ivon_hpsearch_260619/v3_4c_peak_grid_eval_260624/quick_eval_limit1000_k10_d16/v3_4c_q005_v3_4b_000_normal_full_q0p5_normal_full_q0p5_delay0_noise0p3_norescale_step4000/output.json
2026-07-14T11:34:41Z,,subset_025__subset1000__d16__ivon_parameter_sampling,selected|pass_at_10,completed,v3_4b_act_qhead_isolation_subset025,v3_4b_004_fixed_full_q0p1_fixed_depth_full_q0p1_delay0_noise0p3_norescale,4000,subset_025,subset,1000,1000,1000,,0,128,16,1,ivon_parameter_sampling,0,5000,128,0.0007,600,,1,0.0001,1,0.9,10000000,1,0.99,0.0001,0.3,price,0.3,,0.1,fixed_depth,full,0,persistent,false,true,false,0.999,2.7,4.7,/data1/lsj9862/VR/trm_sudoku_ivon_hpsearch_260619/v3_4c_peak_grid_eval_260624/quick_eval_limit1000_k10_d16/v3_4c_q029_v3_4b_004_fixed_full_q0p1_fixed_depth_full_q0p1_delay0_noise0p3_norescale_step4000/output.json
2026-07-14T11:34:41Z,,subset_025__subset1000__d16__ivon_parameter_sampling,selected|pass_at_10,completed,v3_4d_delayed_transition_refine_subset025,v3_4d_008_delay_full2000_q0p5_delayed_fixed_depth_full_q0p5_delay2000_noise0p3_norescale,3000,subset_025,subset,1000,1000,1000,,0,128,16,1,ivon_parameter_sampling,0,7000,128,0.0007,600,,1,0.0001,1,0.9,10000000,1,0.99,0.0001,0.3,price,0.3,,0.5,delayed_fixed_depth,full,2000,persistent,false,true,false,0.999,2.3,2.4,/data1/lsj9862/VR/trm_sudoku_ivon_hpsearch_260619/v3_4e_v34d_early_peak_eval_260624/quick_eval_limit1000_k10_d16/v3_4eq_026_v3_4d_008_delay_full2000_q0p5_delayed_fixed_depth_full_q0p5_delay2000_noise0p3_norescale_step3000/output.json
2026-07-14T11:34:41Z,,subset_025__subset1000__d16__ivon_parameter_sampling,selected|pass_at_10,completed,v3_4d_delayed_transition_refine_subset025,v3_4d_010_delay_full2500_q0p5_delayed_fixed_depth_full_q0p5_delay2500_noise0p3_norescale,3000,subset_025,subset,1000,1000,1000,,0,128,16,1,ivon_parameter_sampling,0,7000,128,0.0007,600,,1,0.0001,1,0.9,10000000,1,0.99,0.0001,0.3,price,0.3,,0.5,delayed_fixed_depth,full,2500,persistent,false,true,false,0.999,2,2.7,/data1/lsj9862/VR/trm_sudoku_ivon_hpsearch_260619/v3_4e_v34d_early_peak_eval_260624/quick_eval_limit1000_k10_d16/v3_4eq_032_v3_4d_010_delay_full2500_q0p5_delayed_fixed_depth_full_q0p5_delay2500_noise0p3_norescale_step3000/output.json
2026-07-14T11:34:41Z,,subset_025__subset1000__d16__ivon_parameter_sampling,selected|pass_at_10,completed,v3_4b_act_qhead_isolation_subset025,v3_4b_005_fixed_token_only_fixed_depth_token_only_q0_delay0_noise0p3_norescale,4000,subset_025,subset,1000,1000,1000,,0,128,16,1,ivon_parameter_sampling,0,5000,128,0.0007,600,,1,0.0001,1,0.9,10000000,1,0.99,0.0001,0.3,price,0.3,,0,fixed_depth,token_only,0,persistent,false,true,false,0.999,1.9,4.1,/data1/lsj9862/VR/trm_sudoku_ivon_hpsearch_260619/v3_4c_peak_grid_eval_260624/quick_eval_limit1000_k10_d16/v3_4c_q035_v3_4b_005_fixed_token_only_fixed_depth_token_only_q0_delay0_noise0p3_norescale_step4000/output.json
2026-07-14T11:34:41Z,,subset_025__subset1000__d16__ivon_parameter_sampling,selected,completed,v3_4d_delayed_transition_refine_subset025,v3_4d_011_delay_full3000_q0p5_delayed_fixed_depth_full_q0p5_delay3000_noise0p3_norescale,3000,subset_025,subset,1000,1000,1000,,0,128,16,1,ivon_parameter_sampling,0,7000,128,0.0007,600,,1,0.0001,1,0.9,10000000,1,0.99,0.0001,0.3,price,0.3,,0.5,delayed_fixed_depth,full,3000,persistent,false,true,false,0.999,1.9,2,/data1/lsj9862/VR/trm_sudoku_ivon_hpsearch_260619/v3_4e_v34d_early_peak_eval_260624/quick_eval_limit1000_k10_d16/v3_4eq_035_v3_4d_011_delay_full3000_q0p5_delayed_fixed_depth_full_q0p5_delay3000_noise0p3_norescale_step3000/output.json
2026-07-14T11:34:41Z,,subset_025__subset1000__d16__ivon_parameter_sampling,selected|pass_at_10,completed,v3_4d_delayed_transition_refine_subset025,v3_4d_005_delay_token2500_q0p75_delayed_fixed_depth_delayed_token_only_q0p75_delay2500_noise0p3_norescale,3000,subset_025,subset,1000,1000,1000,,0,128,16,1,ivon_parameter_sampling,0,7000,128,0.0007,600,,1,0.0001,1,0.9,10000000,1,0.99,0.0001,0.3,price,0.3,,0.75,delayed_fixed_depth,delayed_token_only,2500,persistent,false,true,false,0.999,1.7,2.1,/data1/lsj9862/VR/trm_sudoku_ivon_hpsearch_260619/v3_4e_v34d_early_peak_eval_260624/quick_eval_limit1000_k10_d16/v3_4eq_017_v3_4d_005_delay_token2500_q0p75_delayed_fixed_depth_delayed_token_only_q0p75_delay2500_noise0p3_norescale_step3000/output.json
2026-07-14T11:34:41Z,,subset_025__subset1000__d16__ivon_parameter_sampling,selected|pass_at_10,completed,v3_4d_delayed_transition_refine_subset025,v3_4d_002_delay_token2000_q0p5_delayed_fixed_depth_delayed_token_only_q0p5_delay2000_noise0p3_norescale,3000,subset_025,subset,1000,1000,1000,,0,128,16,1,ivon_parameter_sampling,0,7000,128,0.0007,600,,1,0.0001,1,0.9,10000000,1,0.99,0.0001,0.3,price,0.3,,0.5,delayed_fixed_depth,delayed_token_only,2000,persistent,false,true,false,0.999,1.7,1.9,/data1/lsj9862/VR/trm_sudoku_ivon_hpsearch_260619/v3_4e_v34d_early_peak_eval_260624/quick_eval_limit1000_k10_d16/v3_4eq_008_v3_4d_002_delay_token2000_q0p5_delayed_fixed_depth_delayed_token_only_q0p5_delay2000_noise0p3_norescale_step3000/output.json
2026-07-14T11:34:41Z,,subset_025__subset1000__d16__ivon_parameter_sampling,selected|pass_at_10,completed,v3_4d_delayed_transition_refine_subset025,v3_4d_009_delay_full2500_q0p25_delayed_fixed_depth_full_q0p25_delay2500_noise0p3_norescale,3000,subset_025,subset,1000,1000,1000,,0,128,16,1,ivon_parameter_sampling,0,7000,128,0.0007,600,,1,0.0001,1,0.9,10000000,1,0.99,0.0001,0.3,price,0.3,,0.25,delayed_fixed_depth,full,2500,persistent,false,true,false,0.999,1.6,2.1,/data1/lsj9862/VR/trm_sudoku_ivon_hpsearch_260619/v3_4e_v34d_early_peak_eval_260624/quick_eval_limit1000_k10_d16/v3_4eq_029_v3_4d_009_delay_full2500_q0p25_delayed_fixed_depth_full_q0p25_delay2500_noise0p3_norescale_step3000/output.json
2026-07-14T11:34:41Z,,subset_025__subset1000__d16__ivon_parameter_sampling,selected|pass_at_10,completed,v3_4b_act_qhead_isolation_subset025,v3_4b_002_normal_token_only_normal_token_only_q0_delay0_noise0p3_norescale,4000,subset_025,subset,1000,1000,1000,,0,128,16,1,ivon_parameter_sampling,0,5000,128,0.0007,600,,1,0.0001,1,0.9,10000000,1,0.99,0.0001,0.3,price,0.3,,0,normal,token_only,0,persistent,false,true,false,0.999,1.4,2.1,/data1/lsj9862/VR/trm_sudoku_ivon_hpsearch_260619/v3_4c_peak_grid_eval_260624/quick_eval_limit1000_k10_d16/v3_4c_q017_v3_4b_002_normal_token_only_normal_token_only_q0_delay0_noise0p3_norescale_step4000/output.json
2026-07-14T11:34:41Z,,subset_025__subset1000__d16__ivon_parameter_sampling,pass_at_10,completed,v3_4d_delayed_transition_refine_subset025,v3_4d_011_delay_full3000_q0p5_delayed_fixed_depth_full_q0p5_delay3000_noise0p3_norescale,2500,subset_025,subset,1000,1000,1000,,0,128,16,1,ivon_parameter_sampling,0,7000,128,0.0007,600,,1,0.0001,1,0.9,10000000,1,0.99,0.0001,0.3,price,0.3,,0.5,delayed_fixed_depth,full,3000,persistent,false,true,false,0.999,1.4,2.1,/data1/lsj9862/VR/trm_sudoku_ivon_hpsearch_260619/v3_4e_v34d_early_peak_eval_260624/quick_eval_limit1000_k10_d16/v3_4eq_034_v3_4d_011_delay_full3000_q0p5_delayed_fixed_depth_full_q0p5_delay3000_noise0p3_norescale_step2500/output.json
2026-07-14T11:34:41Z,,subset_025__subset1000__d16__ivon_parameter_sampling,selected|pass_at_10,completed,v3_4d_delayed_transition_refine_subset025,v3_4d_001_delay_token1500_q0p5_delayed_fixed_depth_delayed_token_only_q0p5_delay1500_noise0p3_norescale,3000,subset_025,subset,1000,1000,1000,,0,128,16,1,ivon_parameter_sampling,0,7000,128,0.0007,600,,1,0.0001,1,0.9,10000000,1,0.99,0.0001,0.3,price,0.3,,0.5,delayed_fixed_depth,delayed_token_only,1500,persistent,false,true,false,0.999,1.4,2,/data1/lsj9862/VR/trm_sudoku_ivon_hpsearch_260619/v3_4e_v34d_early_peak_eval_260624/quick_eval_limit1000_k10_d16/v3_4eq_005_v3_4d_001_delay_token1500_q0p5_delayed_fixed_depth_delayed_token_only_q0p5_delay1500_noise0p3_norescale_step3000/output.json
2026-07-14T11:34:41Z,,subset_025__subset1000__d16__ivon_parameter_sampling,selected|pass_at_10,completed,v3_4d_delayed_transition_refine_subset025,v3_4d_004_delay_token2500_q0p5_delayed_fixed_depth_delayed_token_only_q0p5_delay2500_noise0p3_norescale,3000,subset_025,subset,1000,1000,1000,,0,128,16,1,ivon_parameter_sampling,0,7000,128,0.0007,600,,1,0.0001,1,0.9,10000000,1,0.99,0.0001,0.3,price,0.3,,0.5,delayed_fixed_depth,delayed_token_only,2500,persistent,false,true,false,0.999,1.4,2,/data1/lsj9862/VR/trm_sudoku_ivon_hpsearch_260619/v3_4e_v34d_early_peak_eval_260624/quick_eval_limit1000_k10_d16/v3_4eq_014_v3_4d_004_delay_token2500_q0p5_delayed_fixed_depth_delayed_token_only_q0p5_delay2500_noise0p3_norescale_step3000/output.json
2026-07-14T11:34:41Z,,subset_025__subset1000__d16__ivon_parameter_sampling,selected|pass_at_10,completed,v3_4b_act_qhead_isolation_subset025,v3_4b_001_normal_full_q0p1_normal_full_q0p1_delay0_noise0p3_norescale,4000,subset_025,subset,1000,1000,1000,,0,128,16,1,ivon_parameter_sampling,0,5000,128,0.0007,600,,1,0.0001,1,0.9,10000000,1,0.99,0.0001,0.3,price,0.3,,0.1,normal,full,0,persistent,false,true,false,0.999,1.4,1.9,/data1/lsj9862/VR/trm_sudoku_ivon_hpsearch_260619/v3_4c_peak_grid_eval_260624/quick_eval_limit1000_k10_d16/v3_4c_q011_v3_4b_001_normal_full_q0p1_normal_full_q0p1_delay0_noise0p3_norescale_step4000/output.json
2026-07-14T11:34:41Z,,subset_025__subset1000__d16__ivon_parameter_sampling,selected|pass_at_10,completed,v3_4d_delayed_transition_refine_subset025,v3_4d_006_delay_token3000_q0p5_delayed_fixed_depth_delayed_token_only_q0p5_delay3000_noise0p3_norescale,3000,subset_025,subset,1000,1000,1000,,0,128,16,1,ivon_parameter_sampling,0,7000,128,0.0007,600,,1,0.0001,1,0.9,10000000,1,0.99,0.0001,0.3,price,0.3,,0.5,delayed_fixed_depth,delayed_token_only,3000,persistent,false,true,false,0.999,1.2,2.1,/data1/lsj9862/VR/trm_sudoku_ivon_hpsearch_260619/v3_4e_v34d_early_peak_eval_260624/quick_eval_limit1000_k10_d16/v3_4eq_020_v3_4d_006_delay_token3000_q0p5_delayed_fixed_depth_delayed_token_only_q0p5_delay3000_noise0p3_norescale_step3000/output.json
2026-07-14T11:34:41Z,,subset_025__subset1000__d16__ivon_parameter_sampling,selected|pass_at_10,completed,v3_4d_delayed_transition_refine_subset025,v3_4d_007_delay_token3500_q0p5_delayed_fixed_depth_delayed_token_only_q0p5_delay3500_noise0p3_norescale,3000,subset_025,subset,1000,1000,1000,,0,128,16,1,ivon_parameter_sampling,0,7000,128,0.0007,600,,1,0.0001,1,0.9,10000000,1,0.99,0.0001,0.3,price,0.3,,0.5,delayed_fixed_depth,delayed_token_only,3500,persistent,false,true,false,0.999,1.2,2.1,/data1/lsj9862/VR/trm_sudoku_ivon_hpsearch_260619/v3_4e_v34d_early_peak_eval_260624/quick_eval_limit1000_k10_d16/v3_4eq_023_v3_4d_007_delay_token3500_q0p5_delayed_fixed_depth_delayed_token_only_q0p5_delay3500_noise0p3_norescale_step3000/output.json
2026-07-14T11:34:41Z,,subset_025__subset1000__d16__ivon_parameter_sampling,pass_at_10,completed,v3_4b_act_qhead_isolation_subset025,v3_4b_001_normal_full_q0p1_normal_full_q0p1_delay0_noise0p3_norescale,3000,subset_025,subset,1000,1000,1000,,0,128,16,1,ivon_parameter_sampling,0,5000,128,0.0007,600,,1,0.0001,1,0.9,10000000,1,0.99,0.0001,0.3,price,0.3,,0.1,normal,full,0,persistent,false,true,false,0.999,0.9,1.9,/data1/lsj9862/VR/trm_sudoku_ivon_hpsearch_260619/v3_4c_peak_grid_eval_260624/quick_eval_limit1000_k10_d16/v3_4c_q010_v3_4b_001_normal_full_q0p1_normal_full_q0p1_delay0_noise0p3_norescale_step3000/output.json
2026-07-14T11:34:41Z,,subset_025__subset1000__d16__ivon_parameter_sampling,selected|pass_at_10,completed,v3_4d_delayed_transition_refine_subset025,v3_4d_003_delay_token2500_q0p25_delayed_fixed_depth_delayed_token_only_q0p25_delay2500_noise0p3_norescale,3000,subset_025,subset,1000,1000,1000,,0,128,16,1,ivon_parameter_sampling,0,7000,128,0.0007,600,,1,0.0001,1,0.9,10000000,1,0.99,0.0001,0.3,price,0.3,,0.25,delayed_fixed_depth,delayed_token_only,2500,persistent,false,true,false,0.999,0.9,1.6,/data1/lsj9862/VR/trm_sudoku_ivon_hpsearch_260619/v3_4e_v34d_early_peak_eval_260624/quick_eval_limit1000_k10_d16/v3_4eq_011_v3_4d_003_delay_token2500_q0p25_delayed_fixed_depth_delayed_token_only_q0p25_delay2500_noise0p3_norescale_step3000/output.json
2026-07-14T11:34:41Z,,subset_025__subset1000__d16__ivon_parameter_sampling,selected,completed,v3_4d_delayed_transition_refine_subset025,v3_4d_000_normal_full_q0p5_long_normal_full_q0p5_delay0_noise0p3_norescale,3000,subset_025,subset,1000,1000,1000,,0,128,16,1,ivon_parameter_sampling,0,7000,128,0.0007,600,,1,0.0001,1,0.9,10000000,1,0.99,0.0001,0.3,price,0.3,,0.5,normal,full,0,persistent,false,true,false,0.999,0.8,1.3,/data1/lsj9862/VR/trm_sudoku_ivon_hpsearch_260619/v3_4e_v34d_early_peak_eval_260624/quick_eval_limit1000_k10_d16/v3_4eq_002_v3_4d_000_normal_full_q0p5_long_normal_full_q0p5_delay0_noise0p3_norescale_step3000/output.json
2026-07-14T11:34:41Z,,subset_025__subset1000__d16__ivon_parameter_sampling,pass_at_10,completed,v3_4d_delayed_transition_refine_subset025,v3_4d_000_normal_full_q0p5_long_normal_full_q0p5_delay0_noise0p3_norescale,2500,subset_025,subset,1000,1000,1000,,0,128,16,1,ivon_parameter_sampling,0,7000,128,0.0007,600,,1,0.0001,1,0.9,10000000,1,0.99,0.0001,0.3,price,0.3,,0.5,normal,full,0,persistent,false,true,false,0.999,0.5,1.5,/data1/lsj9862/VR/trm_sudoku_ivon_hpsearch_260619/v3_4e_v34d_early_peak_eval_260624/quick_eval_limit1000_k10_d16/v3_4eq_001_v3_4d_000_normal_full_q0p5_long_normal_full_q0p5_delay0_noise0p3_norescale_step2500/output.json
2026-07-14T11:34:41Z,,subset_train10p__subset1000__d16__ivon_parameter_sampling,selected|pass_at_10,completed,ivon_goal_proxy_gate_260713,r768_lr08_ess3e7,8000,subset_train10p,subset,1000,1000,1000,,0,,16,1,ivon_parameter_sampling,0,8000,768,0.0008,600,proxy_cosine_0p1,1,0.0001,1,0.9,30000000,1,0.99,0.0001,0.2,price,0.25,clip,0.35,delayed_fixed_depth,full,500,persistent,false,true,true,0.999,75.3,76.7,/data1/lsj9862/VR/ptrm_public_runs/ivon_goal_proxy_refine_260714/evals/r768_lr08_ess3e7/step_8000/eval.json
2026-07-14T11:34:41Z,,subset_train10p__subset1000__d16__ivon_parameter_sampling,selected|pass_at_10,completed,ivon_goal_proxy_gate_260713,r768_lr10_ess3e7,8000,subset_train10p,subset,1000,1000,1000,,0,,16,1,ivon_parameter_sampling,0,8000,768,0.001,600,proxy_cosine_0p1,1,0.0001,1,0.9,30000000,1,0.99,0.0001,0.2,price,0.25,clip,0.35,delayed_fixed_depth,full,500,persistent,false,true,true,0.999,74,75.3,/data1/lsj9862/VR/ptrm_public_runs/ivon_goal_proxy_refine_260714/evals/r768_lr10_ess3e7/step_8000/eval.json
2026-07-14T11:34:41Z,,subset_train10p__subset1000__d16__ivon_parameter_sampling,selected|pass_at_10,completed,ivon_goal_proxy_gate_260713,r768_lr09_ess2e7,8000,subset_train10p,subset,1000,1000,1000,,0,,16,1,ivon_parameter_sampling,0,8000,768,0.0009,600,proxy_cosine_0p1,1,0.0001,1,0.9,20000000,1,0.99,0.0001,0.2,price,0.25,clip,0.35,delayed_fixed_depth,full,500,persistent,false,true,true,0.999,70.7,73.3,/data1/lsj9862/VR/ptrm_public_runs/ivon_goal_proxy_refine_260714/evals/r768_lr09_ess2e7/step_8000/eval.json
2026-07-14T11:34:41Z,,subset_train10p__subset1000__d16__ivon_parameter_sampling,selected|pass_at_10,completed,ivon_goal_proxy_gate_260713,r768_lr12_ess3e7,8000,subset_train10p,subset,1000,1000,1000,,0,,16,1,ivon_parameter_sampling,0,8000,768,0.0012,600,proxy_cosine_0p1,1,0.0001,1,0.9,30000000,1,0.99,0.0001,0.2,price,0.25,clip,0.35,delayed_fixed_depth,full,500,persistent,false,true,true,0.999,61.7,62.7,/data1/lsj9862/VR/ptrm_public_runs/ivon_goal_proxy_refine_260714/evals/r768_lr12_ess3e7/step_8000/eval.json
2026-07-14T11:34:41Z,,subset_train10p__subset1000__d16__ivon_parameter_sampling,selected|pass_at_10,completed,ivon_goal_proxy_gate_260713,p768_muon_lr003,8000,subset_train10p,subset,1000,1000,1000,,0,,16,1,ivon_parameter_sampling,0,8000,768,0.003,600,proxy_cosine_0p1,1,0.0001,1,0.9,30000000,1,0.99,0.0001,0.2,price,0.25,muon_whiten,0.35,delayed_fixed_depth,full,500,persistent,false,true,true,0.999,61.5,71.5,/data1/lsj9862/VR/ptrm_public_runs/ivon_goal_proxy_gate_260713/evals/p768_muon_lr003/step_8000/eval.json
2026-07-14T11:34:41Z,,subset_train10p__subset1000__d16__ivon_parameter_sampling,selected|pass_at_10,completed,ivon_goal_proxy_gate_260713,p768_muon_lr003_h03,8000,subset_train10p,subset,1000,1000,1000,,0,,16,1,ivon_parameter_sampling,0,8000,768,0.003,600,proxy_cosine_0p1,1,0.0001,1,0.9,30000000,0.3,0.99,0.0001,0.2,price,0.25,muon_whiten,0.35,delayed_fixed_depth,full,500,persistent,false,true,true,0.999,52.6,68.4,/data1/lsj9862/VR/ptrm_public_runs/ivon_goal_proxy_gate_260713/evals/p768_muon_lr003_h03/step_8000/eval.json
2026-07-14T11:34:41Z,,subset_train10p__subset1000__d16__ivon_parameter_sampling,selected|pass_at_10,completed,ivon_goal_proxy_gate_260713,p768_clip003_lr003,8000,subset_train10p,subset,1000,1000,1000,,0,,16,1,ivon_parameter_sampling,0,8000,768,0.003,600,proxy_cosine_0p1,1,0.0001,1,0.9,30000000,1,0.99,0.0001,0.03,price,0.25,clip,0.35,delayed_fixed_depth,full,500,persistent,false,true,true,0.999,52.3,52.8,/data1/lsj9862/VR/ptrm_public_runs/ivon_goal_proxy_gate_260713/evals/p768_clip003_lr003/step_8000/eval.json
2026-07-14T11:34:41Z,,subset_train10p__subset1000__d16__ivon_parameter_sampling,selected|pass_at_10,completed,ivon_goal_proxy_gate_260713,p768_const_lr07,8000,subset_train10p,subset,1000,1000,1000,,0,,16,1,ivon_parameter_sampling,0,8000,768,0.0007,600,proxy_constant,1,0.0001,1,0.9,10000000,1,0.99,0.0001,0.2,price,0.25,clip,0.35,delayed_fixed_depth,full,500,persistent,false,true,true,0.999,39.5,42.9,/data1/lsj9862/VR/ptrm_public_runs/ivon_goal_proxy_gate_260713/evals/p768_const_lr07/step_8000/eval.json
2026-07-14T11:34:41Z,,subset_train10p__subset1000__d16__ivon_parameter_sampling,selected|pass_at_10,completed,ivon_goal_proxy_gate_260713,p768_ess1e8_lr09,8000,subset_train10p,subset,1000,1000,1000,,0,,16,1,ivon_parameter_sampling,0,8000,768,0.0009,600,proxy_cosine_0p1,1,0.0001,1,0.9,100000000,1,0.99,0.0001,0.2,price,0.25,clip,0.35,delayed_fixed_depth,full,500,persistent,false,true,true,0.999,35.1,35.2,/data1/lsj9862/VR/ptrm_public_runs/ivon_goal_proxy_gate_260713/evals/p768_ess1e8_lr09/step_8000/eval.json
2026-07-14T11:34:41Z,,subset_train10p__subset1000__d16__ivon_parameter_sampling,selected|pass_at_10,completed,ivon_goal_proxy_gate_260713,p256_lr09_ess3e7,8000,subset_train10p,subset,1000,1000,1000,,0,,16,1,ivon_parameter_sampling,0,8000,256,0.0009,600,proxy_cosine_0p1,1,0.0001,1,0.9,30000000,1,0.99,0.0001,0.2,price,0.25,clip,0.35,delayed_fixed_depth,full,500,persistent,false,true,true,0.999,20.3,20.9,/data1/lsj9862/VR/ptrm_public_runs/ivon_goal_proxy_gate_260713/evals/p256_lr09_ess3e7/step_8000/eval.json
2026-07-14T11:34:41Z,,subset_train10p__subset1000__d16__ivon_parameter_sampling,selected|pass_at_10,completed,ivon_goal_proxy_gate_260713,p128_ess3e7_lr09,8000,subset_train10p,subset,1000,1000,1000,,0,,16,1,ivon_parameter_sampling,0,8000,128,0.0009,600,old_piece_scaled,1,0.0001,1,0.9,30000000,1,0.99,0.0001,0.2,price,0.25,clip,0.35,delayed_fixed_depth,delayed_token_only,500,persistent,false,true,true,0.999,14.8,14.9,/data1/lsj9862/VR/ptrm_public_runs/ivon_goal_proxy_gate_260713/evals/p128_ess3e7_lr09/step_8000/eval.json
2026-07-14T11:34:41Z,,subset_train10p__subset1000__d16__ivon_parameter_sampling,selected|pass_at_10,completed,ivon_goal_proxy_gate_260713,p768_clip001_lr006,4000,subset_train10p,subset,1000,1000,1000,,0,,16,1,ivon_parameter_sampling,0,8000,768,0.006,600,proxy_cosine_0p1,1,0.0001,1,0.9,30000000,1,0.99,0.0001,0.01,price,0.25,clip,0.35,delayed_fixed_depth,full,500,persistent,false,true,true,0.999,10.4,13.2,/data1/lsj9862/VR/ptrm_public_runs/ivon_goal_proxy_gate_260713/evals/p768_clip001_lr006/step_4000/eval.json
2026-07-14T11:34:41Z,,subset_train10p__subset1000__d16__ivon_parameter_sampling,selected|pass_at_10,completed,ivon_goal_proxy_gate_260713,p768_clip001_lr003_n05,8000,subset_train10p,subset,1000,1000,1000,,0,,16,1,ivon_parameter_sampling,0,8000,768,0.003,600,proxy_cosine_0p1,1,0.0001,1,0.9,30000000,1,0.99,0.0001,0.01,price,0.5,clip,0.35,delayed_fixed_depth,full,500,persistent,false,true,true,0.999,6.5,8.7,/data1/lsj9862/VR/ptrm_public_runs/ivon_goal_proxy_gate_260713/evals/p768_clip001_lr003_n05/step_8000/eval.json
2026-07-14T11:34:41Z,,subset_train10p__subset1000__d16__ivon_parameter_sampling,selected|pass_at_10,completed,ivon_goal_proxy_gate_260713,p128_old_muon_lr003,8000,subset_train10p,subset,1000,1000,1000,,0,,16,1,ivon_parameter_sampling,0,8000,128,0.003,600,old_piece_scaled,1,0.0001,1,0.9,30000000,1,0.99,0.0001,0.2,price,0.25,muon_whiten,0.35,delayed_fixed_depth,delayed_token_only,500,persistent,false,true,true,0.999,3.6,4.8,/data1/lsj9862/VR/ptrm_public_runs/ivon_goal_proxy_gate_260713/evals/p128_old_muon_lr003/step_8000/eval.json
2026-07-14T11:34:41Z,,subset_train10p__subset1000__d16__ivon_parameter_sampling,selected|pass_at_10,completed,ivon_goal_proxy_gate_260713,p128_old_delay500,4000,subset_train10p,subset,1000,1000,1000,,0,,16,1,ivon_parameter_sampling,0,8000,128,0.0007,600,old_piece_scaled,1,0.0001,1,0.9,10000000,1,0.99,0.0001,0.2,price,0.25,clip,0.35,delayed_fixed_depth,delayed_token_only,500,persistent,false,true,true,0.999,1.5,3,/data1/lsj9862/VR/ptrm_public_runs/ivon_goal_proxy_gate_260713/evals/p128_old_delay500/step_4000/eval.json
2026-07-14T11:34:41Z,,subset_train10p__subset1000__d16__ivon_parameter_sampling,selected|pass_at_10,completed,ivon_goal_proxy_gate_260713,p256_lr07_clip02,4000,subset_train10p,subset,1000,1000,1000,,0,,16,1,ivon_parameter_sampling,0,8000,256,0.0007,600,proxy_cosine_0p1,1,0.0001,1,0.9,10000000,1,0.99,0.0001,0.2,price,0.25,clip,0.35,delayed_fixed_depth,full,500,persistent,false,true,true,0.999,1.4,2,/data1/lsj9862/VR/ptrm_public_runs/ivon_goal_proxy_gate_260713/evals/p256_lr07_clip02/step_4000/eval.json
2026-07-14T11:34:41Z,,subset_train10p__subset1000__d16__ivon_parameter_sampling,selected|pass_at_10,completed,ivon_goal_proxy_gate_260713,p768_clip003_lr0015,4000,subset_train10p,subset,1000,1000,1000,,0,,16,1,ivon_parameter_sampling,0,8000,768,0.0015,600,proxy_cosine_0p1,1,0.0001,1,0.9,30000000,1,0.99,0.0001,0.03,price,0.25,clip,0.35,delayed_fixed_depth,full,500,persistent,false,true,true,0.999,1.2,2.3,/data1/lsj9862/VR/ptrm_public_runs/ivon_goal_proxy_gate_260713/evals/p768_clip003_lr0015/step_4000/eval.json
2026-07-14T11:34:41Z,,subset_train10p__subset1000__d16__ivon_parameter_sampling,selected|pass_at_10,completed,ivon_goal_proxy_gate_260713,p128_old_scaled,4000,subset_train10p,subset,1000,1000,1000,,0,,16,1,ivon_parameter_sampling,0,8000,128,0.0007,600,old_piece_scaled,1,0.0001,1,0.9,10000000,1,0.99,0.0001,0.2,price,0.25,clip,0.35,delayed_fixed_depth,delayed_token_only,2500,persistent,false,true,true,0.999,1.2,2,/data1/lsj9862/VR/ptrm_public_runs/ivon_goal_proxy_gate_260713/evals/p128_old_scaled/step_4000/eval.json
2026-07-14T11:34:41Z,,subset_train10p__subset1000__d16__ivon_parameter_sampling,selected|pass_at_10,completed,ivon_goal_proxy_gate_260713,p768_lr07_clip02,4000,subset_train10p,subset,1000,1000,1000,,0,,16,1,ivon_parameter_sampling,0,8000,768,0.0007,600,proxy_cosine_0p1,1,0.0001,1,0.9,10000000,1,0.99,0.0001,0.2,price,0.25,clip,0.35,delayed_fixed_depth,full,500,persistent,false,true,true,0.999,0.3,0.4,/data1/lsj9862/VR/ptrm_public_runs/ivon_goal_proxy_gate_260713/evals/p768_lr07_clip02/step_4000/eval.json
2026-07-14T11:34:41Z,,subset_train10p__subset1000__d16__ivon_parameter_sampling,selected|pass_at_10,completed,ivon_goal_proxy_gate_260713,p768_clip001_lr003,4000,subset_train10p,subset,1000,1000,1000,,0,,16,1,ivon_parameter_sampling,0,8000,768,0.003,600,proxy_cosine_0p1,1,0.0001,1,0.9,30000000,1,0.99,0.0001,0.01,price,0.25,clip,0.35,delayed_fixed_depth,full,500,persistent,false,true,true,0.999,0.2,0.3,/data1/lsj9862/VR/ptrm_public_runs/ivon_goal_proxy_gate_260713/evals/p768_clip001_lr003/step_4000/eval.json
2026-07-14T11:34:41Z,,subset_train10p__subset1000__d16__ivon_parameter_sampling,selected|pass_at_10,completed,ivon_goal_proxy_gate_260713,p128_old_clip001_lr003,8000,subset_train10p,subset,1000,1000,1000,,0,,16,1,ivon_parameter_sampling,0,8000,128,0.003,600,old_piece_scaled,1,0.0001,1,0.9,30000000,1,0.99,0.0001,0.01,price,0.25,clip,0.35,delayed_fixed_depth,delayed_token_only,500,persistent,false,true,true,0.999,0.1,0.4,/data1/lsj9862/VR/ptrm_public_runs/ivon_goal_proxy_gate_260713/evals/p128_old_clip001_lr003/step_8000/eval.json
2026-07-14T11:34:41Z,,subset_train10p__subset1000__d16__ivon_parameter_sampling,selected|pass_at_10,completed,ivon_goal_proxy_gate_260713,p256_clip001_lr003,4000,subset_train10p,subset,1000,1000,1000,,0,,16,1,ivon_parameter_sampling,0,8000,256,0.003,600,proxy_cosine_0p1,1,0.0001,1,0.9,30000000,1,0.99,0.0001,0.01,price,0.25,clip,0.35,delayed_fixed_depth,full,500,persistent,false,true,true,0.999,0,0.1,/data1/lsj9862/VR/ptrm_public_runs/ivon_goal_proxy_gate_260713/evals/p256_clip001_lr003/step_4000/eval.json
2026-07-14T11:34:41Z,,subset_train10p__subset1000__d16__ivon_parameter_sampling,selected|pass_at_10,completed,ivon_goal_proxy_gate_260713,p128_clip001_lr003,4000,subset_train10p,subset,1000,1000,1000,,0,,16,1,ivon_parameter_sampling,0,8000,128,0.003,600,proxy_cosine_0p1,1,0.0001,1,0.9,30000000,1,0.99,0.0001,0.01,price,0.25,clip,0.35,delayed_fixed_depth,full,500,persistent,false,true,true,0.999,0,0,/data1/lsj9862/VR/ptrm_public_runs/ivon_goal_proxy_gate_260713/evals/p128_clip001_lr003/step_4000/eval.json
2026-07-14T11:34:41Z,,subset_train10p__subset1000__d16__ivon_parameter_sampling,selected|pass_at_10,completed,ivon_goal_proxy_gate_260713,p128_muon_lr09,4000,subset_train10p,subset,1000,1000,1000,,0,,16,1,ivon_parameter_sampling,0,8000,128,0.0009,600,old_piece_scaled,1,0.0001,1,0.9,30000000,1,0.99,0.0001,0.2,price,0.25,muon_whiten,0.35,delayed_fixed_depth,delayed_token_only,500,persistent,false,true,true,0.999,0,0,/data1/lsj9862/VR/ptrm_public_runs/ivon_goal_proxy_gate_260713/evals/p128_muon_lr09/step_4000/eval.json
2026-07-14T11:34:41Z,,subset_train10p__subset1000__d16__ivon_parameter_sampling,selected|pass_at_10,completed,ivon_goal_proxy_gate_260713,p128_old_clip0001_lr006,4000,subset_train10p,subset,1000,1000,1000,,0,,16,1,ivon_parameter_sampling,0,8000,128,0.006,600,old_piece_scaled,1,0.0001,1,0.9,30000000,1,0.99,0.0001,0.001,price,0.25,clip,0.35,delayed_fixed_depth,delayed_token_only,500,persistent,false,true,true,0.999,0,0,/data1/lsj9862/VR/ptrm_public_runs/ivon_goal_proxy_gate_260713/evals/p128_old_clip0001_lr006/step_4000/eval.json
2026-07-14T11:34:41Z,,subset_train10p__subset1000__d16__ivon_parameter_sampling,selected|pass_at_10,completed,ivon_goal_proxy_gate_260713,p768_clip0001_lr003,4000,subset_train10p,subset,1000,1000,1000,,0,,16,1,ivon_parameter_sampling,0,8000,768,0.003,600,proxy_cosine_0p1,1,0.0001,1,0.9,30000000,1,0.99,0.0001,0.001,price,0.25,clip,0.35,delayed_fixed_depth,full,500,persistent,false,true,true,0.999,0,0,/data1/lsj9862/VR/ptrm_public_runs/ivon_goal_proxy_gate_260713/evals/p768_clip0001_lr003/step_4000/eval.json
2026-07-14T11:34:41Z,,subset_train10p__subset1000__d16__ivon_parameter_sampling,selected|pass_at_10,completed,ivon_goal_proxy_gate_260713,p768_clip0001_lr003_h03,4000,subset_train10p,subset,1000,1000,1000,,0,,16,1,ivon_parameter_sampling,0,8000,768,0.003,600,proxy_cosine_0p1,1,0.0001,1,0.9,30000000,0.3,0.99,0.0001,0.001,price,0.25,clip,0.35,delayed_fixed_depth,full,500,persistent,false,true,true,0.999,0,0,/data1/lsj9862/VR/ptrm_public_runs/ivon_goal_proxy_gate_260713/evals/p768_clip0001_lr003_h03/step_4000/eval.json
2026-07-14T11:34:41Z,,subset_train10p__subset1000__d16__ivon_parameter_sampling,selected|pass_at_10,completed,ivon_goal_proxy_gate_260713,p768_clip0001_lr01,4000,subset_train10p,subset,1000,1000,1000,,0,,16,1,ivon_parameter_sampling,0,8000,768,0.01,600,proxy_cosine_0p1,1,0.0001,1,0.9,30000000,1,0.99,0.0001,0.001,price,0.25,clip,0.35,delayed_fixed_depth,full,500,persistent,false,true,true,0.999,0,0,/data1/lsj9862/VR/ptrm_public_runs/ivon_goal_proxy_gate_260713/evals/p768_clip0001_lr01/step_4000/eval.json
2026-07-14T11:34:41Z,,subset_train10p__subset1000__d16__ivon_parameter_sampling,selected|pass_at_10,completed,ivon_goal_proxy_gate_260713,p768_clip0001_lr01_h03,8000,subset_train10p,subset,1000,1000,1000,,0,,16,1,ivon_parameter_sampling,0,8000,768,0.01,600,proxy_cosine_0p1,1,0.0001,1,0.9,30000000,0.3,0.99,0.0001,0.001,price,0.25,clip,0.35,delayed_fixed_depth,full,500,persistent,false,true,true,0.999,0,0,/data1/lsj9862/VR/ptrm_public_runs/ivon_goal_proxy_gate_260713/evals/p768_clip0001_lr01_h03/step_8000/eval.json
2026-07-14T11:34:41Z,,subset_train10p__subset1000__d16__ivon_parameter_sampling,selected|pass_at_10,completed,ivon_goal_proxy_gate_260713,p768_clip001_lr0015,4000,subset_train10p,subset,1000,1000,1000,,0,,16,1,ivon_parameter_sampling,0,8000,768,0.0015,600,proxy_cosine_0p1,1,0.0001,1,0.9,30000000,1,0.99,0.0001,0.01,price,0.25,clip,0.35,delayed_fixed_depth,full,500,persistent,false,true,true,0.999,0,0,/data1/lsj9862/VR/ptrm_public_runs/ivon_goal_proxy_gate_260713/evals/p768_clip001_lr0015/step_4000/eval.json
2026-07-14T11:34:41Z,,subset_train10p__subset1000__d16__ivon_parameter_sampling,selected|pass_at_10,completed,ivon_goal_proxy_gate_260713,p768_clip001_lr003_n01,4000,subset_train10p,subset,1000,1000,1000,,0,,16,1,ivon_parameter_sampling,0,8000,768,0.003,600,proxy_cosine_0p1,1,0.0001,1,0.9,30000000,1,0.99,0.0001,0.01,price,0.1,clip,0.35,delayed_fixed_depth,full,500,persistent,false,true,true,0.999,0,0,/data1/lsj9862/VR/ptrm_public_runs/ivon_goal_proxy_gate_260713/evals/p768_clip001_lr003_n01/step_4000/eval.json
2026-07-14T11:34:41Z,,subset_train10p__subset1000__d16__ivon_parameter_sampling,selected|pass_at_10,completed,ivon_goal_proxy_gate_260713,p768_ess1e6_lr09,4000,subset_train10p,subset,1000,1000,1000,,0,,16,1,ivon_parameter_sampling,0,8000,768,0.0009,600,proxy_cosine_0p1,1,0.0001,1,0.9,1000000,1,0.99,0.0001,0.2,price,0.25,clip,0.35,delayed_fixed_depth,full,500,persistent,false,true,true,0.999,0,0,/data1/lsj9862/VR/ptrm_public_runs/ivon_goal_proxy_gate_260713/evals/p768_ess1e6_lr09/step_4000/eval.json
2026-07-14T11:34:41Z,,subset_train10p__subset1000__d16__ivon_parameter_sampling,selected|pass_at_10,completed,ivon_goal_proxy_gate_260713,p768_lr09_ess3e7_gradsq,4000,subset_train10p,subset,1000,1000,1000,,0,,16,1,ivon_parameter_sampling,0,8000,768,0.0009,600,proxy_cosine_0p1,1,0.0001,1,0.9,30000000,1,0.99,0.0001,0.2,gradsq,0.25,clip,0.35,delayed_fixed_depth,full,500,persistent,false,true,true,0.999,0,0,/data1/lsj9862/VR/ptrm_public_runs/ivon_goal_proxy_gate_260713/evals/p768_lr09_ess3e7_gradsq/step_4000/eval.json
2026-07-14T11:34:41Z,,subset_train10p__subset1000__d16__ivon_parameter_sampling,selected|pass_at_10,completed,ivon_goal_proxy_gate_260713,p768_lr09_ess3e7_n025_beta999,4000,subset_train10p,subset,1000,1000,1000,,0,,16,1,ivon_parameter_sampling,0,8000,768,0.0009,600,proxy_cosine_0p1,1,0.0001,1,0.9,30000000,1,0.999,0.0001,0.2,price,0.25,clip,0.35,delayed_fixed_depth,full,500,persistent,false,true,true,0.999,0,0,/data1/lsj9862/VR/ptrm_public_runs/ivon_goal_proxy_gate_260713/evals/p768_lr09_ess3e7_n025_beta999/step_4000/eval.json
2026-07-14T11:34:41Z,,subset_train10p__subset1000__d16__ivon_parameter_sampling,selected|pass_at_10,completed,ivon_goal_proxy_gate_260713,p768_muon_lr09,4000,subset_train10p,subset,1000,1000,1000,,0,,16,1,ivon_parameter_sampling,0,8000,768,0.0009,600,proxy_cosine_0p1,1,0.0001,1,0.9,30000000,1,0.99,0.0001,0.2,price,0.25,muon_whiten,0.35,delayed_fixed_depth,full,500,persistent,false,true,true,0.999,0,0,/data1/lsj9862/VR/ptrm_public_runs/ivon_goal_proxy_gate_260713/evals/p768_muon_lr09/step_4000/eval.json
2026-07-14T11:34:41Z,,,,running,ivon_goal_proxy_promoted_full_260713,p768_clip003_lr003,16500,full_train,,,,,,,,16,1,ivon_parameter_sampling,0,50000,768,0.003,600,full_cosine_0p1,1,0.0001,1,0.9,30000000,1,0.99,0.0001,0.03,price,0.25,clip,0.35,delayed_fixed_depth,full,500,persistent,false,true,true,0.999,,,/data1/lsj9862/VR/ptrm_public_runs/ivon_goal_proxy_promoted_full_260713/train_runs/p768_clip003_lr003/progress.json
2026-07-14T11:34:41Z,,,,running,ivon_goal_proxy_promoted_full_260713,p768_lr09_ess3e7_n025,16500,full_train,,,,,,,,16,1,ivon_parameter_sampling,0,50000,768,0.0009,600,full_cosine_0p1,1,0.0001,1,0.9,30000000,1,0.99,0.0001,0.2,price,0.25,clip,0.35,delayed_fixed_depth,full,500,persistent,false,true,true,0.999,,,/data1/lsj9862/VR/ptrm_public_runs/ivon_goal_proxy_promoted_full_260713/train_runs/p768_lr09_ess3e7_n025/progress.json
2026-07-14T11:34:41Z,,,,running,ivon_goal_proxy_promoted_full_260713,p768_muon_lr003,16500,full_train,,,,,,,,16,1,ivon_parameter_sampling,0,50000,768,0.003,600,full_cosine_0p1,1,0.0001,1,0.9,30000000,1,0.99,0.0001,0.2,price,0.25,muon_whiten,0.35,delayed_fixed_depth,full,500,persistent,false,true,true,0.999,,,/data1/lsj9862/VR/ptrm_public_runs/ivon_goal_proxy_promoted_full_260713/train_runs/p768_muon_lr003/progress.json
2026-07-14T11:34:41Z,,,,running,ivon_goal_proxy_promoted_full_260713,p768_muon_lr003_h03,16500,full_train,,,,,,,,16,1,ivon_parameter_sampling,0,50000,768,0.003,600,full_cosine_0p1,1,0.0001,1,0.9,30000000,0.3,0.99,0.0001,0.2,price,0.25,muon_whiten,0.35,delayed_fixed_depth,full,500,persistent,false,true,true,0.999,,,/data1/lsj9862/VR/ptrm_public_runs/ivon_goal_proxy_promoted_full_260713/train_runs/p768_muon_lr003_h03/progress.json
2026-07-14T11:34:41Z,,,,running,ivon_goal_proxy_refine_260714,r768_lr09_beta1095,7500,subset_train10p,,,,,,,,16,1,ivon_parameter_sampling,0,8000,768,0.0009,600,proxy_cosine_0p1,1,0.0001,1,0.95,30000000,1,0.99,0.0001,0.2,price,0.25,clip,0.35,delayed_fixed_depth,full,500,persistent,false,true,true,0.999,,,/data1/lsj9862/VR/ptrm_public_runs/ivon_goal_proxy_refine_260714/train_runs/r768_lr09_beta1095/progress.json
2026-07-14T11:34:41Z,,,,running,ivon_goal_proxy_refine_260714,r768_lr09_clip03,7500,subset_train10p,,,,,,,,16,1,ivon_parameter_sampling,0,8000,768,0.0009,600,proxy_cosine_0p1,1,0.0001,1,0.9,30000000,1,0.99,0.0001,0.3,price,0.25,clip,0.35,delayed_fixed_depth,full,500,persistent,false,true,true,0.999,,,/data1/lsj9862/VR/ptrm_public_runs/ivon_goal_proxy_refine_260714/train_runs/r768_lr09_clip03/progress.json
